CREATE DATABASE  IF NOT EXISTS `ietagrubd` /*!40100 DEFAULT CHARACTER SET utf8mb4 COLLATE utf8mb4_unicode_ci */;
USE `ietagrubd`;
-- MySQL dump 10.13  Distrib 8.0.13, for Win64 (x86_64)
--
-- Host: localhost    Database: ietagrubd
-- ------------------------------------------------------
-- Server version	8.0.13

/*!40101 SET @OLD_CHARACTER_SET_CLIENT=@@CHARACTER_SET_CLIENT */;
/*!40101 SET @OLD_CHARACTER_SET_RESULTS=@@CHARACTER_SET_RESULTS */;
/*!40101 SET @OLD_COLLATION_CONNECTION=@@COLLATION_CONNECTION */;
 SET NAMES utf8 ;
/*!40103 SET @OLD_TIME_ZONE=@@TIME_ZONE */;
/*!40103 SET TIME_ZONE='+00:00' */;
/*!40014 SET @OLD_UNIQUE_CHECKS=@@UNIQUE_CHECKS, UNIQUE_CHECKS=0 */;
/*!40014 SET @OLD_FOREIGN_KEY_CHECKS=@@FOREIGN_KEY_CHECKS, FOREIGN_KEY_CHECKS=0 */;
/*!40101 SET @OLD_SQL_MODE=@@SQL_MODE, SQL_MODE='NO_AUTO_VALUE_ON_ZERO' */;
/*!40111 SET @OLD_SQL_NOTES=@@SQL_NOTES, SQL_NOTES=0 */;

--
-- Table structure for table `area`
--

DROP TABLE IF EXISTS `area`;
/*!40101 SET @saved_cs_client     = @@character_set_client */;
 SET character_set_client = utf8mb4 ;
CREATE TABLE `area` (
  `idarea` int(11) NOT NULL,
  `area` varchar(100) DEFAULT NULL,
  PRIMARY KEY (`idarea`)
) ENGINE=InnoDB DEFAULT CHARSET=utf8;
/*!40101 SET character_set_client = @saved_cs_client */;

--
-- Dumping data for table `area`
--

LOCK TABLES `area` WRITE;
/*!40000 ALTER TABLE `area` DISABLE KEYS */;
INSERT INTO `area` VALUES (1,'MATEMATICAS'),(3,'CIENCIAS SOCIALES'),(4,'HUMANIDADES  '),(5,'RELIGIÓN'),(6,'ETICA'),(7,'EDUCACIÓN ARTÍSTICA  '),(8,'ED. FÍSICA Y DEPORTES '),(9,'TECNOLOGÍA'),(10,'FILOSOFIA'),(17,'TECNICA'),(18,'CIENCIAS NATURALES'),(19,'COMPORTAMIENTO');
/*!40000 ALTER TABLE `area` ENABLE KEYS */;
UNLOCK TABLES;

--
-- Table structure for table `areaprescolar`
--

DROP TABLE IF EXISTS `areaprescolar`;
/*!40101 SET @saved_cs_client     = @@character_set_client */;
 SET character_set_client = utf8mb4 ;
CREATE TABLE `areaprescolar` (
  `idareaprescolar` int(11) NOT NULL AUTO_INCREMENT,
  `nombre` varchar(105) DEFAULT NULL,
  PRIMARY KEY (`idareaprescolar`)
) ENGINE=InnoDB AUTO_INCREMENT=8 DEFAULT CHARSET=utf8;
/*!40101 SET character_set_client = @saved_cs_client */;

--
-- Dumping data for table `areaprescolar`
--

LOCK TABLES `areaprescolar` WRITE;
/*!40000 ALTER TABLE `areaprescolar` DISABLE KEYS */;
INSERT INTO `areaprescolar` VALUES (1,'DIMENSIÓN COGNITIVA '),(2,'DIMENSIÓN COMUNICATIVA'),(3,'DIMENSIÓN SOCIO AFECTIVA'),(4,'DIMENSIÓN CORPORAL'),(5,'DIMENSIÓN ESTÉTICA '),(6,'DIMENSIÓN ÉTICA Y VALORES '),(7,'COMPROMISO');
/*!40000 ALTER TABLE `areaprescolar` ENABLE KEYS */;
UNLOCK TABLES;

--
-- Table structure for table `asignaturas`
--

DROP TABLE IF EXISTS `asignaturas`;
/*!40101 SET @saved_cs_client     = @@character_set_client */;
 SET character_set_client = utf8mb4 ;
CREATE TABLE `asignaturas` (
  `idasignaturas` int(11) NOT NULL AUTO_INCREMENT,
  `asignatura` varchar(4155) DEFAULT NULL,
  `area` int(11) DEFAULT NULL,
  PRIMARY KEY (`idasignaturas`),
  KEY `idarea_asignaruras_idx` (`area`),
  CONSTRAINT `idarea_asignaruras` FOREIGN KEY (`area`) REFERENCES `area` (`idarea`)
) ENGINE=InnoDB AUTO_INCREMENT=49 DEFAULT CHARSET=utf8;
/*!40101 SET character_set_client = @saved_cs_client */;

--
-- Dumping data for table `asignaturas`
--

LOCK TABLES `asignaturas` WRITE;
/*!40000 ALTER TABLE `asignaturas` DISABLE KEYS */;
INSERT INTO `asignaturas` VALUES (19,'Trigonometría',1),(20,'Matemáticas',1),(21,'Ciencias Sociales',3),(22,'Cátedra para la Paz',3),(23,'Ciencias Económicas ',3),(24,'Ciencias Políticas',3),(25,'Democracia',3),(26,'Inglés',4),(27,'Español',4),(28,'Educación Paz',3),(29,'Educación Religiosa',5),(30,'Ética Y Valores',6),(31,'Educación Artística',7),(32,'Educación Física Y Deportes',8),(33,'Informática',9),(34,'Pecuaria',17),(35,'Agrícola',17),(36,'Taller',17),(37,'Emprendimiento',17),(38,'Filosofía',10),(39,'Organización Juvenil',17),(40,'Administracion Rural',17),(41,'Algebra',1),(42,'Cálculo',1),(43,'Naturales',18),(44,'Física',18),(45,'Quimica',18),(46,'Geografia',3),(47,'Historia',3),(48,'COMPORTAMIENTO',19);
/*!40000 ALTER TABLE `asignaturas` ENABLE KEYS */;
UNLOCK TABLES;

--
-- Table structure for table `cargo`
--

DROP TABLE IF EXISTS `cargo`;
/*!40101 SET @saved_cs_client     = @@character_set_client */;
 SET character_set_client = utf8mb4 ;
CREATE TABLE `cargo` (
  `idcargo` int(11) NOT NULL AUTO_INCREMENT,
  `cargo` varchar(100) DEFAULT NULL,
  PRIMARY KEY (`idcargo`)
) ENGINE=InnoDB AUTO_INCREMENT=4 DEFAULT CHARSET=utf8;
/*!40101 SET character_set_client = @saved_cs_client */;

--
-- Dumping data for table `cargo`
--

LOCK TABLES `cargo` WRITE;
/*!40000 ALTER TABLE `cargo` DISABLE KEYS */;
INSERT INTO `cargo` VALUES (1,'Administrador'),(2,'Coordinador'),(3,'Docente');
/*!40000 ALTER TABLE `cargo` ENABLE KEYS */;
UNLOCK TABLES;

--
-- Table structure for table `docentes`
--

DROP TABLE IF EXISTS `docentes`;
/*!40101 SET @saved_cs_client     = @@character_set_client */;
 SET character_set_client = utf8mb4 ;
CREATE TABLE `docentes` (
  `iddocente` int(11) NOT NULL,
  `nombres` varchar(45) DEFAULT NULL,
  `apellidos` varchar(45) DEFAULT NULL,
  `tipoVinculacion` int(11) DEFAULT NULL,
  `telefono` varchar(45) DEFAULT NULL,
  `email` varchar(45) DEFAULT NULL,
  `perfil` varchar(45) DEFAULT NULL,
  `sede` varchar(45) DEFAULT NULL,
  `escalafon` varchar(45) DEFAULT NULL,
  PRIMARY KEY (`iddocente`),
  KEY `tipoVinculacion_idx` (`tipoVinculacion`),
  CONSTRAINT `tipoVinculacion` FOREIGN KEY (`tipoVinculacion`) REFERENCES `tipovinculacion` (`idtipovinculacion`)
) ENGINE=InnoDB DEFAULT CHARSET=utf8;
/*!40101 SET character_set_client = @saved_cs_client */;

--
-- Dumping data for table `docentes`
--

LOCK TABLES `docentes` WRITE;
/*!40000 ALTER TABLE `docentes` DISABLE KEYS */;
INSERT INTO `docentes` VALUES (5159627,'JOSE ANTONIO','PINTO CHINCHIA',1,'3205603052','japi544@hotmail.com','Licenciado en EspaÐol','Principal','14'),(5160113,'CARLOS RAFAEL','ARGOTE FRAGOZO',2,'3206423044','ietagru@gmail.com','Licenciatura básica','PRINCIPAL','14'),(5819604,'ROBERTO','ROMERO ARREGOCES',2,'3013660569','robertocarloromero@hotmail.com','Med. Veterinario','PRINCIPAL','2A'),(12560338,'MANUEL FRANCISCO','GARCIA ORTIZ',2,'3127370906','magaor1224@gmail.com','Licenciado en Lenguas Modernas','PRINCIPAL','14'),(13349828,'WILSON HIPOLITO','GOMEZ SOLANO',2,'3114381712','wilsongomez52@gmail.com','Licenciado en Ciencias Naturales','PRINCIPAL','13'),(17954526,'AIMER HERNANDO','BALLESTEROS MEJIA',2,'3117183057','aimerballesteros@hotmail.com','Esp. Recreacion y Deporte','PRINCIPAL','14'),(17975082,'EDISON ANTONIO','VIZCAINO VALERA',2,'3232381567','edisonvizval75@hotmail.com','Licenciado en Educación Básica','PRINCIPAL','10'),(26861601,'BENIGNA DE LA CRUZ','FERNANDEZ ROSADO',1,'3104193257','ietagru@gmail.com','Licenciada en Matematicas','PRINCIPAL','14'),(26993952,'ELENA DEL SOCORRO','GAMEZ ARINO',1,'3145610264','ietagru@gmail.com','Licenciada en Matematicas','PRINCIPAL','14'),(26995289,'YARILZA BEATRIZ','GAMEZ MOLINA',2,'3104419442','yarilzagamez@hotmail.com','Licenciada en Ciencias Naturales','PRINCIPAL','2A'),(26995733,'LUZ MYRIAN','VANEGAS BUSTOS',2,'3135097658','ietagru@gmail.com','Licenciada en Educacion Infantil','PRINCIPAL','2A'),(26996297,'MIRTA','SARMIENTO ROJAS',2,'3164497850','mirthasami@hotmail.com','Trabajadora Social','PRINCIPAL','2A'),(26996463,'LORENA CAROLINA','GARCIA CAMARGO',2,'3225683240','lorenacarolina18@hotmail.com','Licenciada en Espanol','PRINCIPAL','2A'),(27002001,'MARIA DOLORES','ORTEGA SUAREZ',2,'3205506468','mariadoloresortegas@gmail.com','Licenciada en Educación Infantil','PRINCIPAL','14'),(27005405,'MARELVIS BEATRIZ','BULA VASQUEZ',2,'3114278813','ietagru@gmail.com','Licenciada en Educacion Infantil','PRINCIPAL','2A'),(56053751,'MARTA OTILIA','GUERRA PITRE',3,'3146479177','martaguerrapitre@gmail.com','Esp. Arte y Recreacion','PRINCIPAL','14'),(56054248,'CIELO MAR','ONATE AMAYA',2,'3108342733','cielomar007@yahoo.es','Licenciada en Educación Infantil y Preescolar','PRINCIPAL','14'),(56057871,'MAIRA ALEJANDRA','BALLESTEROS GARCIA',2,'3133724503','ietagru@gmail.com','Normalista','PRINCIPAL','2A'),(56059388,'YOMAIRA','CUJIA RUEDA',2,'3135449544','ietagru@gmail.com','Licenciada en Espanol','PRINCIPAL','2A'),(56090687,'MARUMA','MARTINEZ VANGRIEKEN',1,'3122175081','ietagru@gmail.com','Licenciatura en Educacion Basica','PRINCIPAL','2A'),(57403196,'MARIA CECILIA','MOJICA CELEDON',2,'3012696189','','Licenciada en Educación Preescolar','PRINCIPAL','11'),(77019809,'JAVIER','CONTRERAS AMAYA',1,'3042054263','jacontam11@yahoo.com','Lic Mat y Fisica','PRINCIPAL','14'),(1065599775,'SINDY MARCELA','MEJIA ARAMENDIZ',2,'3008948837','ietagru@gmail.com','Licenciada en Ciencias Naturales\r','LAS COLONIAS','2A'),(1082887431,'SINDY JOHANA','TORRES TORREGROZA',2,'3008914248','sindykar31@hotmail.com','Licenciada en Educación Básica','PRINCIPAL','2A'),(1104404052,'KATHERINE','DIAZ CAMAñO',2,'3008292396','khattherine@gmail.com','Ingeniero de sistemas','LAS COLONIAS','4B');
/*!40000 ALTER TABLE `docentes` ENABLE KEYS */;
UNLOCK TABLES;

--
-- Table structure for table `docentes_asignaturas`
--

DROP TABLE IF EXISTS `docentes_asignaturas`;
/*!40101 SET @saved_cs_client     = @@character_set_client */;
 SET character_set_client = utf8mb4 ;
CREATE TABLE `docentes_asignaturas` (
  `iddocentes_asignaturas` int(11) NOT NULL AUTO_INCREMENT,
  `asignatura` int(11) DEFAULT NULL,
  `docente` int(11) NOT NULL,
  PRIMARY KEY (`iddocentes_asignaturas`),
  KEY `asignatura_a_idx` (`asignatura`),
  KEY `docente_id_idx` (`docente`),
  CONSTRAINT `asignatura_a` FOREIGN KEY (`asignatura`) REFERENCES `asignaturas` (`idasignaturas`),
  CONSTRAINT `docente_id` FOREIGN KEY (`docente`) REFERENCES `docentes` (`iddocente`)
) ENGINE=InnoDB AUTO_INCREMENT=170 DEFAULT CHARSET=utf8;
/*!40101 SET character_set_client = @saved_cs_client */;

--
-- Dumping data for table `docentes_asignaturas`
--

LOCK TABLES `docentes_asignaturas` WRITE;
/*!40000 ALTER TABLE `docentes_asignaturas` DISABLE KEYS */;
INSERT INTO `docentes_asignaturas` VALUES (4,27,5159627),(5,20,77019809),(6,42,77019809),(8,44,77019809),(9,41,77019809),(10,32,17954526),(11,25,17954526),(12,30,17954526),(13,36,5160113),(14,29,5160113),(15,35,5160113),(16,45,13349828),(17,43,13349828),(18,26,12560338),(19,33,12560338),(20,21,26996297),(21,23,26996297),(22,24,26996297),(23,38,26996297),(24,35,5819604),(25,34,5819604),(26,31,56053751),(27,39,56053751),(28,37,56053751),(29,40,56053751),(30,28,56053751),(32,20,26995289),(33,27,26995289),(34,43,26995289),(35,46,26996297),(36,47,26996297),(37,20,26861601),(38,33,26861601),(39,31,26861601),(40,48,26861601),(41,27,26996463),(42,43,26996463),(43,31,26996463),(44,48,26996463),(45,26,56059388),(46,32,56059388),(47,33,56059388),(48,27,56059388),(49,48,56059388),(50,43,26993952),(51,47,26993952),(52,46,26993952),(53,28,26993952),(54,31,26993952),(55,30,26993952),(56,32,26993952),(57,29,26993952),(58,27,26993952),(59,26,26993952),(60,20,26993952),(61,48,26993952),(62,33,26993952),(63,22,56053751),(64,43,1082887431),(65,47,1082887431),(66,46,1082887431),(67,28,1082887431),(68,31,1082887431),(69,29,1082887431),(70,27,1082887431),(71,26,1082887431),(72,20,1082887431),(73,33,1082887431),(74,48,1082887431),(75,30,1082887431),(76,32,1082887431),(77,43,57403196),(78,28,57403196),(79,46,57403196),(80,47,57403196),(81,32,57403196),(82,31,57403196),(83,30,57403196),(84,27,57403196),(85,26,57403196),(86,20,57403196),(87,29,57403196),(88,33,57403196),(89,48,57403196),(90,43,17975082),(91,47,17975082),(92,46,17975082),(93,28,17975082),(94,31,17975082),(95,30,17975082),(96,32,17975082),(97,29,17975082),(98,27,17975082),(99,26,17975082),(100,20,17975082),(101,33,17975082),(102,48,17975082),(103,43,56057871),(104,47,56057871),(105,46,56057871),(106,28,56057871),(107,31,56057871),(108,30,56057871),(109,32,56057871),(110,29,56057871),(111,27,56057871),(112,26,56057871),(113,20,56057871),(114,33,56057871),(115,48,56057871),(116,47,27005405),(117,46,27005405),(118,28,27005405),(119,31,27005405),(120,30,27005405),(121,32,27005405),(122,29,27005405),(123,27,27005405),(124,26,27005405),(125,20,27005405),(126,33,27005405),(127,48,27005405),(128,43,27005405),(129,47,26996463),(130,46,26996463),(131,28,26996463),(132,30,26996463),(133,32,26996463),(134,29,26996463),(135,26,26996463),(136,20,26996463),(137,33,26996463),(138,43,27002001),(139,47,27002001),(140,46,27002001),(141,28,27002001),(142,31,27002001),(143,30,27002001),(144,32,27002001),(145,29,27002001),(146,27,27002001),(147,26,27002001),(148,20,27002001),(149,33,27002001),(150,48,27002001),(151,43,56059388),(152,47,56059388),(153,46,56059388),(154,28,56059388),(155,31,56059388),(156,30,56059388),(157,29,56059388),(158,20,56059388),(159,43,26861601),(160,47,26861601),(161,46,26861601),(162,28,26861601),(163,30,26861601),(164,32,26861601),(165,29,26861601),(166,27,26861601),(167,26,26861601);
/*!40000 ALTER TABLE `docentes_asignaturas` ENABLE KEYS */;
UNLOCK TABLES;

--
-- Table structure for table `docentes_grupos`
--

DROP TABLE IF EXISTS `docentes_grupos`;
/*!40101 SET @saved_cs_client     = @@character_set_client */;
 SET character_set_client = utf8mb4 ;
CREATE TABLE `docentes_grupos` (
  `iddocentes_grupos` int(11) NOT NULL AUTO_INCREMENT,
  `grupo` int(11) DEFAULT NULL,
  `docente` int(11) NOT NULL,
  PRIMARY KEY (`iddocentes_grupos`),
  KEY `grupo_idx` (`grupo`),
  KEY `docente_idx` (`docente`),
  CONSTRAINT `docente` FOREIGN KEY (`docente`) REFERENCES `docentes` (`iddocente`),
  CONSTRAINT `grupo` FOREIGN KEY (`grupo`) REFERENCES `grupos` (`idgrupos`)
) ENGINE=InnoDB AUTO_INCREMENT=127 DEFAULT CHARSET=utf8;
/*!40101 SET character_set_client = @saved_cs_client */;

--
-- Dumping data for table `docentes_grupos`
--

LOCK TABLES `docentes_grupos` WRITE;
/*!40000 ALTER TABLE `docentes_grupos` DISABLE KEYS */;
INSERT INTO `docentes_grupos` VALUES (20,2,56054248),(24,5,26993952),(25,7,27005405),(26,8,26996463),(27,9,27002001),(28,10,56059388),(29,11,26861601),(30,3,1065599775),(31,4,1065599775),(32,6,1065599775),(33,8,1065599775),(34,10,1065599775),(35,14,77019809),(36,15,77019809),(37,16,77019809),(38,17,77019809),(39,18,77019809),(40,19,77019809),(41,12,17954526),(42,13,17954526),(43,14,17954526),(44,15,17954526),(45,16,17954526),(46,17,17954526),(47,19,17954526),(48,18,17954526),(49,6,1082887431),(50,14,13349828),(51,15,13349828),(52,16,13349828),(53,17,13349828),(54,18,13349828),(55,19,13349828),(56,14,5159627),(57,15,5159627),(58,16,5159627),(59,17,5159627),(60,18,5159627),(61,19,5159627),(62,12,12560338),(63,13,12560338),(64,14,12560338),(65,15,12560338),(66,16,12560338),(67,17,12560338),(68,18,12560338),(69,19,12560338),(70,12,26996297),(71,13,26996297),(72,14,26996297),(73,15,26996297),(74,16,26996297),(75,17,26996297),(76,18,26996297),(77,19,26996297),(78,12,5819604),(79,13,5819604),(80,14,5819604),(81,15,5819604),(82,16,5819604),(83,17,5819604),(84,18,5819604),(85,19,5819604),(86,12,56053751),(87,13,56053751),(88,14,56053751),(89,15,56053751),(90,16,56053751),(92,17,56053751),(93,18,56053751),(94,19,56053751),(95,12,26995289),(96,13,26995289),(97,16,26995289),(98,17,26995289),(99,12,5160113),(100,13,5160113),(101,14,5160113),(102,15,5160113),(103,16,5160113),(104,17,5160113),(105,18,5160113),(106,19,5160113),(107,4,17975082),(109,3,56057871),(113,1,26995733),(125,20,57403196),(126,11,27002001);
/*!40000 ALTER TABLE `docentes_grupos` ENABLE KEYS */;
UNLOCK TABLES;

--
-- Table structure for table `estudiantes`
--

DROP TABLE IF EXISTS `estudiantes`;
/*!40101 SET @saved_cs_client     = @@character_set_client */;
 SET character_set_client = utf8mb4 ;
CREATE TABLE `estudiantes` (
  `identificacion` varchar(50) NOT NULL,
  `nombre1` varchar(45) CHARACTER SET utf8 COLLATE utf8_general_ci DEFAULT NULL,
  `nombre2` varchar(45) CHARACTER SET utf8 COLLATE utf8_general_ci DEFAULT NULL,
  `apellido1` varchar(45) CHARACTER SET utf8 COLLATE utf8_general_ci DEFAULT NULL,
  `apellido2` varchar(45) CHARACTER SET utf8 COLLATE utf8_general_ci DEFAULT NULL,
  `fechadenacimiento` varchar(45) CHARACTER SET utf8 COLLATE utf8_general_ci DEFAULT NULL,
  `sexo` varchar(15) CHARACTER SET utf8 COLLATE utf8_general_ci DEFAULT NULL,
  PRIMARY KEY (`identificacion`)
) ENGINE=InnoDB DEFAULT CHARSET=utf8mb4 COLLATE=utf8mb4_unicode_ci;
/*!40101 SET character_set_client = @saved_cs_client */;

--
-- Dumping data for table `estudiantes`
--

LOCK TABLES `estudiantes` WRITE;
/*!40000 ALTER TABLE `estudiantes` DISABLE KEYS */;
INSERT INTO `estudiantes` VALUES ('0000141432','ALEXANDER','','URDANETA','BARRIOS','2010-08-05','MASCULINO'),('000099764','ANDRÉS','JOSÉ','RODRIGUEZ','FLOREZ','2008-08-05','MASCULINO'),('04174600000','YERIS','DARIANA','ZUÑIGA','FLOREZ','2007-06-27','FEMENINO'),('04184600000','LORAINNIS','VEATRIZ','CONTRERA','MENDOZA','2009-06-26','FEMENINO'),('075454210','ORIANA','WUILMAR','PERDOMO','BRICEÑOS','2009-09-11','FEMENINO'),('1001555050','LICET','VANESA','IBARRA','CHAVARRIA','2002-01-16','FEMENINO'),('1001910127','MARIO','ALBERTO','ORTEGA','ACUÑA','2003-11-26','MASCULINO'),('1002316979','YEILIS','MARIA','DE LIMA','SALCEDO','2003-08-01','FEMENINO'),('1003427451','LEIDER','JOSE','RODRIGUEZ','GUZMAN','2001-12-14','MASCULINO'),('1003947619','BLEIDYS','','ORTEGA','MADRID','2004-07-06','FEMENINO'),('1004178587','LUIS','MIGUEL','ALVAREZ','PADILLA','2001-09-11','MASCULINO'),('1004281107','JOSE','DAVID','CHAMORRO','RIVERO','2002-01-14','MASCULINO'),('1004281137','DIVEIDIS','','ORTEGA','ACUÑA','2002-10-03','FEMENINO'),('1004284754','LAURA','VANESSA','ALVAREZ','PADILLA','2003-12-13','FEMENINO'),('1005425167','PABLO','EMILIO','ESCORCIA','ANAYA','2002-01-30','MASCULINO'),('1006680570','KEINNYS','DEL CARMEN','GONZALEZ','BELTRAN','2003-01-08','FEMENINO'),('1006680766','CRISTIAN','DAVID','REAL','DELGADO','2003-03-04','MASCULINO'),('1006713516','EDUARDO','LUIS','BARRETO','BARROS','1999-08-28','MASCULINO'),('1006713685','LUIS','HERNAN','BAQUERO','ROSADO','2001-09-29','MASCULINO'),('1006713710','DILEIDIS','MERCEDES','IGUARAN','ARIÑO','2002-03-13','FEMENINO'),('1006713896','YAIRETH','YAJANIS','BRITO','PINTO','2002-06-21','FEMENINO'),('1006713964','KEVIN','DANIEL','CUADRADO','ARIÑO','2002-07-17','MASCULINO'),('1006714119','YEILER','ANDRES','LUBO','PEREZ','2002-08-28','MASCULINO'),('1006714510','SEBASTIAN','SEGUNDO','DAZA','VANEGAS','2003-01-01','MASCULINO'),('1006746190','KEINER','JIMMI','RODRIGUEZ','NIETO','2000-12-06','MASCULINO'),('1006791174','MEIDER','JESUS','FERNANDEZ','GUERRA','2002-05-12','MASCULINO'),('1011212054','SARAI','LORENA','BELEÑO','CHINCHIA','2011-07-22','FEMENINO'),('1025524217','JUBER','STEVEN','MOLINA','NAVARRO','2004-12-03','MASCULINO'),('1025893532','YARLYTH','YANDRIFH','DAZA','DIAZ','2008-12-29','FEMENINO'),('1028665209','THANYA','MISHELL','ARGUELLES','CHINCHIA','2009-09-05','FEMENINO'),('1028890268','SAMUEL','ANDRES','BRITO','CABRERA','2010-09-05','MASCULINO'),('1041775418','SAMUEL','DAVID','CASTRO','JIMENEZ','2011-11-28','MASCULINO'),('1042247786','DAYANARA','ISABEL','RODRIGUEZ','NIEVES','2006-01-07','FEMENINO'),('1043588500','LUIS','FERNANDO','VIZCAINO','FLOREZ','2006-08-21','MASCULINO'),('1043655969','YUVERLI','','RODRIGUEZ','AMAYA','2007-07-05','FEMENINO'),('10464011240','YEISON','DAVID','CACERES','BALMACEDA','2007-08-14','MASCULINO'),('1046428030','YEIDER','','BELLO','FLOREZ','2002-10-15','MASCULINO'),('1047049933','JORGE','ISAAC','HERRERA','CONTRERAS','2010-10-30','MASCULINO'),('1052967111','DIANA','MARCELA','PALACIOS','MORALES','2007-03-09','FEMENINO'),('1062354468','ANDRYS','MARIA','RODRIGUEZ','GUZMAN','2004-11-13','FEMENINO'),('1063299730','DIANA','DEL CARMEN','ALDANAA','RIVERA','2015-06-15','FEMENINO'),('1063647396','LUIS','MIGUEL','LEON','PINEDA','2005-05-25','MASCULINO'),('1063786293','NELYS','LUCIA','VILLALBA','GIL','2005-07-14','FEMENINO'),('1063950647','ORLANDO','RAFAEL','GOMEZ','ORTEGA','2003-11-04','MASCULINO'),('1063950648','LUIS','MIGUEL','GOMEZ','ORTEGA','2002-04-20','MASCULINO'),('1063953591','CARLOS','MIGUEL','ORTEGA','MADRID','2006-05-19','MASCULINO'),('1063963459','CARLOS','MARIO','ACOSTA','GUTIERREZ','2011-09-09','MASCULINO'),('1065583724','KASSANDRA','','RIOS','MOGATO','2005-04-27','FEMENINO'),('1065608009','PEDRO','NEL','VILLALBA','GIL','2007-07-14','MASCULINO'),('1065618204','ANDRES','FELIPE','BAQUERO','ARIÑO','2008-07-10','MASCULINO'),('1065859350','JOSE','LUIS','BERMUDEZ','MELENDEZ','1994-08-19','MASCULINO'),('1065896614','MARIA','JOSE','CARRASCAL','PACHECO','2011-09-11','FEMENINO'),('1066730931','VALERIA','','PETRO','BARRERA','2007-07-05','FEMENINO'),('1066869890','STEVEN','ANDRES','GOMEZ','ORTEGA','2006-04-15','MASCULINO'),('1067032116','SHAROL','TATIANA','GUERRA','NIETO','2005-12-24','FEMENINO'),('1070328699','MARIANGEL','','PENAGOS','GRANADOS','2008-06-01','FEMENINO'),('1081825258','NATHALIA','ANDREA','MENDOZA','RACINI','2010-06-23','FEMENINO'),('1081906604','LEIDIS','CAROLINA','RIVERO','CONDE','2001-01-08','FEMENINO'),('1081907882','KAREN','LORENA','FONSECA','RIVERO','2004-12-14','FEMENINO'),('1081908853','MARIANA','ISABEL','PALACIOS','MORALES','2002-11-28','FEMENINO'),('1081909663','YAJAIRA','MILENA','PALACIOS','MORALES','2004-09-16','FEMENINO'),('1081910128','DANIEL','ALFONSO','ORTEGA','ACUÑA','2005-04-12','MASCULINO'),('1081911561','MARIA','CECILIA','FONSECA','RIVERO','2002-06-21','FEMENINO'),('1081914168','ELKIN','JOSE','SALCEDO','RAMIREZ','2003-09-29','MASCULINO'),('1081921227','DAYANA','MICHELL','PALACIOS','MORALES','2008-10-23','FEMENINO'),('1081922883','ANA','CRISTINA','FONSECA','RIVERO','2010-03-08','FEMENINO'),('1081923768','JHOANIA','MICHEL','CASTILLO','OSPINO','2011-06-21','FEMENINO'),('1082242397','JHONATAN','DAVID','HERRERA','CONTRERAS','2005-01-03','MASCULINO'),('1082245316','JHOR','LUIS','HERRERA','CONTRERAS','2005-12-18','MASCULINO'),('1082248226','VALENTINA','','ESCOBAR','HERNANDEZ','2009-09-02','FEMENINO'),('1082914911','WENDY','JOHANA','JIMENEZ','MARTINEZ','2007-07-12','FEMENINO'),('1082932837','GREICY','LORENA','FONSECA','HERRERA','2008-05-15','FEMENINO'),('1083574779','SERGIO','LUIS','AVILA','YANCY','2011-06-01','MASCULINO'),('1090376615','MOISES','DAVID','MARTINEZ','MENDOZA','1993-10-24','MASCULINO'),('1093778395','EDWIN','ALONSO','MURILLO','HERNANDEZ','2013-02-01','MASCULINO'),('1104694742','KEVIN','DAVID','OLAYA','CONTRERAS','2004-04-26','MASCULINO'),('1118823882','VANESA','CAROLINA','MORENO','MARRIAGA','2006-07-04','FEMENINO'),('1118828752','DARIANNIS','YASETH','GALVIS','CASTILLA','2008-01-01','FEMENINO'),('1118835644','IGNACIO','SEGUNDO','URIANA','GUTIERREZ','2008-11-25','MASCULINO'),('1118843557','JOSE','IGNACIO','URIANA','GUTIERREZ','2010-08-05','MASCULINO'),('1118872352','LUZMAR','THAIZ','COLMENARES','MARTINEZ','2013-01-28','FEMENINO'),('1118872353','ISABEL','DEL MAR','COLMENARES','MARTINEZ','2011-05-09','FEMENINO'),('1119392967','DANNA','MARGARITA','TORRES','ACOSTA','2006-11-05','FEMENINO'),('1119399840','HERNAN','JOSE','LOPEZ','GALVIS','2012-06-02','MASCULINO'),('1119709878','JOSE','DAVID','URIANA','GUTIERREZ','2012-08-12','MASCULINO'),('1119839803','ANDREA','CAROLINA','FONSECA','QUIROGA','2010-09-27','FEMENINO'),('1120242596','JESE','','PEREZ','GRANADILLO','2006-03-01','MASCULINO'),('1120242718','MAIRYLEN','','MONTERO','MEJIA','2006-10-20','FEMENINO'),('1120243396','JAIRO','ANDRES','BARAJAS','GONZALEZ','2009-01-09','MASCULINO'),('1120243842','ANYELIN','DAMELIS','TABORDA','GARCIA','2010-05-26','FEMENINO'),('1120244591','DILEINIS','PAOLA','BULA','RAMIRE','2013-11-06','FEMENINO'),('1120658770','DIANNIS','CAROLINA','PALACIO','OVALLE','2007-09-26','FEMENINO'),('11207192','DAYANA','ROSA','BARRERA','CUJIA','2015-02-07','FEMENINO'),('1120738064','KLEIMER','RAFAEL','RIQUETH','GOMEZ','2003-12-21','MASCULINO'),('1120738082','JORGE','ESLEYMAR','ROSADO','CUJIA','2004-01-16','MASCULINO'),('1120738208','JHYSSEL','ANDREA','FLOREZ','GONZALEZ','2004-01-04','FEMENINO'),('1120738893','IVAN','DAVID','FERNANDEZ','TORRES','2004-08-14','MASCULINO'),('1120738899','JUNIOR','DAVID','URBAEZ','VALERO','2004-03-23','MASCULINO'),('1120738936','LINDA','MISHELL','CUADRADO','ARIÑO','2004-08-19','FEMENINO'),('1120738990','RUBEN','DARIO','BAQUERO','ROSADO','2004-05-04','MASCULINO'),('1120739002','JOSE','ARMANDO','BULA','FUENTES','2003-04-16','MASCULINO'),('1120739006','MELANIE','MEIS','MARTINEZ','MOLINA','2003-02-20','FEMENINO'),('1120739537','KENER','DAVID','ARIÑO','FONTALVO','2004-12-30','MASCULINO'),('1120739557','MARIANA','','LUBO','VANEGAS','2005-01-10','FEMENINO'),('1120739654','JAIVER','ENRIQUE','BRITO','PINTO','2005-02-14','MASCULINO'),('1120739758','EIMER','DEJESUS','ARCINIEGAS','AYOLA','2005-03-06','MASCULINO'),('1120739847','WENDY','VANESA','FARIA','RIVERO','2004-11-15','FEMENINO'),('1120739848','ADRIANA','MARCELA','FARIA','RIVERO','2003-12-16','FEMENINO'),('1120740207','NELSON','RAFAEL','ALVAREZ','VANEGAS','2005-05-02','MASCULINO'),('1120740304','MARISOL','','TORRES','BRITO','2005-08-19','FEMENINO'),('1120740460','DIEGO','ANDRES','GONZALEZ','TORRES','2005-03-05','MASCULINO'),('1120740608','YILVIANIS','LEONOR','ARGOTE','AMAYA','2005-10-28','FEMENINO'),('1120740663','HERLY','DANIELA','ARAGON','ORTEGA','2005-09-24','FEMENINO'),('1120740891','KEINER','DAVEI','OLAYA','CONTRERAS','2006-03-25','MASCULINO'),('1120740954','JOSE','MANUEL','LUBO','URBAEZ','2006-04-06','MASCULINO'),('1120741018','YELENA','MARIA','GUERRA','PINTO','2006-04-25','FEMENINO'),('1120741047','SURINA','MILENA','GARCIA','ARAGON','2006-04-26','FEMENINO'),('1120741063','ANDRES','FELIPE','ARCINIEGAS','ARIÑO','2005-05-16','MASCULINO'),('1120741289','JUAN','DANIEL','RIVERO','GARIZAO','2004-07-04','MASCULINO'),('1120741507','LEILIS','LILIETH','LUNA','LUBO','2004-10-12','FEMENINO'),('1120741525','ALID','DAVID','BAQUERO','ROSADO','2002-09-20','MASCULINO'),('1120741526','KONY','YULIETH','URBAEZ','VALERO','2006-05-12','FEMENINO'),('1120741527','JOSE','RICARDO','ARAGON','GALVIS','2006-06-23','MASCULINO'),('1120741529','YEIMI','MISHELL','EPIAYU','SOLANO','2005-01-20','FEMENINO'),('1120741530','YERITZA','TATIANA','EPIAYU','SOLANO','2004-03-28','FEMENINO'),('1120741531','YELITZA','DAYANA','EPIAYU','SOLANO','2006-08-17','FEMENINO'),('1120741532','ANDRIS','DEL CARMEN','GOMEZ','ARCINIEGAS','2005-07-20','FEMENINO'),('1120741533','YEISMAR','GALEANNE','MARQUEZ','BRITO','2005-02-24','FEMENINO'),('1120741534','DIMIS','DAIRSETH','REMOLINO','FERNANDEZ','2006-09-25','FEMENINO'),('1120741602','SARELYS','MARGARITA','TERAN','RIQUETT','2006-10-18','FEMENINO'),('1120741736','DANIELA','ANDREA','AMAYA','ORTIZ','2006-11-18','FEMENINO'),('1120742256','VIKEILIS','','OLIVELLA','VALERO','2006-08-01','FEMENINO'),('1120742292','JAVIC','ANDRES','LUBO','GUERRA','2007-02-15','MASCULINO'),('1120742543','CARLOS','DANIEL','CHINCHIA','DURAN','2007-04-21','MASCULINO'),('1120742585','AIMARIS','CRISTINA','LOPEZ','BRITO','2007-04-18','FEMENINO'),('1120742847','MARIANGEL','','LUBO','VANEGAS','2007-07-11','MASCULINO'),('1120742889','EDWIN','DAVID','MEJIA','BAQUERO','2007-06-23','MASCULINO'),('1120742919','MARIA','MONICA','CAMARGO','GARCIA','2006-09-06','FEMENINO'),('1120742951','DIEGO','DAVID','BAQUERO','MENDOZA','2007-06-26','MASCULINO'),('1120743015','CEIDER','ENRIQUE','MOSCOTE','IGUARAN','2007-07-23','MASCULINO'),('1120743168','IVAN','DAVID','GOMEZ','PEREZ','2007-09-03','MASCULINO'),('1120743284','JULIO','RAFAEL','FLOREZ','GONZALEZ','2007-10-29','MASCULINO'),('1120743298','DANIEL','DAVID','TORRES','BRITO','2007-11-05','MASCULINO'),('1120743338','YOLEIDIS','YANETH','ARIÑO','CUJIA','2007-10-30','FEMENINO'),('1120743432','YEIVER','SMITH','BAQUERO','GARCIA','2007-11-30','MASCULINO'),('1120743433','DEBANIS','ENRIQUE','GARCIA','ARAGON','2007-12-04','MASCULINO'),('1120743436','ADRIAN','SMITH','GIL','AMAYA','2007-11-21','MASCULINO'),('1120743460','LUIS','JOSE','ARGUELLES','GARCIA','2007-12-10','MASCULINO'),('1120743470','ESTIBEN','DAVID','GARCIA','MEJIA','2007-12-10','MASCULINO'),('1120743786','MARIA','ISABEL','BARRETO','BARROS','2007-11-24','FEMENINO'),('1120743916','LUZ','SANELIS','BAQUERO','ROSADO','2007-10-19','FEMENINO'),('1120743921','HUGO','ALBERTO','URBINA','OSPINO','2008-03-04','MASCULINO'),('1120743954','MARIA','ISABEL','RUEDA','LUBO','2000-08-27','FEMENINO'),('1120743955','DAYANA','SURELIS','RUEDA','LUBO','2005-01-26','FEMENINO'),('1120744123','CARLOS','ANDRES','ARAGON','GALVIS','2007-08-07','MASCULINO'),('1120744362','KATHERIN','YISSEL','PACHECO','MARQUEZ','2007-12-26','FEMENINO'),('1120744454','JOSE','DAVID','MERCADO','EPIAYU','2008-09-09','MASCULINO'),('1120744482','DAIGER','ANTONIO','LUNA','LUBO','2008-09-20','MASCULINO'),('1120744499','DANIELA','GABRIELA','ROSADO','VIANA','2008-10-09','FEMENINO'),('1120744564','JADER','JARET','ARGUELLES','NORUEGA','2008-10-23','MASCULINO'),('1120744591','JUAN','DAVID','MOLINA','PEREZ','2008-11-05','MASCULINO'),('1120744985','JORHELIS','VALERIA','DUARTE','BULA','2009-02-12','FEMENINO'),('1120745029','ALEJANDRO','ANTONIO','FRIAS','CATAÑO','2005-10-04','MASCULINO'),('1120745126','YASIRA','YICETH','ALVAREZ','VANEGAS','2009-04-01','FEMENINO'),('1120745138','JORGE','IVAN','FARIA','GARIZAO','2008-03-25','MASCULINO'),('1120745152','KEINER','ELIAS','ARIÑO','FONTALVO','2009-04-12','MASCULINO'),('1120745294','MERLI','MEYS','MARTINEZ','MOLINA','2009-05-11','FEMENINO'),('1120745315','DAVID','JOSÉ','MARTINEZ','ACOSTA','2009-06-12','MASCULINO'),('1120745334','ALID','DAVID','MOLINA','GARCIA','2009-06-12','MASCULINO'),('1120745394','MARIALIS','MARCELIS','ROSADO','EPIAYU','2007-10-07','FEMENINO'),('1120745502','LUIS','SANTIAGO','GUERRA','URBAEZ','2009-08-21','MASCULINO'),('1120745584','YELIS','YOJANA','CHINCHIA','DURAN','2009-10-07','FEMENINO'),('1120745877','ROSA','MARIA','GOMEZ','ARCINIEGAS','2001-09-21','FEMENINO'),('1120745878','ROSA','ELENA','GOMEZ','ARCINIEGAS','2003-10-12','FEMENINO'),('1120745919','DISEINNIS','MILENA','ROSADO','OVALLE','2010-02-03','FEMENINO'),('1120746182','HIAN','DAVID','GUERRA','REMOLINO','2010-05-04','MASCULINO'),('1120746281','JOHANIS','PAOLA','OLAYA','CONTRERAS','2010-06-05','MASCULINO'),('1120746379','DAVID','ARTURO','TORRES','ACOSTA','2010-06-18','MASCULINO'),('1120746525','CRISTIAN','CAMILO','MOLINA','JIMENEZ','2010-08-25','MASCULINO'),('1120746564','VALERIA','ALEJANDRA','RAMIREZ','PEREZ','2010-08-20','FEMENINO'),('1120746587','JUAN','MANUEL','PINTO','BRITO','2010-09-12','MASCULINO'),('1120746588','MARIA','ISABEL','PINTO','BRITO','2010-09-12','FEMENINO'),('1120746602','MIGUEL','ANTONY','LUBO','VANEGAS','2010-08-13','MASCULINO'),('1120746608','YISETH','PAOLA','RODRIGUEZ','GUZMAN','2008-12-08','FEMENINO'),('1120746617','MARIAN','JOSE','GUERRA','NIETO','2008-09-16','FEMENINO'),('1120746669','SEBASTIAN','ARMANDO','AÑEZ','RODRIGUEZ','2010-09-29','MASCULINO'),('1120746936','DANNA','MICHEL','LOPEZ','BRITO','2010-12-05','FEMENINO'),('1120747045','LORENA','MISHEL','GUERRA','PINTO','2010-12-22','FEMENINO'),('1120747245','OSNEIDER','JOSE','CHAMORRO','OSPINO','2010-12-03','MASCULINO'),('1120747381','LUIS','MIGUEL','EPIAYU','MOSCOTE','2008-09-29','MASCULINO'),('1120747382','LUZ','MARIA','EPIAYU','MOSCOTE','2011-02-25','FEMENINO'),('1120747464','SARAY','VALENTINA','PULGAR','RIQUETT','2011-04-30','FEMENINO'),('1120747604','SHARIN','','GUERRA','REMOLINO','2011-06-26','FEMENINO'),('1120747712','ESTEFANY','PAOLA','MERCADO','EPIAYU','2011-01-25','FEMENINO'),('1120747722','MEVIS','AYELIS','MARTINEZ','MOLINA','2011-07-24','FEMENINO'),('1120747808','MARIA','FERNANDA','DAZA','CUADRADO','2011-08-24','FEMENINO'),('1120747824','JEAN','CARLOS','TORRES','BRITO','2011-08-23','MASCULINO'),('1120747862','FENIX','MARCELA','BAQUERO','RINCONES','2011-08-23','FEMENINO'),('1120747883','ESTEFANY','DANIELA','CARRILLO','CORZO','2011-08-11','MASCULINO'),('1120747919','VANESSA','CAROLINA','CHAMORRO','ESCOBAR','2011-09-20','FEMENINO'),('1120747977','RAFAEL','ANDRES','OÑATE','ARIÑO','2011-09-23','MASCULINO'),('1120747997','EDRYHANS','DUVAN','BAQUERO','CERPA','2011-09-03','MASCULINO'),('1120748059','SAMUEL','DAVID','VIANA','SANTANA','2011-11-25','MASCULINO'),('1120748284','RAFAEL','ANDRES','FLOREZ','GONZALEZ','2007-10-29','MASCULINO'),('1120748344','ANGEL','MIGUEL','CHARRY','AYOLA','2011-12-16','MASCULINO'),('1120748352','CAMELIA','VALENTINA','AMAYA','DIAZ','2012-01-22','FEMENINO'),('1120748430','SANTIAGO','','PANA','VIDAL','2010-05-30','MASCULINO'),('1120748611','THALIANA','TATIANA','PINTO','GUTIERREZ','2011-08-28','FEMENINO'),('1120748612','JUAN','MANUEL','PINTO','GUTIERREZ','2011-08-28','MASCULINO'),('1120748627','ADEL','EMIR','PEREZ','TORRES','2012-03-20','MASCULINO'),('1120748672','YEHIRIS','LUZ','IGUARAN','EPIAYU','2012-05-22','FEMENINO'),('1120748816','FABRIANIS','SALOME','GIL','ARIÑO','2012-05-19','FEMENINO'),('1120748899','ISABELLA','','ARISTIZABAL','GOMEZ','2012-03-23','FEMENINO'),('1120748907','THALYS','ALEJANDRA','DUARTE','BULA','2012-07-12','FEMENINO'),('1120749189','LEONELA','CRISTINA','PEREZ','JIMENEZ','2012-10-29','FEMENINO'),('1120749254','JUNIOR','JOSE','BOSSIO','CARO','2012-11-17','MASCULINO'),('1120749293','JULIO','ENRIQUE','RUEDA','RIVERO','2012-11-16','MASCULINO'),('1120749294','ALEJANDRO','','EPIAYU','SOLANO','2012-11-17','MASCULINO'),('1120749296','JULIAN','ANDRES','GUERRA','PINTO','2012-12-16','MASCULINO'),('1120749389','JAVIER','ANTONIO','CONTRERAS','EPIAYU','2012-12-30','MASCULINO'),('1120749419','DILAN','GABRIEL','GUERRA','EPIAYU','2013-01-19','MASCULINO'),('1120749425','VALERY','LIDIANIS','CHINCHIA','BAQUERO','2013-01-09','FEMENINO'),('1120749528','NEIBER','JESUS','CHAMORRO','OSPINO','2012-11-12','MASCULINO'),('1120749616','ARNOLD','JOSE','RODRIGUEZ','FUENTES','2013-02-27','MASCULINO'),('1120749649','JEFFERSON','','HERNANDEZ','GUERRA','2004-05-28','MASCULINO'),('1120749732','WILLIAM','JOSE','PALACIOS','MORALES','2012-08-17','MASCULINO'),('1120750024','RICARDO','ANDRES','CARO','VIANA','2013-07-03','MASCULINO'),('1120750030','MORELIA','ROSETH','MEJIA','DURAN','2013-07-13','FEMENINO'),('1120750050','MADELIN','DANIELA','MARTINEZ','ROSADO','2013-07-13','FEMENINO'),('1120750175','VALERI','VALENTINA','PETRO','BARRERA','2013-08-01','FEMENINO'),('1120750208','JENNIFER','MARCELA','JIMENEZ','BAQUERO','2013-08-18','FEMENINO'),('1120750209','DALEXY','ISABEL','CAMPUZANO','BRITO','2013-09-08','FEMENINO'),('1120750252','YULIAN','SAID','AMAYA','PEÑARANDA','2013-08-19','MASCULINO'),('1120750356','MARIA','ALEJANDRA','EPIAYU','MOSCOTE','2013-08-15','FEMENINO'),('1120750405','LUIS','EDUARDO','ARRIETA','GONZALEZ','2013-08-17','MASCULINO'),('1120750598','SILVESTRE','JOSE','ARGUELLES','GARCIA','2013-11-06','MASCULINO'),('1120750711','EVA','MARIA','JIMENEZ','LOAIZA','2013-12-31','FEMENINO'),('1120750729','GLENIS','JULIANA','URBINA','ESCORCIA','2013-12-23','FEMENINO'),('1120750839','KIHARA','ISABEL','URBAEZ','LOPEZ','2013-12-27','FEMENINO'),('1120750868','ENDRYS','DAEL','BAQUERO','CERPA','2013-12-13','MASCULINO'),('1120750922','YEINER','JOSE','MOLINA','URBAEZ','2014-02-01','MASCULINO'),('1120750936','VALERY','DAYANA','CHAMORRO','ESCOBAR','2014-03-07','FEMENINO'),('1120750960','HEIDER','ANDRES','ARIÑO','RODRIGUEZ','2014-03-18','MASCULINO'),('1120751026','SEBASTIAN','DAVID','ARAGON','ORTEGA','2014-04-21','MASCULINO'),('1120751061','MEIVER','DE JESUS','MARTINEZ','MOLINA','2013-05-27','MASCULINO'),('1120751070','REBECA','ELENA','RODRIGUEZ','AMAYA','2012-04-09','FEMENINO'),('1120751107','JUAN','JOSE','ARGUELLES','JIMENEZ','2013-07-12','MASCULINO'),('1120751474','DEILIMAR','ARIANNA','GUERRA','FONSECA','2014-09-11','FEMENINO'),('1120752212','LUIS','FRANCISCO','CONTRERAS','ARCINIEGAS','2012-02-10','MASCULINO'),('1120752884','YELITZA','ESTEFANIA','EPIAYU','SOLANO','2007-10-01','FEMENINO'),('1120753213','ADRIANA','CRISTINA','NOGUEIRA','CARDONA','2013-12-07','FEMENINO'),('1120754480','MARIA','DE LOS ANGELES','OSORIO','MARTINEZ','2011-01-08','FEMENINO'),('1120755348','YUILKER','GUSTAVO','GUERRA','MOLINA','2004-09-06','MASCULINO'),('1120755349','YUNEIKER','ISAAC','GUERRA','MOLINA','2010-03-03','MASCULINO'),('1120756226','JOSE','JESUS','PARADA','EPIAYU','2003-08-03','MASCULINO'),('1120756227','FRANCISCO','ALEJANDRO','PARADA','EPIAYU','2005-12-10','MASCULINO'),('1121042544','DIEGO','ARMANDO','ORTEGA','ACUÑA','2007-10-15','MASCULINO'),('1121042882','SEBASTIAN','ANDRES','ORTEGA','ACUÑA','2009-12-30','MASCULINO'),('1121042972','LUIS','ARLEY','OSORIO','GAMEZ','2010-05-06','MASCULINO'),('1121043485','EDREI','CALEB','PALACIO','TORRES','2011-06-12','MASCULINO'),('1121044283','LUZANYERLIS','MARIA','BRITO','GUERRA','2008-02-06','FEMENINO'),('1121044786','JUAN','ESTEBAN','MONTERO','GUTIERREZ','2013-12-26','MASCULINO'),('1121044802','MATEO','','FERREIRA','ARRIETA','2013-12-02','MASCULINO'),('1121045764','TOMAS','ANTONIO','EPIAYU','SOLANO','2010-12-10','MASCULINO'),('1121299169','GABRIEL','ENRIQUE','MIELES','HOYOS','2005-02-23','MASCULINO'),('1121327440','KALEN','DAVID','CONTRERAS','VEGAS','2005-04-22','MASCULINO'),('1121330534','JOSE','ISRAEL','RAMIREZ','GARZON','2008-05-01','MASCULINO'),('1121330958','SANTIAGO','FERNEY','GONZALEZ','BELTRAN','2008-10-14','MASCULINO'),('1121331769','YARIZMA','DANIELA','BARAJAS','PALOMINO','2008-12-29','FEMENINO'),('1121334319','RAMON','EDUARDO','RUEDA','DIAZ','2008-07-15','MASCULINO'),('1121526488','EDER','LUIS','BULA','OQUENDO','2003-12-30','MASCULINO'),('1121539361','ASHLEY','MARIA','OVIEDO','ZAMORA','2009-12-11','FEMENINO'),('1122396616','JARIANIS','YOLETH','MONTERO','MEJIA','2013-09-27','FEMENINO'),('1122397514','CRISTIAN','JOSE','BULA','FUENTES','2004-10-26','MASCULINO'),('1122398214','JORGE','DANIEL','MONTERO','MEJIA','2005-02-17','MASCULINO'),('1122398532','ANDREA','CAROLINA','BARAJAS','GONZALEZ','2005-04-26','FEMENINO'),('1122398959','ALONDRA','YULITZA','MILLAN','LUBO','2005-01-23','FEMENINO'),('1122401810','JAVIER','EDUARDO','MILLAN','SOLIS','2006-11-24','MASCULINO'),('1122402519','DIVER','ANDRES','OÑATE','ORTIZ','2006-01-05','MASCULINO'),('1122402542','DALIANA','MARIA','MARTINEZ','GARCIA','2007-08-18','FEMENINO'),('1122403248','GRAISY','YISETH','MILLAN','LUBO','2007-11-01','FEMENINO'),('1122403432','ADRIAN','RICARDO','OÑATE','ORTIZ','2008-03-30','MASCULINO'),('1122404684','KALET','JAVIER','MILLAN','SOLIS','2009-02-12','MASCULINO'),('1122408559','JULIO','FRANCISCO','ARGUELLES','JIMENEZ','2011-11-05','MASCULINO'),('1122409547','CRISTIAN','CAMILO','SERRANO','MOSCOTE','2010-03-31','MASCULINO'),('1122409548','VALERIA','ISABEL','SERRANO','MOSCOTE','2009-06-26','FEMENINO'),('1122409638','MARTIN','ELIAS','SERRANO','MOSCOTE','2007-08-30','MASCULINO'),('1122411246','ELIANNIS','LUCIA','FRAGOZO','GARCIA','2013-07-27','FEMENINO'),('1122411492','JAVIER','ELIAS','MENDEZ','MARTINEZ','2012-11-14','MASCULINO'),('1122412117','ISAAC','DAVID','QUINTERO','MONTERO','2013-10-31','MASCULINO'),('1122412621','DANIEL','CAMILO','SERRANO','MOSCOTE','2012-11-04','MASCULINO'),('1122412622','MARIA','ALEJANDRA','SERRANO','MOSCOTE','2013-12-18','MASCULINO'),('1122465182','BREIDIS','PATRICIA','CARRILLO','OLIVELLA','2002-11-09','FEMENINO'),('1122750264','ARLEY','BRIGITH','GUERRA','FONSECA','2013-08-05','FEMENINO'),('1122811673','DEILER','MANUEL','LUNA','LUBO','2006-12-03','MASCULINO'),('1122812676','SHAROLL','YULIANA','ROMERO','FERNANDEZ','2007-11-26','FEMENINO'),('1122814736','SHARON','YULIETH','ROSADO','ROSADO','2004-11-26','FEMENINO'),('1122817185','SHAIRA','SAILITH','LUNA','LUBO','2012-07-11','FEMENINO'),('1122818950','MAIDI','PAOLA','CONTRERAS','PINTO','2002-06-11','FEMENINO'),('1122819447','MANUEL','DAVID','NARVAEZ','CHAMORRO','2014-05-03','MASCULINO'),('1123071766','MARIA','TERESA','URBINA','ESCORCIA','2008-08-06','FEMENINO'),('1123403003','MARIA','DEL CARMEN','PACHECO','RAMIREZ','2005-08-20','FEMENINO'),('1123403552','DANIEL','ANDRES','VANEGAS','GARZON','2007-02-07','MASCULINO'),('1123415921','EDINSON','DAVID','CONTRERAS','BASTOS','2008-10-14','MASCULINO'),('1123730031','SAMUEL','ANDRES','FERNANDEZ','MARQUEZ','2001-11-11','MASCULINO'),('1123730032','SAMIR','DAVID','FERNANDEZ','MARQUEZ','2003-12-08','MASCULINO'),('1123732413','ELEIDA','MARIA','SERRANO','MOSCOTE','2005-11-09','FEMENINO'),('1123873503','ANGELICA','MARIA','GARCIA','GUTIERRES','2013-02-14','FEMENINO'),('1123970171','ROSYMAR','','TORRES','JIMENEZ','2003-07-06','FEMENINO'),('1123970276','MIRELLA','JOSEFA','PEREZ','GUERRA','2004-10-28','FEMENINO'),('1123970287','LUZ','MARIA','CARRILLO','CORZO','2004-10-01','MASCULINO'),('1123970303','HEYLEN','NAZATY','GONZALEZ','CUADRADO','2004-11-09','FEMENINO'),('1123970315','JULIO','CRISPIN','MONTERO','GUERRA','2002-12-17','MASCULINO'),('1123970426','SANTIAGO','RAFAEL','MANJARRES','CONTRERAS','2005-02-18','MASCULINO'),('1123970461','ELIANA','VANESSA','BARRETO','BARROS','2003-05-12','FEMENINO'),('1123970511','NIKOOL','DANIELA','RUEDA','GUERRA','2005-04-28','FEMENINO'),('1123970524','YAIMITH','SHARITH','REMOLINO','CUJIA','2005-05-02','FEMENINO'),('1123970545','JAINNYS','JICETH','GONZALEZ','MONTERO','2005-05-19','FEMENINO'),('1123970562','EDINSON','JOSE','VIZCANO','FLOREZ','2005-06-18','MASCULINO'),('1123970592','JHON','JAIDER','GUERRA','IGUARAN','2005-06-23','MASCULINO'),('1123970610','YOJANDRYS','ESTITH JUNIOR','CUJIA','GARCIA','2005-07-06','MASCULINO'),('1123970640','CELENA','MILENA','PARODI','BAQUERO','2005-08-07','FEMENINO'),('1123970689','LEANDRO','JAVIER','MEDINA','OÑATE','2005-11-08','MASCULINO'),('1123970702','ANDRYS','CAROLINA','OÑATE','BULA','2004-12-15','FEMENINO'),('1123970708','YUSLEIDIS','PAOLA','PEREZ','PINTO','2005-12-09','FEMENINO'),('1123970731','YAIRIS','NOLEINIS','JIMENEZ','SUAREZ','2005-04-23','FEMENINO'),('1123970752','CARLOS','ALBERTO','JIMENEZ','MARTINEZ','2005-12-18','MASCULINO'),('1123970787','SARELIS','VALENTINA','BAQUERO','GARCIA','2006-01-04','FEMENINO'),('1123970795','MEIKER','METH','MARTINEZ','MOLINA','2005-12-17','MASCULINO'),('1123970839','MARIA','LIZ','MOLINA','GARCIA','2006-01-22','FEMENINO'),('1123970840','MARIA','ISABEL','AMAYA','PAEZ','2006-02-01','FEMENINO'),('1123970871','KEYLER','DAVID','PERALTA','CASTILLA','2006-02-22','MASCULINO'),('1123970911','JAZMIN','DARIANA','BAQUERO','ROSADO','2006-01-21','FEMENINO'),('1123971006','NAYER','JOSE','MOLINA','ARIÑO','2006-05-11','MASCULINO'),('1123971036','PHEERLLIS','KAROLY','GUZMAN','TORRES','2019-02-22','FEMENINO'),('1123971044','HECTOR','JAVIER','GONZALEZ','CUADRADO','2006-07-10','MASCULINO'),('1123971085','JORGE','LUIS','HERRERA','MARQUEZ','2006-08-05','MASCULINO'),('1123971128','YELEN','LORENA','CUADRADO','BAQUERO','2006-08-12','FEMENINO'),('1123971244','LUISA','JOSEFINA','AMAYA','ARIÑO','2006-11-02','FEMENINO'),('1123971283','YULIMAR','DEL CARMEN','LUBO','ORTEGA','2005-11-16','FEMENINO'),('1123971312','YORYELIS','DAYANA','TORRES','BARRERA','2006-07-10','FEMENINO'),('1123971315','ANDRES','CAMILO','DAZA','CUADRADO','2007-02-08','MASCULINO'),('1123971324','JOHANDRYS','STEFANYS','CUJIA','GARCIA','2007-01-16','FEMENINO'),('1123971371','YURIANNIS','MARCELA','RIVERO','BERRIO','2007-03-20','FEMENINO'),('1123971472','SORANGEL','','ARIÑO','GUERRA','2007-06-26','FEMENINO'),('1123971518','DANNIS','DANIELA','TORRES','ACOSTA','2008-01-03','FEMENINO'),('1123971583','MELKIS','MED','MARTINEZ','MOLINA','2008-05-02','MASCULINO'),('1123971630','JOSE','JORGE','HERRERA','MARQUEZ','2008-05-12','MASCULINO'),('1123971638','ISAMAR','','AMAYA','PAEZ','2004-05-16','FEMENINO'),('1123971679','LUIS','GABRIEL','GUERRA','IGUARAN','2008-03-12','MASCULINO'),('1123971741','MASSIEL','DAYANA','RAMIREZ','ALOMIA','2008-07-18','FEMENINO'),('1123971822','JORGE','DAVID','IGUARAN','GUERRA','2008-11-02','MASCULINO'),('1123971872','DAYANA','DEL CARMEN','MALDONADO','ARAGON','2006-04-09','MASCULINO'),('1123971874','LUIS','JOSE','CONTRERAS','ARCINIEGAS','2002-09-26','MASCULINO'),('1123971893','GENESIS','ANDREA','OÑATE','ARIÑO','2008-12-17','FEMENINO'),('1123971912','EDGAR','DAVID','REAL','JIMENEZ','2009-01-09','MASCULINO'),('1123971913','RODRIGO','ANDRES','MONTERO','LOPEZ','2009-01-10','MASCULINO'),('1123972000','ANDRES','SANTIAGO','HERNANDEZ','BLANCO','2009-04-01','MASCULINO'),('1123972043','YOSIMAR','ANDREA','MARQUEZ','BRITO','2009-03-11','FEMENINO'),('1123972060','JOHN','ANDRES','ARAGON','IGUARAN','2002-01-22','MASCULINO'),('1123972061','JOHN','HENRY','ARANGON','IGUARAN','2003-09-08','MASCULINO'),('1123972096','DEYMAR','DAVID','BAQUERO','MENDOZA','2009-05-08','MASCULINO'),('1123972102','JUAN','ESTEBAN','GONZALEZ','MONTERO','2007-07-30','MASCULINO'),('1123972124','ROSANGELICA','','LUBO','GUERRA','2009-07-31','FEMENINO'),('1123972154','NEIDIS','ELENA','JIMENEZ','MARTINEZ','2009-08-06','FEMENINO'),('1123972182','HAILIN','DEL CARMEN','BOSSIO','MARTINEZ','2008-12-27','FEMENINO'),('1123972418','YAKLIN','YULIETH','IGUARAN','GUERRA','2010-02-06','FEMENINO'),('1123972451','YAILICETH','','BRITO','PINTO','2010-02-12','FEMENINO'),('1123972458','ALENDRYS','CAROLAI','OÑATE','BULA','2010-02-18','FEMENINO'),('1123972463','LEINIS','LIZBETH','BULA','GUERRA','2003-09-19','FEMENINO'),('1123972627','LEIBER','MANUEL','EPIAYU','SOLANO','2009-11-06','MASCULINO'),('1123972884','DANIEL','DAVID','PEREZ','JIMENEZ','2011-05-03','MASCULINO'),('1123973151','CARMEN','YULIETH','ROSADO','SARMIENTO','2008-02-28','FEMENINO'),('11239733560','DIOSELIS','KATERINE','OLIVELLA','MIRANDA','2013-04-11','FEMENINO'),('1123973408','MARIA','ALEJANDRA','GARCIA','BRITO','2012-11-05','FEMENINO'),('1123973423','PAMELA','ANDREA','PEREZ','ARAGON','2012-11-30','FEMENINO'),('1123973462','YASARITH','CAMILA','RINCONES','BULA','2012-12-19','FEMENINO'),('1123973503','ANGELICA','MARIA','GARCIA','GUTIERREZ','2013-02-14','FEMENINO'),('1123973504','DIGNA','MARIA','GARCIA','GUTIERREZ','2013-02-14','FEMENINO'),('1123973649','NAIDER','ALBERTO','MOLINA','ARIÑO','2013-06-28','MASCULINO'),('1123973791','JOSE','ENRIQUE','MENDOZA','DIAZ','2013-09-01','MASCULINO'),('1123973824','CARLOS','MARIO','ARGOTE','RUEDA','2013-09-27','MASCULINO'),('1123973837','KELEINER','DAVID','ARRIETA','PEREZ','2013-09-28','MASCULINO'),('1123973919','JOSE','SANTIAGO','ARIÑO','LOPEZ','2013-11-29','MASCULINO'),('1123973986','LAURA','VALENTINA','ARIÑO','RUEDA','2014-01-11','FEMENINO'),('1123974065','SHARON','DANIELA','CUJIA','FLOREZ','2014-05-05','FEMENINO'),('1123974077','JULIANA','FERNANDA','MUÑOZ','JIMENEZ','2014-04-29','FEMENINO'),('1123974208','YUMALAI','CAROLINA','JIMENEZ','LOAIZA','2009-09-01','FEMENINO'),('1123974209','YEINER','DAVID','JIMENEZ','LOAIZA','2005-09-17','MASCULINO'),('1123974545','RUBDANI','ISABEL','PEÑA','ARIÑO','2012-05-07','FEMENINO'),('1123974593','ROSA','CAROLINA','DIAZ','MARTINEZ','2003-08-17','FEMENINO'),('1123974594','RANGEL','JOSE','DIAZ','MARTINEZ','2006-07-29','MASCULINO'),('1123974843','MIGUEL','ANDRES','EPIAYU','SOLANO','2008-10-09','MASCULINO'),('1124024713','LILI','JOHANA','GUERRA','ALVIS','1981-12-09','FEMENINO'),('1124025457','KENIA','JOHANA','OSORIO','GUERRA','2008-10-14','FEMENINO'),('1124037576','YUBERLI','PAOLA','BAEZ','','1992-10-24','FEMENINO'),('1124052876','KEIDER','DAVID','DIAZ','BRITO','2012-05-14','MASCULINO'),('1124068074','LINDA','MARIA','CABRERA','CARVAJAL','2013-02-24','FEMENINO'),('1124521978','MISAEL','','JUSAYU','CASTILLO','2012-12-05','MASCULINO'),('1124621977','MICELDA','FABIOLA','JUSAYU','CASTILLO','2011-01-21','FEMENINO'),('1126119434','LORENA','BEATRIZ','MARIOTA','GUTIERREZ','1970-12-06','FEMENINO'),('1126123951','SAYERLIS','SHARIT','MARIOTA','GUTIERREZ','2006-11-21','FEMENINO'),('11276464056','JEHIXOL','','PEREZ','GRANADILLO','2011-09-28','FEMENINO'),('1128738573','LUIS','EDUARDO','IGUARAN','ARIÑO','2004-05-05','MASCULINO'),('112919198','ROBERTO','DE JESUS','CARDONA','GIL','2007-10-28','MASCULINO'),('1130294869','KEBIN','JOSE','QUINTANA','OSPINO','2006-04-09','MASCULINO'),('1130294870','LUZ','KARINA','QUINTANA','OSPINO','2007-11-18','FEMENINO'),('1134973296','ELEN','VANESSA','REBOLLEDO','JIMENEZ','2012-10-03','FEMENINO'),('1143432212','CRISTIANO','RONALDO','ROMERO','RODRIGUEZ','2009-05-13','MASCULINO'),('1143442763','HERNAN','DARIO','ROMERO','RODRIGUEZ','2010-06-30','MASCULINO'),('1148956816','ROSALBA','MARIA','SUAREZ','PEREZ','1982-07-15','FEMENINO'),('1148957034','MARIA','EDILSA','ROJAS','BLANCO','1972-02-28','FEMENINO'),('1151455818','ERLIS','YAIKELIS','MARTINEZ','SIERRA','2003-11-02','FEMENINO'),('1151455820','YAILETH','SADITH','MARTINEZ','SIERRA','2007-05-01','FEMENINO'),('1151461963','JAVIER','ANDRES','MORENO','DIAZ','1995-05-23','MASCULINO'),('1151461978','ALBERT','','VILLAZON','LOPERENA','1985-12-16','MASCULINO'),('1151461988','MARISELA','','CONDE','PACHECO','1986-08-04','FEMENINO'),('1151462000','YULENNYS','','NORIEGA','GUEVARA','1986-12-06','FEMENINO'),('1151462010','ROSA','BEATRIZ','RODRIGUEZ','NIEVES','1978-07-02','FEMENINO'),('1151462013','ESMERALDA','','NIÑO','NIÑO','1994-03-25','FEMENINO'),('1151462016','YINIS','MARGOTH','PIMIENTA','GARCIA','1981-04-01','FEMENINO'),('1151462017','NEDISTH','ESTHER','ESTRADA','TORRES','1976-11-09','FEMENINO'),('1151462023','JUAN','DAVID','GOMEZ','URIANA','1995-01-02','MASCULINO'),('1151462024','JANEIDY','','MARTINEZ','GARCIA','1985-06-16','FEMENINO'),('1151462035','NANCY','','DIAZ','SOLANO','1980-02-20','FEMENINO'),('1151462043','LEDYS','','MADARRIAGA','RODRIGUEZ','1979-07-09','FEMENINO'),('1151462052','SAMUEL','ENRIQUE','ALVAREZ','ARIAS','1972-12-20','MASCULINO'),('1151462056','MARY','FLOR','CORTES','HERRERA','1980-12-25','FEMENINO'),('1151462066','MIRIAN','MARGARITA','CLARO','MORENO','1984-08-16','FEMENINO'),('1151462067','SAIRIETH','','OSPINO','FRIAS','1984-11-08','FEMENINO'),('1175463115','GABRIEL','STIVEN','ROSADO','EPIAYU','2011-01-26','MASCULINO'),('1176463499','NATHALIA','ANDREA','OÑATE','MOGATO','2010-08-23','FEMENINO'),('1176463503','ESTEFANY','ELENA','MARTINEZ','DURAN','2010-08-28','FEMENINO'),('1176463561','NATHASHA','VALENTINA','PEREZ','TORRES','2010-10-11','FEMENINO'),('1176463632','ROSA','MARIA','CUJIA','ARIÑO','2010-11-28','FEMENINO'),('1176463669','LUNA','VALENTINA','BARRETO','BARROS','2011-01-05','FEMENINO'),('1176463795','DANIEL','ANDRES','HERNANDEZ','GUERRA','2011-03-22','MASCULINO'),('1176463900','LUIS','MARIO','RUEDA','VEGA','2011-06-23','MASCULINO'),('1176464079','EDUARDO','ANDRES','REAL','JIMENEZ','2011-10-19','MASCULINO'),('1176464245','MAYERLIS','YISSELL','MENDOZA','DIAZ','2012-03-19','FEMENINO'),('1192736148','ESTEBAN','GABRIEL','ALARZA','TORRES','2001-05-14','MASCULINO'),('1192810802','YULEINIS','PAOLA','MILLAN','LUBO','2000-11-02','FEMENINO'),('1193307938','GINA','MARCELA','VILLALBA','CALDERON','2002-08-06','FEMENINO'),('1193325238','CARLOS','CARLOS','ARREGOCES','ARIÑO','2003-04-18','MASCULINO'),('1193325276','LORENZO','ENRIQUE','DURAN','LUBO','2003-10-06','MASCULINO'),('1193325307','YAIRIETH','','FRIAS','','2001-01-26','FEMENINO'),('1193354127','ZULMARY','MARIA','URBINA','OSPINO','2003-07-19','FEMENINO'),('1193354134','JAVIER','ALCIDES','MEDINA','OÑATE','2003-07-30','MASCULINO'),('1193354161','KATYARIS','CRISSEL','DURAN','MOLINA','2003-08-04','FEMENINO'),('1193359867','HILDA','MARIA','PEREZ','TORRES','2003-11-14','FEMENINO'),('1193364970','EILIN','YULIETH','MARTINEZ','EPIAYU','2003-12-08','FEMENINO'),('1193428582','IVAN','DAVID','CUADRADO','ARIÑO','2001-07-09','MASCULINO'),('1193442848','CEILY','JOHANA','CARRILLO','CORZO','2002-03-15','FEMENINO'),('1207963021','NELLYS','CAROLINA','FONSECA','PUELLO','2011-09-28','FEMENINO'),('1214213230','BEATRIZ','','HURTADO','NARIÑO','1977-09-26','FEMENINO'),('1214213231','MARGARITA','','VASQUEZ','VARGAS','1992-01-06','FEMENINO'),('1222408402','DEIVER','DANIEL','BAQUERO','ARIÑO','2011-09-03','MASCULINO'),('1223973055','MARIO','SADITH ALEJANDRO','ROVIRA','LUBO','2011-12-11','MASCULINO'),('123456','LUIS','ANDRES','MORANTE','FERNANDEZ','2005-06-16','MASCULINO'),('1234567','YHEREMY','','CONTRERAS','HERNANDEZ','2005-06-16','MASCULINO'),('12345678','BELEN','DEL VALLE','HERNANDEZ','DAVILA','2005-06-16','FEMENINO'),('123456788','JAIDER','ALONSO','RODRIGUEZ','FLOREZ','2004-07-06','MASCULINO'),('1235239815','MARIANA','','GONZALEZ','LAMBRAÑO','2011-06-27','FEMENINO'),('1235239816','ALEJANDRA','PAOLA','GONZALEZ','LAMBRAÑO','2008-06-21','FEMENINO'),('142724355071','RONAL','JOSE','AGUIRRE','LOPEZ','2010-12-07','MASCULINO'),('142724355075','BEISIRETH','DE LOS ANGELES','AGUIRRE','LOPEZ','2012-07-06','FEMENINO'),('142724361539','JESUS','DAVID','URDANETA','BARRIOS','2013-07-12','MASCULINO'),('142724362290','WILLY','DAVID','FERMANDEZ','JIMENEZ','2008-05-10','MASCULINO'),('142724367862','LEYDIMAR','PAOLA','JIMENEZ','DAVID','2006-11-05','FEMENINO'),('142724367888','ALEJANDRA','PAOLA','ATENCIO','MONTIEL','2013-07-12','FEMENINO'),('142724369264','CLAUDIMAR','','LARA','ALVAREZ','2006-10-30','FEMENINO'),('142724372336','ADRIANA','CAROMOTO','SANGRONIS','GARCIA','2009-09-11','FEMENINO'),('142724372620','ANGIBEL','CHIQUINQUIRA','ATENCIO','MONTIEL','2009-02-26','FEMENINO'),('142724373061','YOANGEL','DAVID','ALMARIO','PAZ','2007-05-20','MASCULINO'),('142724373712','ALEX','DAVID','RINCON','DIAZ','2009-06-06','MASCULINO'),('142724374323','WILDER','ELIESER','CASTILLO','MORALES','2007-10-03','MASCULINO'),('142724374644','SOFIA','PAOLA','MENDOZA','CONTRERAS','2010-10-03','FEMENINO'),('142724374651','RENZO','JOSE','TERAN','LARA','2007-08-30','MASCULINO'),('142724376174','ELIANNY','CHIQUINQUIRA','VARGAS','VERAS','2010-08-21','FEMENINO'),('142724400065','YELISBEL','DE LOS ANGELES','TOYO','ACONDO','2011-11-28','FEMENINO'),('142724412319','DIEGO','ORLANDO','SAAVEDRA','HERNANDEZ','2010-07-17','MASCULINO'),('142724412719','DIEGO','ORLANDO','SAAVEDRA','HERNANDEZ','2010-07-19','MASCULINO'),('142724424402','ALVIS','RAFAEL','ATENCIO','MONTIEL','2010-02-15','MASCULINO'),('142724442522','ALESKA','SOFIA','ESTEILA','MELENDRES','2013-03-18','FEMENINO'),('142724442523','SOLFANI','KATERINNE','MELENDEZ','SOLARTE','2013-10-10','FEMENINO'),('14350004','EVANGELISTA','','VIUCHE','YATE','1953-03-21','MASCULINO'),('15366348','PLINIO','','ZAMBRANO','PALENCIA','1950-05-12','MASCULINO'),('15537635','OSVALDO','DE JESUS','IBARRA','IBARRA','1971-09-13','MASCULINO'),('17671520','JAVIER','','RICO','CARDENAS','1964-12-05','MASCULINO'),('20439718','DAIRYS','','FERNANDEZ','NAILUZ','1990-02-11','FEMENINO'),('22655610','GINA','PAOLA','LAMBRAÑO','ARDILA','1982-01-16','FEMENINO'),('22819350','GRACIELA','DEL CARMEN','MANCILLA','MARTINEZ','1968-09-20','FEMENINO'),('2438845','JULIAN','ESTEBAN','EPIAYU','SOLANO','2006-10-20','MASCULINO'),('25667594','YOLEIDI','PATRICIA','GONZALEZ','GONZALEZ','1996-05-03','FEMENINO'),('27059793','YOLANDA','CECILIA','GONZALEZ','REVEROL','1998-02-16','FEMENINO'),('2968466','DEILER','ANDRES','GOURIYU','AMAYA','2003-06-23','MASCULINO'),('303097','CELIANIS','VANESA','GONZALEZ','GONZALEZ','2000-12-13','FEMENINO'),('31620983','WILGEN','RAFAEL','OCHOA','GOMEZ','2002-12-21','MASCULINO'),('31920172','NIXON','JOSE','GUERRA','GARCIA','2006-02-12','MASCULINO'),('3207442','LUIS','JOSE','POLO','AVILES','2006-08-13','MASCULINO'),('32276209','MARWIN','ENRIQUE','GUERRA','VALERIO','2004-08-07','MASCULINO'),('32418502','DIEGO','JOSE','GUERRA','GARCIA','2008-03-15','MASCULINO'),('32506193','MARIA','ROSALBA','GARCIA','DE SEPULVEDA','1953-11-12','FEMENINO'),('32529834','KARELIS','DEL VALLE','GUERRA','VALERIO','2006-07-27','FEMENINO'),('3329126','ENYERLIS','PATRICIA','ROMERO','FUENTES','2009-05-08','FEMENINO'),('3380658','SAIRITH','DAYERLIS','VELASQUEZ','MARIOTA','2009-03-15','FEMENINO'),('3389773','MARIA','ALEJANDRA','MENDEZ','PAZ','2009-04-10','FEMENINO'),('3389774','ANGELICA','MARIA','MENDEZ','PAZ','2009-04-30','FEMENINO'),('34195146','LUIS','DAVID','VANEGAS','GARZON','2002-01-31','MASCULINO'),('35162773','MARIA','JOSE','BOSSIO','PEREZ','2003-07-19','FEMENINO'),('36081440','DIANA','LUCIA','RODRIGUEZ','RIVERA','2003-06-23','FEMENINO'),('3623109','PEDRO','LUIS DE LOS REYES','FUENTES','ALVAREZ','2009-11-27','MASCULINO'),('36623210','LUIS','ALEJANDRO','MARQUEZ','MEJIA','2004-12-14','MASCULINO'),('38128089','DALLIETH','YERALDIN','GUTIERREZ','GARCIA','2005-06-11','FEMENINO'),('38170418','YUREISY','LINEI','FONSECA','HERRERA','2004-04-27','FEMENINO'),('38869761','ANGELICA','MARIA','CARDENAS','AÑEZ','2005-10-08','FEMENINO'),('38870798','JUAN','CARLOS','ARREGOCES','ARIÑO','2003-05-06','MASCULINO'),('39233056','ESTEBAN','DAVID','GARCIA','MEJIA','2006-02-04','MASCULINO'),('3965360','HEILIS','ALEXANDRA','URDANETA','BARRIOS','2010-01-11','FEMENINO'),('39671910','ALEJANDRA','CAROLINA','BRACHO','BRACHO','2010-01-14','FEMENINO'),('40301676','RAFAEL','ALEJANDRO','HERRERA','LOPEZ','2006-03-03','MASCULINO'),('42938711','MARIA','ISELA','ZAPATA','RIVERA','1975-06-12','FEMENINO'),('43154313','MARINELLY','','HERNANDEZ','OROZCO','1977-09-22','FEMENINO'),('4445967','ALEJANDRA','','URDANETA','BARRIOS','2010-12-16','FEMENINO'),('4658991','ERIMAR','FRANCHESKA','MORENO','SANGRONIS','2011-09-06','FEMENINO'),('4705223','ENGILBERT','ENRIQUE','ROMERO','FUENTES','2011-04-05','MASCULINO'),('4741430','MARIA','PAOLA','FUENTES','ALVAREZ','2011-02-15','FEMENINO'),('49652512','MARINA','','ANGEL','LOZANO','1961-08-11','FEMENINO'),('50516227','SHARITH','YULIETH','MOLINA','URBAEZ','2011-01-23','FEMENINO'),('5165172','FRANCISCO','HERNAN','ALBERTO','DAZA','1982-01-10','MASCULINO'),('52735288','SHAREN','MICHELL','MARTINEZ','ACOSTA','2012-11-08','FEMENINO'),('52735731','YULEIDIS','DAYANA','RIVERO','BERRIO','2013-05-07','FEMENINO'),('5383383','ZARIANNY','ELENA','MONTES','PAZ','2013-07-09','FEMENINO'),('5415361','DAVID','JOSE','GUERRA','GARCIA','2013-06-30','MASCULINO'),('5417690','OSKAR','DAVID','FERRER','GUERRA','2013-10-10','MASCULINO'),('5483646','VIVIANA','BEATRIZ','HERNANDEZ','CONTRERAS','2012-09-21','FEMENINO'),('5485328','WUILFREDO','ANTONIO','CASTILLO','MORALES','2012-08-03','MASCULINO'),('57448543','KATERINE','','CARVAJAL','BARBOSA','1973-11-15','FEMENINO'),('5769072','SARAITH','LORENA','CONTRERAS','MARIOTA','2011-11-13','FEMENINO'),('5915065','ANGEL','ENRRIQUE','PAZ','BRACHO','2014-02-04','MASCULINO'),('6033724','DELIANYELIS','ALEJANDRA','MOYA','FERNANDEZ','2013-04-21','FEMENINO'),('6488261','NAZARET','ENYILMAR','ROMERO','FUENTES','2013-10-01','FEMENINO'),('6607167','CARLOS','DANIEL','PERDONO','MONTERANO','2013-12-31','MASCULINO'),('73291187','CARLOS','JAVIER','NARVAEZ','CORREALES','1980-09-19','MASCULINO'),('77039813','MARCOS','MEXEL','MARTINEZ','MENDOZA','1978-08-10','MASCULINO'),('77081212','DIOSENEL','','CRIADO','ARAQUE','1969-11-12','MASCULINO'),('85447533','JHON','JAIRO','OSPINO','CARRANZA','1979-07-02','MASCULINO'),('85469246','JOSE','DUMAS','RODRIGUEZ','CORTES','1972-04-13','MASCULINO'),('9161827','CARLOS','ALBERTO','LOPEZ','HERNANDEZ','1969-12-15','MASCULINO'),('9177258','JAIVER','','IBARRA','HERNANDEZ','1965-12-11','MASCULINO'),('92071297','ERQUIN','MANUEL','CASARES','SIERRA','1977-02-02','MASCULINO'),('92071339','URIEL','ANTONIO','OVIEDO','ALDANA','1964-10-25','MASCULINO'),('92601901','ALEXANDER','ENRIQUE','ARRIETA','VITOLA','1976-08-14','MASCULINO'),('N1120743338','KANIA','YOHANA','FERNANDEZ','TORRES','2009-07-30','FEMENINO'),('N142723859196','ISABEL','DEL CARMEN','ALVAREZ','VANEGAS','2011-07-21','FEMENINO'),('N142723859876','MARIA','ALEJANDRA','GARCIA','CARRILLO','2012-06-19','FEMENINO'),('N142724355064','JOHANDRY','JESUS','GIL','PIÑA','2006-12-12','MASCULINO'),('N142724356972','ESTEFANY','CAMILA','VILLALOBOS','MONTIEL','2013-01-18','FEMENINO'),('N142724357041','JAIDER','DAVID','GIL','PIÑA','2004-12-27','MASCULINO'),('N142724357055','ROSIBELL','PATRICIA','AGUIRRE','LOPEZ','2002-01-18','FEMENINO'),('N142724357060','DESSIREE','PATRICIA','AGUIRRE','LOPEZ','2001-01-08','FEMENINO'),('N142724359803','BECKHAM','ENRIQUE','MATHEUS','DIAZ','2004-10-23','MASCULINO'),('N142724361539','JESUS','DAVID','URDANETA','BARRIOS','2013-06-12','MASCULINO'),('N142724361576','REYMARI','VALERIA','TERAN','LARA','2008-03-24','FEMENINO'),('N142724362290','WILLY','DAVID','FERNANDEZ','JIMENEZ','2008-05-10','MASCULINO'),('N44551626429','ELIAS','DAVID','PALACIO','TORRES','2008-07-05','MASCULINO'),('N44552769622','OMAR','ARGENIS','IGUARAN','ARIÑO','2008-05-04','MASCULINO'),('N44552926705','HEISYS','LINES','ONATE','ARIÑO','2010-02-23','FEMENINO'),('N44552960719','JUAN','FELIPE','MANJARRES','CONTRERAS','2009-08-30','MASCULINO'),('N44553190121','NATHASHA','VALENTINA','PEREZ','TORRES','2010-10-13','FEMENINO'),('N44553266989','SHARITH','YULIETH','RODRIGUEZ','FUENTES','2011-10-01','FEMENINO'),('V1604852','GENY','ANTONIO','OROPEZA','ALVAREZ','2005-11-10','MASCULINO');
/*!40000 ALTER TABLE `estudiantes` ENABLE KEYS */;
UNLOCK TABLES;

--
-- Table structure for table `grupos`
--

DROP TABLE IF EXISTS `grupos`;
/*!40101 SET @saved_cs_client     = @@character_set_client */;
 SET character_set_client = utf8mb4 ;
CREATE TABLE `grupos` (
  `idgrupos` int(11) NOT NULL AUTO_INCREMENT,
  `nombre` varchar(255) DEFAULT NULL,
  `jornada` varchar(45) DEFAULT NULL,
  PRIMARY KEY (`idgrupos`)
) ENGINE=InnoDB AUTO_INCREMENT=22 DEFAULT CHARSET=utf8;
/*!40101 SET character_set_client = @saved_cs_client */;

--
-- Dumping data for table `grupos`
--

LOCK TABLES `grupos` WRITE;
/*!40000 ALTER TABLE `grupos` DISABLE KEYS */;
INSERT INTO `grupos` VALUES (1,'PRESCOLAR B','MAÑANA'),(2,'PRESCOLAR A','MAÑANA'),(3,'1A','MAÑANA'),(4,'2A','MAÑANA'),(5,'2B','MAÑANA'),(6,'3A','MAÑANA'),(7,'3B','MAÑANA'),(8,'4A','MAÑANA'),(9,'4B','MAÑANA'),(10,'5A','MAÑANA'),(11,'5B','MAÑANA'),(12,'6A','COMPLETA'),(13,'6B','COMPLETA'),(14,'7A','COMPLETA'),(15,'7B','COMPLETA'),(16,'8A','COMPLETA'),(17,'9A','COMPLETA'),(18,'10A','UNICA'),(19,'11A','UNICA'),(20,'1B','MAÑANA'),(21,'11B','COMPLETA');
/*!40000 ALTER TABLE `grupos` ENABLE KEYS */;
UNLOCK TABLES;

--
-- Table structure for table `grupos_asignaturas`
--

DROP TABLE IF EXISTS `grupos_asignaturas`;
/*!40101 SET @saved_cs_client     = @@character_set_client */;
 SET character_set_client = utf8mb4 ;
CREATE TABLE `grupos_asignaturas` (
  `idGrupos_asignaturas` int(11) NOT NULL AUTO_INCREMENT,
  `grupo` int(11) DEFAULT NULL,
  `asignatura` int(11) DEFAULT NULL,
  `grupos_areas` int(11) DEFAULT NULL,
  PRIMARY KEY (`idGrupos_asignaturas`),
  KEY `grupoAsignatura_idx` (`asignatura`),
  KEY `grupoGrupo_idx` (`grupo`),
  KEY `grupoArea_idx` (`grupos_areas`),
  CONSTRAINT `grupoArea` FOREIGN KEY (`grupos_areas`) REFERENCES `areaprescolar` (`idareaprescolar`),
  CONSTRAINT `grupoAsignatura` FOREIGN KEY (`asignatura`) REFERENCES `asignaturas` (`idasignaturas`),
  CONSTRAINT `grupoGrupo` FOREIGN KEY (`grupo`) REFERENCES `grupos` (`idgrupos`)
) ENGINE=InnoDB AUTO_INCREMENT=287 DEFAULT CHARSET=utf8mb4 COLLATE=utf8mb4_unicode_ci;
/*!40101 SET character_set_client = @saved_cs_client */;

--
-- Dumping data for table `grupos_asignaturas`
--

LOCK TABLES `grupos_asignaturas` WRITE;
/*!40000 ALTER TABLE `grupos_asignaturas` DISABLE KEYS */;
INSERT INTO `grupos_asignaturas` VALUES (1,2,NULL,1),(2,2,NULL,2),(3,2,NULL,3),(4,2,NULL,4),(5,2,NULL,5),(6,2,NULL,6),(7,2,NULL,7),(8,1,NULL,1),(9,1,NULL,2),(10,1,NULL,3),(11,1,NULL,4),(12,1,NULL,5),(13,1,NULL,6),(14,1,NULL,7),(15,3,43,NULL),(16,3,47,NULL),(17,3,46,NULL),(18,3,28,NULL),(19,3,31,NULL),(20,3,30,NULL),(21,3,32,NULL),(22,3,29,NULL),(23,3,27,NULL),(24,3,26,NULL),(25,3,20,NULL),(26,3,33,NULL),(27,3,48,NULL),(28,20,43,NULL),(29,20,47,NULL),(30,20,46,NULL),(31,20,28,NULL),(32,20,31,NULL),(33,20,30,NULL),(34,20,32,NULL),(35,20,29,NULL),(36,20,27,NULL),(37,20,26,NULL),(38,20,20,NULL),(39,20,33,NULL),(40,20,48,NULL),(41,4,43,NULL),(42,4,47,NULL),(43,4,46,NULL),(44,4,28,NULL),(45,4,31,NULL),(46,4,30,NULL),(47,4,32,NULL),(48,4,29,NULL),(49,4,27,NULL),(50,4,26,NULL),(51,4,20,NULL),(52,4,33,NULL),(53,4,48,NULL),(54,5,43,NULL),(55,5,47,NULL),(56,5,46,NULL),(57,5,28,NULL),(58,5,31,NULL),(59,5,30,NULL),(60,5,32,NULL),(61,5,29,NULL),(62,5,27,NULL),(63,5,26,NULL),(64,5,20,NULL),(65,5,33,NULL),(66,5,48,NULL),(67,6,43,NULL),(68,6,47,NULL),(69,6,46,NULL),(70,6,28,NULL),(71,6,31,NULL),(72,6,30,NULL),(73,6,32,NULL),(74,6,29,NULL),(75,6,27,NULL),(76,6,26,NULL),(77,6,20,NULL),(78,6,33,NULL),(79,6,48,NULL),(80,7,43,NULL),(81,7,47,NULL),(82,7,46,NULL),(83,7,28,NULL),(84,7,31,NULL),(85,7,30,NULL),(86,7,32,NULL),(87,7,29,NULL),(88,7,27,NULL),(89,7,26,NULL),(90,7,20,NULL),(91,7,33,NULL),(92,7,48,NULL),(93,8,43,NULL),(94,8,47,NULL),(95,8,46,NULL),(96,8,28,NULL),(97,8,31,NULL),(98,8,30,NULL),(99,8,32,NULL),(100,8,29,NULL),(101,8,27,NULL),(102,8,26,NULL),(103,8,20,NULL),(104,8,33,NULL),(105,8,48,NULL),(106,9,43,NULL),(107,9,47,NULL),(108,9,46,NULL),(109,9,28,NULL),(110,9,31,NULL),(111,9,30,NULL),(112,9,32,NULL),(113,9,29,NULL),(114,9,27,NULL),(115,9,26,NULL),(116,9,20,NULL),(117,9,33,NULL),(118,9,48,NULL),(119,10,43,NULL),(120,10,47,NULL),(121,10,46,NULL),(122,10,28,NULL),(123,10,31,NULL),(124,10,30,NULL),(125,10,32,NULL),(126,10,29,NULL),(127,10,27,NULL),(128,10,26,NULL),(129,10,20,NULL),(130,10,33,NULL),(131,10,48,NULL),(132,11,43,NULL),(133,11,47,NULL),(134,11,46,NULL),(135,11,28,NULL),(136,11,31,NULL),(137,11,30,NULL),(138,11,32,NULL),(139,11,29,NULL),(140,11,27,NULL),(141,11,26,NULL),(142,11,20,NULL),(143,11,33,NULL),(144,11,48,NULL),(145,12,43,NULL),(146,12,28,NULL),(147,12,46,NULL),(148,12,47,NULL),(149,12,32,NULL),(150,12,31,NULL),(151,12,30,NULL),(152,12,27,NULL),(153,12,26,NULL),(154,12,20,NULL),(155,12,29,NULL),(156,12,35,NULL),(157,12,39,NULL),(158,12,34,NULL),(159,12,36,NULL),(160,12,33,NULL),(161,12,48,NULL),(162,13,43,NULL),(163,13,28,NULL),(164,13,46,NULL),(165,13,47,NULL),(166,13,32,NULL),(167,13,31,NULL),(168,13,30,NULL),(169,13,27,NULL),(170,13,26,NULL),(171,13,20,NULL),(172,13,29,NULL),(173,13,35,NULL),(174,13,39,NULL),(175,13,34,NULL),(176,13,36,NULL),(177,13,33,NULL),(178,13,48,NULL),(179,14,43,NULL),(180,14,28,NULL),(181,14,46,NULL),(182,14,47,NULL),(183,14,32,NULL),(184,14,31,NULL),(185,14,30,NULL),(186,14,27,NULL),(187,14,26,NULL),(188,14,20,NULL),(189,14,29,NULL),(190,14,35,NULL),(191,14,39,NULL),(192,14,34,NULL),(193,14,36,NULL),(194,14,33,NULL),(195,14,48,NULL),(196,15,43,NULL),(197,15,28,NULL),(198,15,46,NULL),(199,15,47,NULL),(200,15,32,NULL),(201,15,31,NULL),(202,15,30,NULL),(203,15,27,NULL),(204,15,26,NULL),(205,15,20,NULL),(206,15,29,NULL),(207,15,35,NULL),(208,15,39,NULL),(209,15,34,NULL),(210,15,36,NULL),(211,15,33,NULL),(212,15,48,NULL),(213,16,43,NULL),(214,16,28,NULL),(215,16,46,NULL),(216,16,47,NULL),(217,16,32,NULL),(218,16,31,NULL),(219,16,30,NULL),(220,16,27,NULL),(221,16,26,NULL),(222,16,20,NULL),(223,16,29,NULL),(224,16,35,NULL),(225,16,40,NULL),(226,16,34,NULL),(227,16,36,NULL),(228,16,33,NULL),(229,16,48,NULL),(230,17,43,NULL),(231,17,28,NULL),(232,17,46,NULL),(233,17,47,NULL),(234,17,32,NULL),(235,17,31,NULL),(236,17,30,NULL),(237,17,27,NULL),(238,17,26,NULL),(239,17,20,NULL),(240,17,29,NULL),(241,17,35,NULL),(242,17,40,NULL),(243,17,34,NULL),(244,17,36,NULL),(245,17,33,NULL),(246,17,48,NULL),(247,18,44,NULL),(248,18,43,NULL),(249,18,23,NULL),(250,18,24,NULL),(251,18,25,NULL),(252,18,28,NULL),(253,18,32,NULL),(254,18,31,NULL),(255,18,30,NULL),(256,18,38,NULL),(257,18,27,NULL),(258,18,26,NULL),(259,18,20,NULL),(260,18,29,NULL),(261,18,35,NULL),(262,18,37,NULL),(263,18,34,NULL),(264,18,36,NULL),(265,18,33,NULL),(266,18,48,NULL),(267,19,44,NULL),(268,19,43,NULL),(269,19,23,NULL),(270,19,24,NULL),(271,19,25,NULL),(272,19,28,NULL),(273,19,32,NULL),(274,19,31,NULL),(275,19,30,NULL),(276,19,38,NULL),(277,19,27,NULL),(278,19,26,NULL),(279,19,20,NULL),(280,19,29,NULL),(281,19,35,NULL),(282,19,37,NULL),(283,19,34,NULL),(284,19,36,NULL),(285,19,33,NULL),(286,19,48,NULL);
/*!40000 ALTER TABLE `grupos_asignaturas` ENABLE KEYS */;
UNLOCK TABLES;

--
-- Table structure for table `grupos_estudiantes`
--

DROP TABLE IF EXISTS `grupos_estudiantes`;
/*!40101 SET @saved_cs_client     = @@character_set_client */;
 SET character_set_client = utf8mb4 ;
CREATE TABLE `grupos_estudiantes` (
  `idgrupos_estudiantes` int(11) NOT NULL AUTO_INCREMENT,
  `estudiante` varchar(50) NOT NULL,
  `grupo` int(11) DEFAULT NULL,
  `año` varchar(10) DEFAULT NULL,
  `EstadoEstudiante` varchar(100) DEFAULT NULL,
  PRIMARY KEY (`idgrupos_estudiantes`),
  KEY `grupofk_idx` (`grupo`),
  KEY `estudiantefk_idx` (`estudiante`),
  CONSTRAINT `estudiantefk` FOREIGN KEY (`estudiante`) REFERENCES `estudiantes` (`identificacion`),
  CONSTRAINT `grupofk` FOREIGN KEY (`grupo`) REFERENCES `grupos` (`idgrupos`)
) ENGINE=InnoDB AUTO_INCREMENT=691 DEFAULT CHARSET=utf8mb4 COLLATE=utf8mb4_unicode_ci;
/*!40101 SET character_set_client = @saved_cs_client */;

--
-- Dumping data for table `grupos_estudiantes`
--

LOCK TABLES `grupos_estudiantes` WRITE;
/*!40000 ALTER TABLE `grupos_estudiantes` DISABLE KEYS */;
INSERT INTO `grupos_estudiantes` VALUES (1,'1063299730',2,'2019','Matriculado'),(2,'11207192',2,'2019','Matriculado'),(3,'1120750598',2,'2019','Matriculado'),(4,'1120750711',2,'2019','Matriculado'),(5,'1120750729',2,'2019','Matriculado'),(6,'1120750839',2,'2019','Matriculado'),(7,'1120750868',2,'2019','Matriculado'),(8,'1120750922',2,'2019','Matriculado'),(9,'1120751026',2,'2019','Matriculado'),(10,'1120751061',2,'2019','Matriculado'),(11,'1120751474',2,'2019','Matriculado'),(12,'1120753213',2,'2019','Matriculado'),(13,'1121044786',2,'2019','Matriculado'),(14,'1121044802',2,'2019','Matriculado'),(15,'1123973649',2,'2019','Matriculado'),(16,'1123973791',2,'2019','Matriculado'),(17,'1123973824',2,'2019','Matriculado'),(18,'1123973837',1,'2019','Matriculado'),(19,'1123973986',2,'2019','Matriculado'),(20,'1123974065',2,'2019','Matriculado'),(21,'1123974077',2,'2019','Matriculado'),(22,'1119709878',1,'2019','Matriculado'),(23,'1120244591',1,'2019','Matriculado'),(24,'1120749254',1,'2019','Matriculado'),(25,'1120749294',1,'2019','Matriculado'),(26,'1120749296',1,'2019','Matriculado'),(27,'1120749616',1,'2019','Matriculado'),(28,'1120749732',1,'2019','Matriculado'),(29,'1120750024',2,'2019','Matriculado'),(30,'1120750030',1,'2019','Matriculado'),(31,'1120750050',1,'2019','Matriculado'),(32,'1120750175',2,'2019','Matriculado'),(33,'1120750208',1,'2019','Matriculado'),(34,'1120750209',1,'2019','Matriculado'),(35,'1120750252',1,'2019','Matriculado'),(36,'1120750356',1,'2019','Matriculado'),(37,'1120750936',2,'2019','Matriculado'),(38,'1120750960',1,'2019','Matriculado'),(39,'1122411492',1,'2019','Matriculado'),(40,'1123973919',1,'2019','Matriculado'),(41,'1124521978',1,'2019','Matriculado'),(42,'52735288',1,'2019','Matriculado'),(43,'6033724',1,'2019','Matriculado'),(44,'N142724356972',1,'2019','Matriculado'),(45,'N142724361539',2,'2019','Matriculado'),(46,'1118872352',1,'2019','Matriculado'),(47,'1120747919',3,'2019','Matriculado'),(48,'1120748627',3,'2019','Matriculado'),(49,'1120749425',3,'2019','Matriculado'),(50,'1120749528',1,'2019','Matriculado'),(51,'1120751107',3,'2019','Matriculado'),(52,'1122817185',3,'2019','Matriculado'),(53,'1123973408',3,'2019','Matriculado'),(54,'1123973423',1,'2019','Matriculado'),(56,'1123973504',3,'2019','Matriculado'),(57,'1123974545',3,'2019','Matriculado'),(58,'1124068074',3,'2019','Retirado'),(59,'1175463115',3,'2019','Matriculado'),(60,'3965360',3,'2019','Matriculado'),(61,'52735731',20,'2019','Matriculado'),(62,'5769072',3,'2019','Matriculado'),(67,'1041775418',4,'2019','Matriculado'),(68,'1118835644',4,'2019','Matriculado'),(69,'1120745138',4,'2019','Matriculado'),(70,'1120746182',4,'2019','Matriculado'),(71,'1120746669',4,'2019','Matriculado'),(72,'1120746936',4,'2019','Matriculado'),(73,'1120747245',4,'2019','Matriculado'),(74,'1120747382',4,'2019','Matriculado'),(75,'1120747464',4,'2019','Matriculado'),(76,'1120747862',4,'2019','Matriculado'),(77,'1120748611',4,'2019','Matriculado'),(78,'1120748612',20,'2019','Matriculado'),(79,'1120748816',4,'2019','Matriculado'),(80,'1120754480',4,'2019','Matriculado'),(81,'1120755349',4,'2019','Matriculado'),(82,'1122408559',4,'2019','Matriculado'),(83,'1123972182',4,'2019','Matriculado'),(84,'1124621977',4,'2019','Matriculado'),(85,'11276464056',4,'2019','Matriculado'),(86,'112919198',4,'2019','Matriculado'),(87,'1151462013',4,'2019','Matriculado'),(88,'1151462052',4,'2019','Matriculado'),(89,'1176464079',4,'2019','Matriculado'),(90,'1223973055',4,'2019','Matriculado'),(91,'14350004',4,'2019','Matriculado'),(92,'3329126',4,'2019','Matriculado'),(93,'3380658',4,'2019','Matriculado'),(94,'4741430',4,'2019','Matriculado'),(95,'5165172',4,'2019','Matriculado'),(96,'85469246',4,'2019','Matriculado'),(97,'92071297',4,'2019','Matriculado'),(98,'N44553266989',4,'2019','Matriculado'),(99,'1011212054',5,'2019','Matriculado'),(100,'1065896614',5,'2019','Matriculado'),(101,'1081825258',5,'2019','Matriculado'),(102,'1118872353',3,'2019','Matriculado'),(103,'1120744591',5,'2019','Matriculado'),(104,'1120747381',5,'2019','Matriculado'),(105,'1120747604',5,'2019','Matriculado'),(106,'1120747722',5,'2019','Matriculado'),(107,'1120747808',5,'2019','Matriculado'),(108,'1120747824',5,'2019','Matriculado'),(109,'1120747977',5,'2019','Matriculado'),(110,'1120747997',5,'2019','Matriculado'),(111,'1120748352',5,'2019','Matriculado'),(112,'1123415921',5,'2019','Matriculado'),(113,'1123972043',4,'2019','Matriculado'),(114,'1123972884',5,'2019','Matriculado'),(115,'1134973296',5,'2019','Matriculado'),(116,'1176463900',5,'2019','Matriculado'),(117,'1176464245',5,'2019','Matriculado'),(118,'1222408402',5,'2019','Matriculado'),(119,'3623109',5,'2019','Matriculado'),(120,'4445967',5,'2019','Matriculado'),(121,'4705223',5,'2019','Matriculado'),(122,'N142724361576',5,'2019','Matriculado'),(123,'N44553190121',5,'2019','Retirado'),(124,'1028890268',6,'2019','Matriculado'),(125,'1081921227',6,'2019','Matriculado'),(126,'1082248226',6,'2019','Matriculado'),(127,'1120744482',6,'2019','Matriculado'),(128,'1120746379',6,'2019','Matriculado'),(129,'1120746525',6,'2019','Matriculado'),(130,'1120746564',6,'2019','Matriculado'),(131,'1120746587',6,'2019','Matriculado'),(132,'1120747712',6,'2019','Matriculado'),(133,'1121042972',6,'2019','Matriculado'),(134,'1121043485',6,'2019','Matriculado'),(135,'1121045764',6,'2019','Matriculado'),(136,'1123971630',6,'2019','Matriculado'),(137,'1123971912',6,'2019','Matriculado'),(138,'1123974594',6,'2019','Matriculado'),(139,'1126119434',6,'2019','Matriculado'),(140,'1151462017',6,'2019','Matriculado'),(141,'1151462023',6,'2019','Matriculado'),(142,'1151462035',6,'2019','Matriculado'),(143,'1176463669',6,'2019','Matriculado'),(144,'1176463795',6,'2019','Matriculado'),(145,'1235239815',6,'2019','Matriculado'),(146,'15537635',6,'2019','Matriculado'),(147,'20439718',6,'2019','Matriculado'),(148,'22819350',6,'2019','Matriculado'),(149,'27059793',6,'2019','Matriculado'),(150,'31620983',6,'2019','Matriculado'),(151,'32418502',6,'2019','Matriculado'),(152,'32506193',6,'2019','Matriculado'),(153,'32529834',6,'2019','Matriculado'),(154,'73291187',6,'2019','Matriculado'),(155,'92601901',6,'2019','Matriculado'),(156,'1028665209',7,'2019','Matriculado'),(157,'1047049933',7,'2019','Matriculado'),(158,'1082914911',7,'2019','Matriculado'),(159,'1119839803',7,'2019','Matriculado'),(160,'1120743015',7,'2019','Matriculado'),(161,'1120743298',7,'2019','Matriculado'),(162,'1120745919',6,'2019','Matriculado'),(163,'1120746588',7,'2019','Matriculado'),(164,'1120746602',7,'2019','Matriculado'),(165,'1120747045',7,'2019','Matriculado'),(166,'1120748430',7,'2019','Matriculado'),(167,'1123971312',7,'2019','Matriculado'),(168,'1123971822',7,'2019','Matriculado'),(169,'1123971913',7,'2019','Matriculado'),(170,'1123972418',7,'2019','Matriculado'),(171,'1143442763',7,'2019','Matriculado'),(172,'1176463503',7,'2019','Matriculado'),(173,'1176463632',7,'2019','Matriculado'),(174,'32276209',7,'2019','Matriculado'),(175,'50516227',7,'2019','Matriculado'),(176,'1046428030',8,'2019','Retirado'),(177,'1067032116',8,'2019','Matriculado'),(178,'1070328699',8,'2019','Matriculado'),(179,'1081922883',8,'2019','Matriculado'),(180,'1120740891',8,'2019','Matriculado'),(181,'1120742889',9,'2019','Matriculado'),(182,'1120743338',8,'2019','Matriculado'),(183,'1120743433',8,'2019','Matriculado'),(184,'1120744123',8,'2019','Matriculado'),(185,'1120744499',8,'2019','Matriculado'),(186,'1120745294',8,'2019','Matriculado'),(187,'1120745394',8,'2019','Matriculado'),(188,'1120745502',8,'2019','Matriculado'),(189,'1120746608',8,'2019','Matriculado'),(190,'1121042544',8,'2019','Matriculado'),(191,'1121044283',8,'2019','Matriculado'),(192,'1122404684',8,'2019','Matriculado'),(193,'1122818950',8,'2019','Retirado'),(194,'1123970795',8,'2019','Matriculado'),(195,'1123971371',8,'2019','Matriculado'),(196,'1123972124',8,'2019','Matriculado'),(197,'1123972451',8,'2019','Matriculado'),(198,'1123972627',8,'2019','Matriculado'),(199,'1123974843',8,'2019','Matriculado'),(200,'1124037576',8,'2019','Retirado'),(201,'1148956816',8,'2019','Retirado'),(202,'1148957034',8,'2019','Retirado'),(203,'1151455820',8,'2019','Matriculado'),(204,'1151461988',8,'2019','Retirado'),(205,'1151462010',8,'2019','Retirado'),(206,'1151462024',8,'2019','Retirado'),(207,'1151462067',8,'2019','Retirado'),(208,'1214213231',8,'2019','Retirado'),(209,'15366348',8,'2019','Retirado'),(210,'22655610',8,'2019','Retirado'),(211,'25667594',8,'2019','Retirado'),(212,'303097',8,'2019','Retirado'),(213,'31920172',8,'2019','Matriculado'),(214,'77081212',8,'2019','Retirado'),(215,'85447533',8,'2019','Retirado'),(216,'92071339',8,'2019','Retirado'),(217,'N44552769622',8,'2019','Matriculado'),(218,'N44552926705',8,'2019','Matriculado'),(219,'N44552960719',8,'2019','Matriculado'),(220,'1052967111',9,'2019','Matriculado'),(221,'1120243396',9,'2019','Matriculado'),(222,'1120740954',9,'2019','Matriculado'),(223,'1120741532',9,'2019','Matriculado'),(224,'1120743168',9,'2019','Matriculado'),(225,'1120744362',9,'2019','Matriculado'),(226,'1120745126',9,'2019','Matriculado'),(227,'1120745334',9,'2019','Matriculado'),(228,'1120745584',9,'2019','Matriculado'),(229,'1120746617',9,'2019','Matriculado'),(230,'1121042882',9,'2019','Matriculado'),(231,'1121331769',9,'2019','Matriculado'),(232,'1122811673',9,'2019','Matriculado'),(233,'1122812676',9,'2019','Matriculado'),(234,'1123970592',9,'2019','Matriculado'),(235,'1123970752',9,'2019','Matriculado'),(236,'1123971085',9,'2019','Matriculado'),(237,'1123971741',9,'2019','Matriculado'),(238,'1123972000',9,'2019','Matriculado'),(239,'1123972458',9,'2019','Matriculado'),(240,'1123973151',9,'2019','Matriculado'),(241,'1123974208',9,'2019','Matriculado'),(242,'1143432212',9,'2019','Matriculado'),(243,'N1120743338',9,'2019','Matriculado'),(244,'1001555050',10,'2019','Retirado'),(245,'1082245316',10,'2019','Matriculado'),(246,'1082932837',10,'2019','Matriculado'),(247,'1090376615',10,'2019','Retirado'),(248,'1120658770',10,'2019','Matriculado'),(249,'1120738893',10,'2019','Matriculado'),(250,'1120741527',10,'2019','Matriculado'),(251,'1120741533',10,'2019','Matriculado'),(252,'1120743916',10,'2019','Matriculado'),(253,'1120743921',10,'2019','Matriculado'),(254,'1120744985',10,'2019','Matriculado'),(255,'1121330958',10,'2019','Matriculado'),(256,'1121539361',10,'2019','Matriculado'),(257,'1122398214',10,'2019','Matriculado'),(258,'1122403432',10,'2019','Matriculado'),(259,'1123071766',10,'2019','Matriculado'),(260,'1123971583',10,'2019','Matriculado'),(261,'1123971872',10,'2019','Matriculado'),(262,'1123972102',10,'2019','Matriculado'),(263,'1124025457',10,'2019','Matriculado'),(264,'1130294869',10,'2019','Matriculado'),(265,'1151461963',10,'2019','Retirado'),(266,'1151461978',10,'2019','Retirado'),(268,'1151462043',10,'2019','Retirado'),(269,'1151462056',10,'2019','Retirado'),(270,'1235239816',10,'2019','Matriculado'),(271,'17671520',10,'2019','Retirado'),(272,'42938711',10,'2019','Retirado'),(273,'49652512',10,'2019','Retirado'),(274,'57448543',10,'2019','Retirado'),(275,'9161827',10,'2019','Retirado'),(276,'9177258',10,'2019','Retirado'),(277,'N142724355064',11,'2019','Matriculado'),(278,'N142724357055',10,'2019','Matriculado'),(279,'1025893532',11,'2019','Matriculado'),(280,'1065618204',11,'2019','Matriculado'),(281,'1118828752',11,'2019','Matriculado'),(282,'1120242718',11,'2019','Matriculado'),(283,'1120741602',11,'2019','Matriculado'),(284,'1120742919',11,'2019','Matriculado'),(285,'1120744454',11,'2019','Matriculado'),(286,'1120745029',11,'2019','Matriculado'),(287,'1120745152',11,'2019','Matriculado'),(288,'1121334319',11,'2019','Matriculado'),(289,'1122402542',11,'2019','Matriculado'),(290,'1123971324',11,'2019','Matriculado'),(291,'1123971638',11,'2019','Matriculado'),(292,'1123971893',11,'2019','Matriculado'),(293,'1123972096',11,'2019','Matriculado'),(294,'1123974209',11,'2019','Matriculado'),(295,'38870798',11,'2019','Matriculado'),(296,'N142724357060',11,'2019','Matriculado'),(297,'1006713516',12,'2019','Matriculado'),(298,'1025524217',12,'2019','Matriculado'),(299,'1063953591',12,'2019','Matriculado'),(300,'1065608009',12,'2019','Matriculado'),(301,'1065859350',12,'2019','Matriculado'),(302,'1066730931',12,'2019','Matriculado'),(303,'1081910128',12,'2019','Matriculado'),(304,'1120739537',15,'2019','Matriculado'),(305,'1120739758',12,'2019','Matriculado'),(306,'1120741526',12,'2019','Matriculado'),(307,'1120741531',12,'2019','Matriculado'),(308,'1120742543',12,'2019','Matriculado'),(309,'1120743284',12,'2019','Matriculado'),(310,'1120743432',12,'2019','Matriculado'),(311,'1120743436',12,'2019','Matriculado'),(312,'1120743460',12,'2019','Matriculado'),(313,'1120743470',12,'2019','Matriculado'),(314,'1120743786',12,'2019','Matriculado'),(315,'1120752884',12,'2019','Matriculado'),(316,'1123403552',13,'2019','Matriculado'),(317,'1123730032',13,'2019','Matriculado'),(318,'1123971518',12,'2019','Matriculado'),(319,'1123971679',12,'2019','Matriculado'),(320,'1123972463',12,'2019','Matriculado'),(323,'1124024713',12,'2019','Matriculado'),(324,'1128738573',12,'2019','Matriculado'),(325,'1130294870',12,'2019','Matriculado'),(326,'1151462016',12,'2019','Matriculado'),(327,'1151462066',12,'2019','Matriculado'),(328,'1193325276',12,'2019','Matriculado'),(329,'1214213230',12,'2019','Matriculado'),(330,'2438845',12,'2019','Matriculado'),(331,'3207442',12,'2019','Matriculado'),(332,'43154313',12,'2019','Matriculado'),(333,'77039813',12,'2019','Matriculado'),(334,'N44551626429',12,'2019','Matriculado'),(335,'1001910127',13,'2019','Matriculado'),(336,'1005425167',13,'2019','Matriculado'),(337,'1043655969',13,'2019','Matriculado'),(338,'1062354468',13,'2019','Matriculado'),(339,'1081914168',13,'2019','Matriculado'),(340,'1104694742',13,'2019','Matriculado'),(341,'1120242596',12,'2019','Matriculado'),(342,'1120738899',13,'2019','Matriculado'),(343,'1120740460',13,'2019','Matriculado'),(344,'1120740608',13,'2019','Matriculado'),(345,'1120755348',13,'2019','Matriculado'),(346,'1121330534',13,'2019','Matriculado'),(347,'1121526488',13,'2019','Matriculado'),(348,'1122396616',13,'2019','Matriculado'),(349,'1123970171',13,'2019','Matriculado'),(350,'1123970287',13,'2019','Matriculado'),(351,'1123970315',13,'2019','Matriculado'),(352,'1123970610',13,'2019','Matriculado'),(353,'1123970640',13,'2019','Matriculado'),(354,'1123970702',13,'2019','Matriculado'),(355,'1123970871',13,'2019','Matriculado'),(356,'1123971283',13,'2019','Matriculado'),(357,'1123971874',13,'2019','Matriculado'),(358,'1126123951',13,'2019','Matriculado'),(359,'2968466',13,'2019','Matriculado'),(360,'40301676',13,'2019','Matriculado'),(361,'N142724357041',13,'2019','Matriculado'),(362,'N142724359803',13,'2019','Matriculado'),(363,'V1604852',13,'2019','Matriculado'),(364,'1063647396',14,'2019','Matriculado'),(365,'1063786293',14,'2019','Matriculado'),(366,'1065583724',15,'2019','Matriculado'),(367,'1119392967',14,'2019','Matriculado'),(368,'1120741047',14,'2019','Matriculado'),(369,'1120741534',14,'2019','Matriculado'),(370,'1120741736',14,'2019','Matriculado'),(371,'1120742256',14,'2019','Matriculado'),(372,'1120742585',14,'2019','Matriculado'),(373,'1120742847',14,'2019','Matriculado'),(374,'1120742951',14,'2019','Matriculado'),(375,'1122401810',12,'2019','Matriculado'),(376,'1123403003',14,'2019','Matriculado'),(377,'1123970426',14,'2019','Matriculado'),(378,'1123970689',14,'2019','Matriculado'),(379,'1123970787',14,'2019','Matriculado'),(380,'1123971044',14,'2019','Matriculado'),(381,'1123971128',14,'2019','Matriculado'),(382,'1123971244',14,'2019','Matriculado'),(383,'1123971315',14,'2019','Matriculado'),(384,'1123971472',14,'2019','Matriculado'),(385,'36623210',14,'2019','Matriculado'),(386,'1006680766',15,'2019','Matriculado'),(387,'1081907882',15,'2019','Matriculado'),(388,'1081909663',15,'2019','Matriculado'),(389,'1081911561',15,'2019','Matriculado'),(390,'1120739848',15,'2019','Matriculado'),(391,'1120741289',15,'2019','Matriculado'),(392,'1120741529',15,'2019','Matriculado'),(393,'1120742292',15,'2019','Matriculado'),(394,'1120745878',15,'2019','Matriculado'),(395,'1120749649',15,'2019','Matriculado'),(396,'1120756226',15,'2019','Matriculado'),(397,'1120756227',15,'2019','Matriculado'),(398,'1122403248',15,'2019','Matriculado'),(399,'1123970511',15,'2019','Matriculado'),(400,'1123971006',15,'2019','Matriculado'),(401,'1123974593',15,'2019','Matriculado'),(402,'1151455818',15,'2019','Matriculado'),(403,'1193325238',15,'2019','Matriculado'),(404,'1004281137',16,'2019','Matriculado'),(405,'1042247786',16,'2019','Matriculado'),(406,'1066869890',16,'2019','Matriculado'),(407,'1120738082',16,'2019','Matriculado'),(408,'1120740207',16,'2019','Matriculado'),(409,'1120740304',16,'2019','Matriculado'),(410,'1120740663',16,'2019','Matriculado'),(411,'1120741018',16,'2019','Matriculado'),(412,'1120741507',16,'2019','Matriculado'),(413,'1120741530',16,'2019','Matriculado'),(414,'1122398959',16,'2019','Matriculado'),(415,'1123730031',16,'2019','Matriculado'),(416,'1123970524',16,'2019','Matriculado'),(417,'1123970545',16,'2019','Matriculado'),(418,'1123970708',16,'2019','Matriculado'),(419,'1123970839',16,'2019','Matriculado'),(420,'1123970840',16,'2019','Matriculado'),(421,'1123970911',16,'2019','Matriculado'),(422,'1193364970',16,'2019','Matriculado'),(423,'35162773',16,'2019','Matriculado'),(424,'36081440',16,'2019','Matriculado'),(425,'38128089',16,'2019','Matriculado'),(426,'38869761',16,'2019','Matriculado'),(427,'39233056',16,'2019','Matriculado'),(428,'1003427451',17,'2019','Matriculado'),(429,'1004281107',17,'2019','Matriculado'),(430,'1004284754',17,'2019','Matriculado'),(431,'1006713685',17,'2019','Matriculado'),(432,'1006713964',17,'2019','Matriculado'),(433,'1006714119',17,'2019','Matriculado'),(434,'1006714510',17,'2019','Matriculado'),(435,'1006791174',17,'2019','Matriculado'),(436,'1081908853',17,'2019','Matriculado'),(437,'1120738064',17,'2019','Matriculado'),(438,'1120738936',17,'2019','Matriculado'),(439,'1120738990',17,'2019','Matriculado'),(440,'1120739006',17,'2019','Matriculado'),(441,'1120739557',17,'2019','Matriculado'),(442,'1120739654',17,'2019','Matriculado'),(443,'1120739847',17,'2019','Matriculado'),(444,'1120741525',17,'2019','Matriculado'),(445,'1120743955',17,'2019','Matriculado'),(446,'1122397514',17,'2019','Matriculado'),(447,'1122398532',17,'2019','Matriculado'),(448,'1123970276',17,'2019','Matriculado'),(449,'1123970303',17,'2019','Matriculado'),(450,'1123970731',17,'2019','Matriculado'),(451,'1192736148',17,'2019','Matriculado'),(452,'1193354134',17,'2019','Matriculado'),(453,'1193359867',17,'2019','Matriculado'),(454,'1193442848',17,'2019','Matriculado'),(455,'34195146',17,'2019','Matriculado'),(456,'1002316979',18,'2019','Matriculado'),(457,'1063950647',18,'2019','Matriculado'),(458,'1120738208',18,'2019','Matriculado'),(459,'1120739002',18,'2019','Matriculado'),(460,'1120743954',18,'2019','Matriculado'),(461,'1120745877',18,'2019','Matriculado'),(462,'1123970461',18,'2019','Matriculado'),(463,'1123972060',18,'2019','Matriculado'),(464,'1193307938',18,'2019','Matriculado'),(465,'1193325307',18,'2019','Matriculado'),(466,'1193354161',18,'2019','Matriculado'),(467,'1004178587',19,'2019','Matriculado'),(468,'1006680570',19,'2019','Matriculado'),(469,'1006713710',19,'2019','Matriculado'),(470,'1006713896',19,'2019','Matriculado'),(471,'1006746190',19,'2019','Matriculado'),(472,'1063950648',19,'2019','Matriculado'),(473,'1081906604',19,'2019','Matriculado'),(474,'1122465182',19,'2019','Matriculado'),(475,'1192810802',19,'2019','Matriculado'),(476,'1193428582',19,'2019','Matriculado'),(477,'1063963459',20,'2019','Matriculado'),(478,'1093778395',2,'2019','Matriculado'),(479,'1118843557',20,'2019','Matriculado'),(480,'1120747883',20,'2019','Retirado'),(481,'1120748059',20,'2019','Matriculado'),(482,'1120748344',20,'2019','Matriculado'),(483,'1120748672',20,'2019','Matriculado'),(484,'1120748899',20,'2019','Matriculado'),(485,'1120748907',20,'2019','Matriculado'),(486,'1120749189',20,'2019','Matriculado'),(487,'1120749293',20,'2019','Matriculado'),(488,'1120749389',20,'2019','Matriculado'),(489,'1120749419',20,'2019','Matriculado'),(490,'1120751070',20,'2019','Matriculado'),(491,'1120752212',20,'2019','Matriculado'),(492,'11239733560',20,'2019','Matriculado'),(493,'1123973462',20,'2019','Matriculado'),(494,'1124052876',2,'2019','Matriculado'),(495,'1176463499',20,'2019','Matriculado'),(496,'4658991',20,'2019','Matriculado'),(497,'5483646',20,'2019','Matriculado'),(498,'N142723859196',20,'2019','Retirado'),(504,'1123971036',12,'2019','Matriculado'),(505,'1120748284',12,'2019','Matriculado'),(506,'142724369264',12,'2019','Matriculado'),(507,'1121299169',12,'2019','Matriculado'),(508,'123456',12,'2019','Matriculado'),(509,'1234567',13,'2019','Matriculado'),(510,'12345678',14,'2019','Matriculado'),(511,'1043588500',14,'2019','Matriculado'),(512,'1122814736',14,'2019','Matriculado'),(513,'1082242397',15,'2019','Matriculado'),(514,'1122402519',15,'2019','Matriculado'),(515,'10464011240',16,'2019','Matriculado'),(516,'38170418',16,'2019','Matriculado'),(517,'1003947619',16,'2019','Matriculado'),(518,'123456788',16,'2019','Matriculado'),(519,'1123970562',16,'2019','Matriculado'),(520,'1123972061',17,'2019','Matriculado'),(521,'1121327440',17,'2019','Matriculado'),(522,'1193354127',18,'2019','Matriculado'),(523,'142724442523',2,'2019','Matriculado'),(524,'142724442522',2,'2019','Matriculado'),(525,'1122411246',2,'2019','Matriculado'),(526,'142724355075',2,'2019','Matriculado'),(527,'142724367888',2,'2019','Matriculado'),(528,'1122750264',2,'2019','Matriculado'),(529,'5415361',2,'2019','Matriculado'),(530,'6607167',2,'2019','Matriculado'),(531,'1122412117',2,'2019','Matriculado'),(532,'6488261',2,'2019','Matriculado'),(533,'1120750405',2,'2019','Matriculado'),(534,'5417690',1,'2019','Matriculado'),(535,'142724361539',1,'2019','Matriculado'),(536,'1122412621',1,'2019','Matriculado'),(537,'1122412622',1,'2019','Matriculado'),(538,'5915065',1,'2019','Matriculado'),(539,'1122819447',1,'2019','Matriculado'),(540,'1122409638',7,'2019','Matriculado'),(541,'142724374651',7,'2019','Matriculado'),(542,'142724372336',7,'2019','Matriculado'),(543,'1081923768',12,'2019','Matriculado'),(544,'1123873503',3,'2019','Matriculado'),(545,'142724372620',3,'2019','Matriculado'),(546,'142724362290',3,'2019','Matriculado'),(547,'1119399840',3,'2019','Matriculado'),(548,'1120746281',3,'2019','Matriculado'),(549,'142724412719',3,'2019','Matriculado'),(550,'1122409547',3,'2019','Matriculado'),(551,'142724400065',3,'2019','Matriculado'),(552,'142724367862',11,'2019','Matriculado'),(553,'1123732413',11,'2019','Matriculado'),(554,'1120741063',10,'2019','Matriculado'),(555,'1120744564',9,'2019','Matriculado'),(617,'5383383',2,'2019','Matriculado'),(622,'1122819447',2,'2019','Matriculado'),(628,'1120750405',1,'2019','Matriculado'),(634,'3389773',3,'2019','Matriculado'),(635,'3389774',3,'2019','Matriculado'),(636,'1081923768',3,'2019','Matriculado'),(637,'1176463561',20,'2019','Matriculado'),(639,'1123972154',20,'2019','Matriculado'),(640,'5485328',20,'2019','Matriculado'),(641,'142724355071',20,'2019','Matriculado'),(642,'142724373061',20,'2019','Matriculado'),(650,'04174600000',4,'2019','Matriculado'),(651,'1120243842',20,'2019','Matriculado'),(652,'142724376174',20,'2019','Matriculado'),(653,'39671910',5,'2019','Matriculado'),(654,'1207963021',5,'2019','Matriculado'),(655,'142724374644',5,'2019','Matriculado'),(656,'142724373712',5,'2019','Matriculado'),(657,'1122409548',5,'2019','Matriculado'),(658,'04184600000',6,'2019','Matriculado'),(659,'1118823882',7,'2019','Matriculado'),(660,'075454210',8,'2019','Matriculado'),(661,'142724374323',9,'2019','Matriculado'),(662,'N142723859876',3,'2019','Matriculado'),(674,'142724424402',20,'2019','Matriculado'),(678,'1083574779',3,'2019','Matriculado'),(679,'1120745315',5,'2019','Matriculado'),(680,'0000141432',5,'2019','Matriculado'),(681,'000099764',10,'2019','Matriculado');
/*!40000 ALTER TABLE `grupos_estudiantes` ENABLE KEYS */;
UNLOCK TABLES;

--
-- Table structure for table `login`
--

DROP TABLE IF EXISTS `login`;
/*!40101 SET @saved_cs_client     = @@character_set_client */;
 SET character_set_client = utf8mb4 ;
CREATE TABLE `login` (
  `idlogin` int(11) NOT NULL AUTO_INCREMENT,
  `username` varchar(50) NOT NULL,
  `password` varchar(555) NOT NULL,
  `email` varchar(255) DEFAULT NULL,
  `nombreUser` varchar(50) DEFAULT NULL,
  `fechaAdded` datetime DEFAULT NULL,
  `docente` int(11) DEFAULT NULL,
  `cargo` int(11) NOT NULL,
  PRIMARY KEY (`idlogin`),
  KEY `fk_login_cargo1_idx` (`cargo`),
  KEY `docente_id_fk_idx` (`docente`),
  CONSTRAINT `docente_id_fk` FOREIGN KEY (`docente`) REFERENCES `docentes` (`iddocente`),
  CONSTRAINT `fk_login_cargo1` FOREIGN KEY (`cargo`) REFERENCES `cargo` (`idcargo`)
) ENGINE=InnoDB AUTO_INCREMENT=45 DEFAULT CHARSET=utf8;
/*!40101 SET character_set_client = @saved_cs_client */;

--
-- Dumping data for table `login`
--

LOCK TABLES `login` WRITE;
/*!40000 ALTER TABLE `login` DISABLE KEYS */;
INSERT INTO `login` VALUES (20,'5159627','$2y$10$Z1p2U/QpFAo9E58J3.mpueU.vKdUawbi557Jt4GX/WmJYac3PPV.W','japi544@hotmail.com','JOSE ANTONIO','2019-03-26 05:03:07',5159627,3),(21,'56054248','$2y$10$u4e9DMg2jsrwdi7kx3PpXehzdUVlsTk4XlnX7Zg2yvRctS5OyOW56','cielomar007@yahoo.es','CIELO MAR','2019-03-26 20:03:16',56054248,3),(23,'12345','$2y$10$Tcj0hXIDDP2EDEyf0aCSiuh8d8LQY0enenmZ3MHzkqVEyc.b6ulJ.','coordinador@gmail.com','Coordinador','2019-03-18 09:42:44',NULL,2),(24,'56059388','$2y$10$FQTFkNHtddhEBzzs1atgNe32Tzub.my/NwPc6pwGrfzq89Ty6mh4G','yomaira@gmail.com','YOMAIRA','2019-04-01 20:04:52',56059388,3),(25,'5160113','$2y$10$FYSJVo9KARc3rFxQzvTBZ.zPRG9YsnYv9MEOzxoj/OU42jzhSoPNe','carlosargotef59@gmail.com','CARLOS RAFAEL','2019-04-04 18:04:17',5160113,3),(26,'12560338','$2y$10$zniKUb55J7BSGGKnRGvHJ.GyTcI4YHuQ4.L7bpxNMyQjisPLClyzq','magaor1224@gmail.com','MANUEL FRANCISCO','2019-04-05 15:04:06',12560338,3),(27,'13349828','$2y$10$jJCWPPtOQBLLpIbOz4yE8um1nn9M/i2UKT.PMKS.WsQA.ZhuhTI1q','w.gsolanog2030@gmail.com','WILSON HIPOLITO','2019-04-05 15:04:32',13349828,3),(28,'77019809','$2y$10$6kSzrU6/eo8N5pbHWcO77..Vn39oqMaULJelMAmLXP7OEALvnkZkG','jacontam11@yahoo.com','JAVIER','2019-04-05 15:04:29',77019809,3),(29,'27005405','$2y$10$DHBb6pzd3SIExZQ2zjWx3e/OjtfVTEZo8pJzcc81jILfvfKT6m.m2','marelvisbulavasquez@hotmail.com','MARELVIS BEATRIZ','2019-04-05 15:04:43',27005405,3),(30,'5819604','$2y$10$4oGT5ZM8sWk0m9B7zv33DOHV57HoUHdaUZqF.8QejOvbgRYpqDAwu','robertocarloromero@hotmail.com','ROBERTO','2019-04-05 15:04:51',5819604,3),(31,'17975082','$2y$10$/0ItwMSUy/oKqgL9lNLQPuMQO7aUM9iXWQnT7Ef55d1VPo04Je272','edisonvizval75@hotmail.com','EDISON ANTONIO','2019-04-05 16:04:50',17975082,3),(32,'57403196','$2y$10$OAfQSKIW1hE/92AfMGsrl.XukySZyOkc15LjLEYcGxRZe1SXkioom','ietagru@gmail.com','MARIA CECILIA','2019-04-05 16:04:02',57403196,3),(33,'1082887431','$2y$10$bhglFvIfUIMq2bHqiRdXV.itXEP5hiLIn.W8ojD17DhJ8uHrZPHne','sindykar31@hotmail.com','SINDY JOHANA','2019-04-05 16:04:19',1082887431,3),(34,'26996297','$2y$10$Pnz4A92T1h1f8gw4cyfePeUZNWndvBA9fbvSKxF0.ppLyPRwbOJSe','mirthasarmi@hotmail.com','MIRTA','2019-04-05 16:04:32',26996297,3),(35,'17954526','$2y$10$mSvEvDYN2tk.4BCwEB/b3eFTdcByTfI8ZHU6wbOjMZJIGP7k7k1ta','aimerballesteros@hotmail.com','AIMER HERNANDO','2019-04-05 16:04:10',17954526,3),(36,'26995289','$2y$10$LZVBaOeetWGXpEeAyTu.e.ioie98IfT1fu3zX6M32IfdTNjUJYkta','yarilzagamez@hotmail.com','YARILZA BEATRIZ','2019-04-05 16:04:11',26995289,3),(37,'56057871','$2y$10$R0vHW0KRwrMsACB4HUG2tutR1HECygR2atw4rLh7a8Tv3a1WR1Yja','mairaalejandraballesterosgarcia07@hotmail.com','MAIRA ALEJANDRA','2019-04-05 16:04:06',56057871,3),(38,'56053751','$2y$10$zUsx1XICIzmuVkMOWLa0R.NkG1nyAz8SeoHn09qUueFAP89tqZ4y2','martaguerrapitre@gmail.com','MARTA OTILIA','2019-04-05 16:04:04',56053751,3),(39,'27002001','$2y$10$nN.vDob.hwB60lODIuG9JeO.0eHw.1Ok1szMii70VjxZ0BuXca4Ga','mariadoloresortegas@gmail.com','MARIA DOLORES','2019-04-05 16:04:43',27002001,3),(40,'26996463','$2y$10$Dnb6/ZcK5pHKcVsX9tCAM.EzyONJSeFmlMIoxRpI03On98YsB2woO','lorenacarolina18@hotmail.com','LORENA CAROLINA','2019-04-05 17:04:10',26996463,3),(42,'26995733','$2y$10$PFuV38t1MbhB4/XGZHE0geWbdK9gqVbHsibw0zR5KyvtF31PhBgYq','ITAGRU@GMAIL.COM','LUZ MYRIAN','2019-06-16 07:06:02',26995733,3),(43,'26861601','$2y$10$5YKi1eomtUXVpfkM/rRTzOiuo/Rl4TuiVgzLbXlCKcyGJFO89rc5u','ietagrubenigna@gmail.com','BENIGNA DE LA CRUZ','2019-07-18 02:07:21',26861601,3),(44,'26993952','$2y$10$KG/hFY.pqp05MLcfzvQGzu4CA8H/.gKnks4uf/K119wue/iPMeDOy','ietagruelena@gmail.com','ELENA DEL SOCORRO','2019-07-18 13:07:43',26993952,3);
/*!40000 ALTER TABLE `login` ENABLE KEYS */;
UNLOCK TABLES;

--
-- Table structure for table `notas`
--

DROP TABLE IF EXISTS `notas`;
/*!40101 SET @saved_cs_client     = @@character_set_client */;
 SET character_set_client = utf8mb4 ;
CREATE TABLE `notas` (
  `idnotas` int(11) NOT NULL AUTO_INCREMENT,
  `definitiva` decimal(10,1) DEFAULT NULL,
  `asignatura` int(11) NOT NULL,
  `periodo` int(11) NOT NULL,
  `grupo_estudiante` int(11) DEFAULT NULL,
  PRIMARY KEY (`idnotas`),
  KEY `fk_notas_asignaturas1_idx` (`asignatura`),
  KEY `fk_notas_periodo1_idx` (`periodo`),
  KEY `fk_grupo_student_idx` (`grupo_estudiante`),
  CONSTRAINT `fk_notas_asignaturas1` FOREIGN KEY (`asignatura`) REFERENCES `asignaturas` (`idasignaturas`),
  CONSTRAINT `fk_notas_periodo1` FOREIGN KEY (`periodo`) REFERENCES `periodo` (`idperiodo`),
  CONSTRAINT `fkgrupoe` FOREIGN KEY (`grupo_estudiante`) REFERENCES `grupos_estudiantes` (`idgrupos_estudiantes`)
) ENGINE=InnoDB AUTO_INCREMENT=12123 DEFAULT CHARSET=utf8;
/*!40101 SET character_set_client = @saved_cs_client */;

--
-- Dumping data for table `notas`
--

LOCK TABLES `notas` WRITE;
/*!40000 ALTER TABLE `notas` DISABLE KEYS */;
INSERT INTO `notas` VALUES (1,6.0,39,1,298),(2,6.0,28,1,298),(3,4.0,31,1,298),(4,6.0,39,1,299),(5,6.5,28,1,299),(6,6.0,31,1,299),(7,4.6,31,1,300),(8,6.0,28,1,300),(9,6.0,39,1,300),(10,7.2,39,1,302),(11,8.0,28,1,302),(12,7.0,31,1,302),(13,4.0,31,1,303),(14,7.1,28,1,303),(15,7.0,39,1,303),(16,4.0,31,1,305),(17,6.0,28,1,305),(18,6.0,39,1,305),(19,6.5,39,1,306),(20,7.0,28,1,306),(21,8.7,31,1,306),(22,4.5,31,1,307),(23,7.0,28,1,307),(24,7.2,39,1,307),(25,6.5,39,1,308),(26,7.0,28,1,308),(27,6.3,31,1,308),(28,8.0,31,1,310),(29,7.0,28,1,310),(30,6.5,39,1,310),(31,6.0,31,1,311),(32,8.0,28,1,311),(33,7.6,39,1,311),(34,6.0,39,1,312),(35,6.5,28,1,312),(36,4.0,31,1,312),(37,7.3,39,1,313),(38,8.0,28,1,313),(39,6.8,31,1,313),(40,6.2,39,1,314),(41,7.0,28,1,314),(42,7.5,31,1,314),(43,7.5,31,1,315),(44,7.0,28,1,315),(45,7.0,39,1,315),(46,8.5,31,1,318),(47,7.0,28,1,318),(48,7.0,39,1,318),(49,7.0,39,1,319),(50,7.0,28,1,319),(51,4.0,31,1,319),(52,7.0,31,1,320),(53,6.0,28,1,320),(54,6.0,39,1,320),(55,4.0,31,1,324),(56,6.0,28,1,324),(57,6.0,39,1,324),(58,7.0,39,1,325),(59,7.0,28,1,325),(60,8.0,31,1,325),(61,4.0,31,1,328),(62,6.0,28,1,328),(63,6.0,39,1,328),(64,7.5,39,1,330),(65,7.0,28,1,330),(66,6.1,31,1,330),(67,4.0,31,1,331),(68,7.0,28,1,331),(69,7.1,39,1,331),(70,6.0,31,1,334),(71,6.5,28,1,334),(72,6.0,39,1,334),(73,4.0,31,1,335),(74,6.0,28,1,335),(75,6.0,39,1,335),(76,6.0,39,1,336),(77,6.0,28,1,336),(78,4.0,31,1,336),(79,8.5,31,1,337),(80,6.1,28,1,337),(81,6.5,39,1,337),(82,6.0,39,1,338),(83,6.5,28,1,338),(84,6.2,31,1,338),(85,4.0,31,1,339),(86,6.0,28,1,339),(87,6.3,39,1,339),(88,6.0,39,1,340),(89,6.0,28,1,340),(90,7.0,31,1,340),(91,7.0,31,1,342),(92,6.3,28,1,342),(93,6.5,39,1,342),(94,5.0,39,1,343),(95,6.0,28,1,343),(96,3.0,31,1,343),(97,6.2,31,1,344),(98,7.0,28,1,344),(99,6.5,39,1,344),(100,6.0,39,1,345),(101,6.1,28,1,345),(102,4.0,31,1,345),(103,6.1,39,1,346),(104,6.0,28,1,346),(105,4.5,31,1,346),(106,7.0,39,1,347),(107,6.0,28,1,347),(108,4.0,31,1,347),(109,7.0,31,1,348),(110,6.0,28,1,348),(111,7.0,39,1,348),(112,6.0,39,1,349),(113,6.0,28,1,349),(114,4.6,31,1,349),(115,7.0,31,1,350),(116,7.1,28,1,350),(117,7.1,39,1,350),(118,6.5,39,1,353),(119,7.2,28,1,353),(120,8.3,31,1,353),(121,6.0,31,1,354),(122,6.0,28,1,354),(123,6.5,39,1,354),(124,6.0,31,1,355),(125,6.5,28,1,355),(126,7.0,39,1,355),(127,7.0,39,1,356),(128,6.3,28,1,356),(129,7.2,31,1,356),(130,8.1,31,1,358),(131,7.0,28,1,358),(132,7.0,39,1,358),(133,4.0,31,1,359),(134,6.0,28,1,359),(135,6.5,39,1,359),(136,5.1,31,1,360),(137,7.0,28,1,360),(138,6.5,39,1,360),(139,7.0,31,1,361),(140,7.0,28,1,361),(141,6.1,39,1,361),(142,7.1,39,1,362),(143,6.1,28,1,362),(144,4.0,31,1,362),(145,6.0,39,1,363),(146,6.1,28,1,363),(147,6.1,31,1,363),(148,4.0,31,1,364),(149,6.0,28,1,364),(150,6.1,39,1,364),(151,8.0,31,1,365),(152,7.0,28,1,365),(153,8.0,39,1,365),(154,8.3,39,1,367),(155,8.0,28,1,367),(156,9.0,31,1,367),(157,8.3,31,1,368),(158,6.0,28,1,368),(159,6.5,39,1,368),(160,5.5,31,1,369),(161,7.0,28,1,369),(162,6.5,39,1,369),(163,7.0,31,1,370),(164,8.0,28,1,370),(165,8.0,39,1,370),(166,5.4,31,1,371),(167,6.0,28,1,371),(168,6.0,39,1,371),(169,8.0,39,1,372),(170,7.0,28,1,372),(171,9.3,31,1,372),(172,9.0,31,1,373),(173,8.0,28,1,373),(174,7.5,39,1,373),(175,6.5,39,1,374),(176,7.0,28,1,374),(177,9.0,31,1,374),(178,6.0,39,1,376),(179,6.0,28,1,376),(180,6.1,31,1,376),(181,8.0,39,1,377),(182,7.0,28,1,377),(183,4.0,31,1,377),(184,6.0,39,1,378),(185,6.0,28,1,378),(186,7.0,31,1,378),(187,6.5,31,1,379),(188,7.0,28,1,379),(189,7.5,39,1,379),(190,8.5,39,1,380),(191,8.0,28,1,380),(192,8.6,31,1,380),(193,9.5,31,1,381),(194,8.0,28,1,381),(195,8.0,39,1,381),(196,8.0,39,1,382),(197,8.0,28,1,382),(198,9.0,31,1,382),(199,8.5,39,1,383),(200,8.0,28,1,383),(201,8.0,31,1,383),(202,6.0,39,1,384),(203,6.0,28,1,384),(204,4.0,31,1,384),(205,7.0,31,1,385),(206,6.0,28,1,385),(207,6.0,39,1,385),(208,6.5,40,1,404),(209,6.0,28,1,404),(210,9.0,31,1,404),(211,7.5,31,1,405),(212,7.1,28,1,405),(213,7.0,40,1,405),(214,7.0,40,1,406),(215,7.0,28,1,406),(216,7.8,31,1,406),(217,7.0,31,1,407),(218,8.0,28,1,407),(219,7.2,40,1,407),(220,6.5,40,1,409),(221,6.0,28,1,409),(222,6.0,31,1,409),(223,7.0,40,1,410),(224,8.0,28,1,410),(225,9.0,31,1,410),(226,6.2,40,1,411),(227,6.8,28,1,411),(228,9.0,31,1,411),(229,7.0,40,1,412),(230,7.0,28,1,412),(231,7.0,31,1,412),(232,7.1,40,1,413),(233,7.2,28,1,413),(234,8.5,31,1,413),(235,7.0,40,1,414),(236,6.3,28,1,414),(237,6.5,31,1,414),(238,7.5,40,1,416),(239,8.0,28,1,416),(240,8.1,31,1,416),(241,8.7,31,1,417),(242,7.0,28,1,417),(243,6.5,40,1,417),(244,8.0,31,1,418),(245,6.0,28,1,418),(246,6.3,40,1,418),(247,8.0,31,1,419),(248,6.0,28,1,419),(249,6.5,40,1,419),(250,9.0,31,1,420),(251,8.0,28,1,420),(252,7.0,40,1,420),(253,9.0,31,1,421),(254,7.0,28,1,421),(255,7.0,40,1,421),(256,9.0,31,1,422),(257,7.0,28,1,422),(258,7.0,40,1,422),(259,7.0,40,1,423),(260,7.3,28,1,423),(261,6.1,31,1,423),(262,4.0,40,1,424),(263,4.0,28,1,424),(264,4.0,31,1,424),(265,7.0,31,1,425),(266,8.0,28,1,425),(267,7.2,40,1,425),(268,9.0,31,1,426),(269,6.0,28,1,426),(270,7.0,40,1,426),(271,7.5,31,1,427),(272,8.0,28,1,427),(273,7.0,40,1,427),(274,7.1,40,1,428),(275,7.0,28,1,428),(276,7.0,31,1,428),(277,7.2,40,1,429),(278,7.0,28,1,429),(279,6.1,31,1,429),(280,7.0,40,1,430),(281,6.0,28,1,430),(282,6.0,31,1,430),(283,6.0,40,1,431),(284,6.0,28,1,431),(285,6.0,31,1,431),(286,6.0,31,1,432),(287,6.1,28,1,432),(288,6.8,40,1,432),(289,7.1,40,1,433),(290,7.0,28,1,433),(291,7.0,31,1,433),(292,6.5,31,1,434),(293,6.5,28,1,434),(294,7.0,40,1,434),(295,6.0,31,1,435),(296,6.0,28,1,435),(297,7.0,40,1,435),(298,7.0,40,1,436),(299,7.0,28,1,436),(300,6.5,31,1,436),(301,6.0,31,1,437),(302,6.5,28,1,437),(303,6.5,40,1,437),(304,7.2,40,1,438),(305,7.0,28,1,438),(306,6.5,31,1,438),(307,7.0,31,1,439),(308,6.5,28,1,439),(309,7.0,40,1,439),(310,6.8,40,1,440),(311,6.5,28,1,440),(312,6.0,31,1,440),(313,6.5,31,1,441),(314,7.0,28,1,441),(315,7.5,40,1,441),(316,7.0,31,1,442),(317,7.0,28,1,442),(318,7.0,40,1,442),(319,7.1,40,1,443),(320,7.0,28,1,443),(321,6.6,31,1,443),(322,6.3,31,1,444),(323,6.5,28,1,444),(324,7.0,40,1,444),(325,6.8,31,1,445),(326,6.5,28,1,445),(327,7.0,40,1,445),(328,7.2,40,1,446),(329,7.0,28,1,446),(330,6.5,31,1,446),(331,6.5,40,1,447),(332,6.7,28,1,447),(333,6.5,31,1,447),(334,6.8,31,1,448),(335,6.8,28,1,448),(336,7.0,40,1,448),(337,7.0,40,1,449),(338,7.1,28,1,449),(339,7.0,31,1,449),(340,6.5,31,1,450),(341,7.0,28,1,450),(342,7.2,40,1,450),(343,6.0,31,1,451),(344,7.0,28,1,451),(345,7.0,40,1,451),(346,7.0,31,1,452),(347,7.0,28,1,452),(348,7.0,40,1,452),(349,7.2,40,1,453),(350,7.0,28,1,453),(351,7.0,31,1,453),(352,7.0,31,1,454),(353,7.5,28,1,454),(354,7.0,40,1,454),(355,7.0,40,1,455),(356,7.0,28,1,455),(357,6.6,31,1,455),(358,7.0,37,1,456),(359,7.5,28,1,456),(360,7.0,31,1,456),(361,7.0,37,1,457),(362,8.0,28,1,457),(363,8.0,31,1,457),(364,7.0,37,1,458),(365,8.1,28,1,458),(366,8.2,31,1,458),(367,7.1,31,1,459),(368,7.0,28,1,459),(369,7.0,37,1,459),(370,7.0,31,1,460),(371,7.5,28,1,460),(372,7.0,37,1,460),(373,7.0,37,1,462),(374,7.0,28,1,462),(375,7.0,31,1,462),(376,7.0,31,1,463),(377,7.0,28,1,463),(378,7.0,37,1,463),(379,7.0,37,1,464),(380,7.5,28,1,464),(381,7.0,31,1,464),(382,8.0,31,1,465),(383,8.0,28,1,465),(384,7.0,37,1,465),(385,8.0,31,1,466),(386,8.5,28,1,466),(387,7.0,37,1,466),(388,7.0,31,1,467),(389,7.0,28,1,467),(390,7.0,37,1,467),(391,7.0,31,1,468),(392,6.5,28,1,468),(393,7.0,37,1,468),(394,7.0,37,1,469),(395,8.0,28,1,469),(396,8.0,31,1,469),(397,7.0,37,1,470),(398,7.0,28,1,470),(399,7.0,31,1,470),(400,7.2,31,1,472),(401,8.0,28,1,472),(402,7.0,37,1,472),(403,7.0,37,1,473),(404,7.7,28,1,473),(405,7.2,31,1,473),(406,7.5,31,1,474),(407,7.6,28,1,474),(408,7.0,37,1,474),(409,7.5,31,1,475),(410,7.8,28,1,475),(411,7.0,37,1,475),(412,7.0,37,1,476),(413,7.1,28,1,476),(414,7.0,31,1,476),(415,3.0,43,1,364),(416,8.2,43,1,365),(417,8.0,43,1,367),(418,6.5,43,1,368),(419,4.5,43,1,369),(420,7.4,43,1,370),(421,3.5,43,1,371),(422,6.1,43,1,372),(423,10.0,43,1,373),(424,6.2,43,1,374),(425,6.8,43,1,376),(426,6.2,43,1,377),(427,3.6,43,1,378),(428,4.0,43,1,379),(429,7.5,43,1,380),(430,9.0,43,1,381),(431,8.3,43,1,382),(432,6.2,43,1,383),(433,6.1,43,1,384),(434,6.3,43,1,385),(435,4.3,43,1,386),(436,4.3,43,1,387),(437,4.3,43,1,388),(438,6.7,43,1,389),(439,6.5,43,1,390),(440,6.5,43,1,391),(441,3.3,43,1,392),(442,3.6,43,1,393),(443,6.3,43,1,395),(444,4.0,43,1,396),(445,6.8,43,1,397),(446,5.0,43,1,399),(447,4.0,43,1,400),(448,7.4,43,1,401),(449,3.9,43,1,402),(450,7.5,43,1,403),(451,6.8,43,1,404),(452,6.7,43,1,405),(453,8.6,43,1,406),(454,6.3,43,1,407),(455,4.5,43,1,409),(456,7.2,43,1,410),(457,3.9,43,1,411),(458,7.9,43,1,412),(459,7.5,43,1,413),(460,8.0,43,1,414),(461,6.6,43,1,416),(462,6.0,43,1,417),(463,7.1,43,1,418),(464,4.2,43,1,419),(465,7.8,43,1,420),(466,7.6,43,1,421),(467,7.5,43,1,422),(468,6.8,43,1,423),(469,4.1,43,1,424),(470,9.0,43,1,425),(471,6.9,43,1,426),(472,7.5,43,1,427),(473,4.0,43,1,428),(474,8.3,43,1,429),(475,4.1,43,1,430),(476,4.8,43,1,431),(477,8.0,43,1,432),(478,6.2,43,1,433),(479,7.8,43,1,434),(480,6.5,43,1,435),(481,4.6,43,1,436),(482,4.0,43,1,437),(483,6.6,43,1,438),(484,7.1,43,1,439),(485,6.0,43,1,440),(486,6.8,43,1,441),(487,4.0,43,1,443),(488,4.6,43,1,444),(489,4.6,43,1,445),(490,8.5,43,1,446),(491,6.8,43,1,447),(492,5.1,43,1,448),(493,4.6,43,1,449),(494,4.8,43,1,450),(495,4.6,43,1,451),(496,9.2,43,1,452),(497,6.0,43,1,453),(498,6.4,43,1,454),(499,4.4,43,1,455),(500,8.2,43,1,456),(501,5.0,43,1,457),(502,8.1,43,1,458),(503,8.5,43,1,459),(504,4.5,43,1,460),(505,7.0,43,1,462),(506,7.6,43,1,463),(507,5.2,43,1,464),(508,4.0,43,1,465),(509,8.4,43,1,466),(510,6.7,43,1,467),(511,4.0,43,1,468),(512,4.1,43,1,469),(513,10.0,43,1,470),(514,6.7,43,1,472),(515,6.7,43,1,473),(516,4.0,43,1,474),(517,6.0,43,1,475),(518,6.1,43,1,476),(519,4.0,27,1,364),(520,7.5,27,1,365),(521,7.5,27,1,367),(522,8.0,27,1,368),(523,7.5,27,1,369),(524,8.0,27,1,370),(525,4.0,27,1,371),(526,8.0,27,1,372),(527,8.0,27,1,373),(528,8.0,27,1,374),(529,4.0,27,1,376),(530,7.5,27,1,377),(531,8.0,27,1,378),(532,4.0,27,1,379),(533,8.0,27,1,380),(534,8.0,27,1,381),(535,8.0,27,1,382),(536,8.0,27,1,383),(537,4.0,27,1,384),(538,4.0,27,1,385),(539,4.0,27,1,386),(540,7.0,27,1,387),(541,4.0,27,1,388),(542,7.0,27,1,389),(543,7.0,27,1,390),(544,4.0,27,1,391),(545,7.0,27,1,392),(546,7.0,27,1,393),(547,7.0,27,1,395),(548,4.0,27,1,396),(549,7.0,27,1,397),(550,4.0,27,1,398),(551,4.0,27,1,399),(552,4.0,27,1,400),(553,7.0,27,1,401),(554,7.0,27,1,402),(555,4.0,27,1,403),(556,7.0,27,1,404),(557,8.0,27,1,405),(558,7.5,27,1,406),(559,8.0,27,1,407),(560,8.0,27,1,409),(561,8.0,27,1,410),(562,8.0,27,1,411),(563,4.0,27,1,412),(564,8.0,27,1,413),(565,4.0,27,1,414),(566,8.0,27,1,417),(567,7.0,27,1,418),(568,7.0,27,1,419),(569,8.0,27,1,420),(570,7.5,27,1,421),(571,8.0,27,1,422),(572,8.0,27,1,423),(573,4.0,27,1,424),(574,7.5,27,1,425),(575,7.0,27,1,426),(576,8.0,27,1,427),(577,7.5,27,1,428),(578,6.0,27,1,429),(579,7.5,27,1,430),(580,7.5,27,1,431),(581,4.0,27,1,432),(582,8.0,27,1,433),(583,6.0,27,1,434),(584,6.0,27,1,435),(585,8.0,27,1,436),(586,6.0,27,1,437),(587,7.0,27,1,438),(588,6.0,27,1,439),(589,6.0,27,1,440),(590,7.5,27,1,441),(591,7.5,27,1,442),(592,7.5,27,1,443),(593,4.0,27,1,444),(594,6.0,27,1,445),(595,8.0,27,1,447),(596,8.0,27,1,448),(597,7.5,27,1,449),(598,6.0,27,1,450),(599,7.5,27,1,451),(600,8.0,27,1,452),(601,6.0,27,1,453),(602,8.0,27,1,454),(603,6.0,27,1,455),(604,8.5,27,1,456),(605,4.0,27,1,457),(606,7.5,27,1,458),(607,4.0,27,1,459),(608,4.0,27,1,460),(609,4.0,27,1,462),(610,6.5,27,1,463),(611,4.5,27,1,464),(612,4.5,27,1,465),(613,6.5,27,1,466),(614,6.0,27,1,467),(615,8.0,27,1,468),(616,7.5,27,1,469),(617,8.0,27,1,470),(618,7.5,27,1,472),(619,8.0,27,1,473),(620,7.5,27,1,474),(621,6.0,27,1,475),(622,6.0,27,1,476),(623,5.5,34,1,298),(624,5.5,34,1,299),(625,7.0,34,1,300),(626,8.0,34,1,302),(627,6.0,34,1,303),(628,6.0,34,1,305),(629,8.0,34,1,306),(630,5.0,34,1,307),(631,7.5,34,1,308),(632,8.0,34,1,310),(633,6.0,34,1,311),(634,7.0,34,1,312),(635,8.0,34,1,313),(636,8.5,34,1,314),(637,8.0,34,1,315),(638,7.5,34,1,318),(639,5.0,34,1,319),(640,5.0,34,1,320),(641,6.5,34,1,324),(642,9.0,34,1,325),(643,8.0,34,1,328),(644,5.0,34,1,330),(645,7.0,34,1,331),(646,5.0,34,1,334),(647,8.0,34,1,335),(648,7.5,34,1,336),(649,7.0,34,1,337),(650,8.0,34,1,338),(651,8.0,34,1,339),(652,6.0,34,1,340),(653,7.0,34,1,342),(654,7.5,34,1,343),(655,7.0,34,1,344),(656,8.0,34,1,345),(657,7.5,34,1,346),(658,7.0,34,1,347),(659,5.0,34,1,348),(660,7.0,34,1,349),(661,7.0,34,1,350),(662,7.0,34,1,353),(663,7.5,34,1,354),(664,6.5,34,1,355),(665,8.0,34,1,356),(666,7.5,34,1,358),(667,7.0,34,1,359),(668,7.0,34,1,360),(669,7.0,34,1,361),(670,7.0,34,1,363),(671,6.8,35,1,364),(672,7.3,34,1,364),(673,7.0,35,1,365),(674,7.0,34,1,365),(675,7.0,34,1,367),(676,9.0,35,1,367),(677,7.8,35,1,368),(678,6.7,34,1,368),(679,7.1,35,1,369),(680,7.3,34,1,369),(681,7.5,35,1,370),(682,7.3,34,1,370),(683,6.7,35,1,371),(684,6.3,34,1,371),(685,7.3,34,1,372),(686,7.6,35,1,372),(687,8.7,35,1,373),(688,8.0,34,1,373),(689,6.7,34,1,374),(690,8.3,35,1,374),(691,6.0,34,1,376),(692,7.3,35,1,376),(693,7.3,34,1,377),(694,8.0,35,1,377),(695,8.0,34,1,378),(696,6.5,35,1,378),(697,6.0,35,1,379),(698,8.0,34,1,379),(699,8.0,34,1,380),(700,8.7,35,1,380),(701,9.1,35,1,381),(702,8.3,34,1,381),(703,8.3,34,1,382),(704,9.5,35,1,382),(705,8.0,34,1,383),(706,8.3,35,1,383),(707,6.0,34,1,384),(708,6.5,35,1,384),(709,7.5,35,1,385),(710,6.7,34,1,385),(711,6.7,34,1,386),(712,6.6,35,1,386),(713,7.3,34,1,387),(714,7.3,35,1,387),(715,6.0,35,1,388),(716,6.0,34,1,388),(717,6.6,35,1,389),(718,6.0,34,1,389),(719,6.0,35,1,390),(720,7.3,34,1,390),(721,6.0,35,1,391),(722,6.7,34,1,391),(723,6.6,34,1,392),(724,5.0,35,1,392),(725,6.0,35,1,393),(726,6.0,34,1,393),(727,7.6,34,1,395),(728,7.3,35,1,395),(729,7.0,35,1,396),(730,6.7,34,1,396),(731,6.0,34,1,397),(732,6.0,35,1,397),(733,5.0,35,1,398),(734,6.0,34,1,398),(735,6.7,34,1,399),(736,5.0,35,1,399),(737,6.0,34,1,400),(738,6.0,35,1,400),(739,7.6,35,1,401),(740,6.6,34,1,401),(741,7.3,34,1,402),(742,6.0,35,1,402),(743,8.0,34,1,403),(744,8.3,35,1,403),(745,8.5,34,1,404),(746,9.0,35,1,404),(747,8.0,35,1,405),(748,7.5,34,1,405),(749,6.0,34,1,406),(750,9.0,35,1,406),(751,7.5,35,1,407),(752,7.0,34,1,407),(753,6.5,34,1,409),(754,7.5,35,1,409),(755,7.7,34,1,410),(756,8.0,35,1,410),(757,5.6,34,1,411),(758,5.0,35,1,411),(759,5.0,34,1,412),(760,7.5,35,1,412),(761,6.7,34,1,413),(762,5.0,35,1,413),(763,6.0,34,1,414),(764,7.5,35,1,414),(765,6.5,34,1,416),(766,8.5,35,1,416),(767,8.0,35,1,417),(768,6.5,34,1,417),(769,8.5,35,1,418),(770,6.0,34,1,418),(771,8.5,35,1,419),(772,5.5,34,1,419),(773,8.0,35,1,420),(774,8.1,34,1,420),(775,8.0,35,1,421),(776,6.1,34,1,421),(777,5.0,35,1,422),(778,7.8,34,1,422),(779,7.3,34,1,423),(780,7.0,35,1,423),(781,5.0,34,1,424),(782,5.0,35,1,424),(783,8.0,35,1,425),(784,7.0,34,1,425),(785,8.0,35,1,426),(786,6.0,34,1,426),(787,8.0,35,1,427),(788,5.0,34,1,427),(789,7.0,34,1,428),(790,7.0,35,1,428),(791,9.0,34,1,429),(792,8.0,35,1,429),(793,5.0,34,1,430),(794,6.0,35,1,430),(795,8.0,34,1,431),(796,9.0,35,1,431),(797,6.0,35,1,432),(798,5.0,34,1,432),(799,6.0,34,1,433),(800,7.0,35,1,433),(801,6.0,35,1,434),(802,6.0,34,1,434),(803,6.0,35,1,435),(804,6.5,34,1,435),(805,6.5,34,1,436),(806,8.5,35,1,436),(807,6.0,35,1,437),(808,6.0,34,1,437),(809,5.0,34,1,438),(810,6.0,35,1,438),(811,9.5,35,1,439),(812,8.0,34,1,439),(813,6.0,34,1,440),(814,7.0,35,1,440),(815,6.0,35,1,441),(816,7.6,34,1,441),(817,6.0,35,1,442),(818,6.0,34,1,442),(819,8.6,34,1,443),(820,6.5,35,1,443),(821,7.5,35,1,444),(822,5.0,34,1,444),(823,8.0,35,1,445),(824,7.8,34,1,445),(825,7.0,34,1,446),(826,7.0,35,1,446),(827,8.0,34,1,447),(828,6.5,35,1,447),(829,7.5,35,1,448),(830,7.3,34,1,448),(831,7.6,34,1,449),(832,7.5,35,1,449),(833,7.0,35,1,450),(834,7.0,34,1,450),(835,6.5,35,1,451),(836,6.0,34,1,451),(837,7.5,35,1,452),(838,7.6,34,1,452),(839,7.0,34,1,453),(840,6.5,35,1,453),(841,8.0,35,1,454),(842,9.0,34,1,454),(843,6.0,34,1,455),(844,8.0,35,1,455),(845,7.5,34,1,456),(846,8.5,35,1,456),(847,7.0,34,1,457),(848,8.0,35,1,457),(849,7.0,34,1,458),(850,6.0,35,1,458),(851,8.0,35,1,459),(852,7.0,34,1,459),(853,7.0,35,1,460),(854,7.0,34,1,460),(855,7.0,34,1,462),(856,7.5,35,1,462),(857,7.0,35,1,463),(858,7.0,34,1,463),(859,8.0,34,1,464),(860,8.0,35,1,464),(861,7.5,35,1,465),(862,8.5,34,1,465),(863,7.5,35,1,466),(864,8.0,34,1,466),(865,5.0,35,1,467),(866,8.0,34,1,467),(867,7.0,34,1,468),(868,8.0,35,1,468),(869,8.0,35,1,469),(870,8.4,34,1,469),(871,9.0,34,1,470),(872,8.0,35,1,470),(873,8.0,35,1,472),(874,8.0,34,1,472),(875,8.0,35,1,473),(876,8.0,34,1,473),(877,8.0,35,1,474),(878,8.4,34,1,474),(879,8.0,34,1,475),(880,5.0,35,1,475),(881,9.0,34,1,476),(882,5.0,35,1,476),(883,6.0,26,1,298),(884,7.0,33,1,298),(885,4.0,26,1,299),(886,6.5,33,1,299),(887,6.5,33,1,300),(888,4.0,26,1,300),(889,6.5,26,1,302),(890,7.0,33,1,302),(891,6.5,33,1,303),(892,4.0,26,1,303),(893,4.0,26,1,305),(894,6.5,33,1,305),(895,4.0,26,1,306),(896,6.5,33,1,306),(897,7.0,26,1,307),(898,8.0,33,1,307),(899,7.0,33,1,308),(900,6.5,26,1,308),(901,6.5,26,1,310),(902,7.0,33,1,310),(903,6.5,33,1,311),(904,4.0,26,1,311),(905,7.0,33,1,312),(906,6.5,26,1,312),(907,6.5,26,1,313),(908,7.0,33,1,313),(909,8.0,33,1,314),(910,7.0,26,1,314),(911,8.0,33,1,315),(912,7.0,26,1,315),(913,7.0,33,1,318),(914,6.0,26,1,318),(915,4.0,26,1,319),(916,6.5,33,1,319),(917,7.0,26,1,320),(918,8.0,33,1,320),(919,6.5,33,1,324),(920,4.0,26,1,324),(921,6.5,26,1,325),(922,7.0,33,1,325),(923,4.0,26,1,328),(924,6.5,33,1,328),(925,7.0,33,1,330),(926,6.5,26,1,330),(927,7.0,33,1,331),(928,6.0,26,1,331),(929,7.0,33,1,334),(930,6.0,26,1,334),(931,4.0,26,1,335),(932,6.0,33,1,335),(933,7.0,26,1,336),(934,8.0,33,1,336),(935,6.5,26,1,338),(936,7.0,33,1,338),(937,7.0,33,1,339),(938,6.5,26,1,339),(939,7.0,33,1,340),(940,6.5,26,1,340),(941,7.0,33,1,342),(942,6.0,26,1,342),(943,4.0,26,1,343),(944,6.0,33,1,343),(945,7.0,26,1,344),(946,8.0,33,1,344),(947,7.0,26,1,345),(948,8.0,33,1,345),(949,6.0,33,1,346),(950,4.0,26,1,346),(951,8.0,33,1,347),(952,7.0,26,1,347),(953,4.0,26,1,348),(954,6.0,33,1,348),(955,4.0,26,1,349),(956,6.0,33,1,349),(957,7.0,26,1,350),(958,8.0,33,1,350),(959,7.0,33,1,353),(960,6.5,26,1,353),(961,4.0,26,1,355),(962,6.0,33,1,355),(963,8.0,33,1,356),(964,7.0,26,1,356),(965,7.0,26,1,358),(966,8.0,33,1,358),(967,8.0,33,1,359),(968,7.0,26,1,359),(969,7.0,26,1,360),(970,8.0,33,1,360),(971,8.0,33,1,361),(972,7.0,26,1,361),(973,7.0,33,1,362),(974,6.5,26,1,362),(975,7.0,33,1,363),(976,6.5,26,1,363),(977,6.0,33,1,364),(978,5.0,26,1,364),(979,7.0,33,1,365),(980,6.5,26,1,365),(981,6.0,26,1,367),(982,7.0,33,1,367),(983,7.0,33,1,368),(984,6.0,26,1,368),(985,7.0,33,1,369),(986,6.0,26,1,369),(987,8.0,33,1,370),(988,8.0,26,1,370),(989,6.0,33,1,371),(990,5.0,26,1,371),(991,6.5,26,1,372),(992,7.0,33,1,372),(993,8.0,33,1,373),(994,7.0,26,1,373),(995,6.0,26,1,374),(996,7.0,33,1,374),(997,5.0,26,1,376),(998,6.0,33,1,376),(999,5.0,26,1,377),(1000,6.0,33,1,377),(1001,7.0,26,1,378),(1002,8.0,33,1,378),(1003,6.0,33,1,379),(1004,5.0,26,1,379),(1005,7.0,26,1,380),(1006,8.0,33,1,380),(1007,8.0,33,1,381),(1008,7.0,26,1,381),(1009,8.0,26,1,382),(1010,8.0,33,1,382),(1011,7.0,26,1,383),(1012,8.0,33,1,383),(1013,5.0,26,1,384),(1014,6.0,33,1,384),(1015,8.0,33,1,385),(1016,7.0,26,1,385),(1017,4.0,26,1,386),(1018,6.0,33,1,386),(1019,7.0,26,1,387),(1020,8.0,33,1,387),(1021,8.0,33,1,388),(1022,7.0,26,1,388),(1023,8.0,33,1,389),(1024,7.0,26,1,389),(1025,8.0,33,1,390),(1026,7.0,26,1,390),(1027,8.0,33,1,391),(1028,7.0,26,1,391),(1029,4.0,26,1,392),(1030,6.0,33,1,392),(1031,8.0,33,1,393),(1032,7.0,26,1,393),(1033,6.0,26,1,395),(1034,7.0,33,1,395),(1035,7.0,33,1,396),(1036,6.0,26,1,396),(1037,6.0,26,1,397),(1038,7.0,33,1,397),(1039,8.0,33,1,398),(1040,7.0,26,1,398),(1041,4.0,26,1,399),(1042,6.0,33,1,399),(1043,4.0,26,1,400),(1044,6.0,33,1,400),(1045,8.0,33,1,401),(1046,7.5,26,1,401),(1047,7.0,26,1,402),(1048,8.0,33,1,402),(1049,4.0,26,1,403),(1050,6.0,33,1,403),(1051,8.0,33,1,404),(1052,7.0,26,1,404),(1053,5.0,26,1,405),(1054,6.0,33,1,405),(1055,8.0,26,1,406),(1056,8.5,33,1,406),(1057,6.0,33,1,407),(1058,4.0,26,1,407),(1059,6.0,26,1,409),(1060,6.0,33,1,409),(1061,6.0,26,1,410),(1062,6.0,33,1,410),(1063,8.0,33,1,411),(1064,7.0,26,1,411),(1065,8.0,33,1,412),(1066,7.0,26,1,412),(1067,5.0,26,1,413),(1068,6.0,33,1,413),(1069,6.0,33,1,414),(1070,6.0,26,1,414),(1071,8.0,33,1,416),(1072,7.5,26,1,416),(1073,8.0,33,1,417),(1074,7.0,26,1,417),(1075,8.0,26,1,418),(1076,8.5,33,1,418),(1077,5.0,26,1,419),(1078,6.0,33,1,419),(1079,8.5,33,1,420),(1080,8.0,26,1,420),(1081,8.5,33,1,421),(1082,8.0,26,1,421),(1083,7.0,26,1,422),(1084,8.0,33,1,422),(1085,8.0,26,1,423),(1086,8.5,33,1,423),(1087,6.0,33,1,424),(1088,6.0,26,1,424),(1089,6.0,26,1,425),(1090,6.0,33,1,425),(1091,8.5,33,1,426),(1092,8.0,26,1,426),(1093,8.5,33,1,427),(1094,8.0,26,1,427),(1095,4.0,26,1,428),(1096,6.0,33,1,428),(1097,7.0,33,1,429),(1098,6.5,26,1,429),(1099,4.0,26,1,430),(1100,6.0,33,1,430),(1101,4.0,26,1,431),(1102,6.0,33,1,431),(1103,7.0,26,1,432),(1104,8.0,33,1,432),(1105,8.0,33,1,433),(1106,7.0,26,1,433),(1107,6.0,26,1,434),(1108,6.0,33,1,434),(1109,6.0,33,1,435),(1110,6.0,26,1,435),(1111,6.5,26,1,436),(1112,6.0,33,1,436),(1113,6.0,33,1,437),(1114,4.0,26,1,437),(1115,8.5,33,1,438),(1116,8.0,26,1,438),(1117,8.0,33,1,439),(1118,7.0,26,1,439),(1119,8.5,33,1,440),(1120,8.0,26,1,440),(1121,8.0,33,1,441),(1122,7.0,26,1,441),(1123,6.5,26,1,443),(1124,6.0,33,1,443),(1125,8.0,33,1,444),(1126,7.0,26,1,444),(1127,6.0,33,1,445),(1128,6.5,26,1,445),(1129,6.0,33,1,446),(1130,6.0,26,1,446),(1131,8.0,26,1,447),(1132,8.5,33,1,447),(1133,6.0,33,1,448),(1134,6.0,26,1,448),(1135,8.5,33,1,449),(1136,8.0,26,1,449),(1137,8.0,26,1,450),(1138,8.5,33,1,450),(1139,8.0,33,1,451),(1140,7.5,26,1,451),(1141,7.5,26,1,452),(1142,8.0,33,1,452),(1143,6.5,26,1,453),(1144,7.0,33,1,453),(1145,8.0,26,1,454),(1146,8.5,33,1,454),(1147,4.0,26,1,455),(1148,6.0,33,1,455),(1149,7.5,26,1,456),(1150,8.0,33,1,456),(1151,6.0,26,1,457),(1152,7.0,33,1,457),(1153,7.5,26,1,458),(1154,8.0,33,1,458),(1155,8.0,33,1,459),(1156,6.0,26,1,459),(1157,8.0,33,1,460),(1158,7.0,26,1,460),(1159,7.0,26,1,462),(1160,8.0,33,1,462),(1161,8.0,33,1,463),(1162,7.5,26,1,463),(1163,7.0,26,1,464),(1164,8.0,33,1,464),(1165,8.0,33,1,465),(1166,7.5,26,1,465),(1167,7.0,33,1,466),(1168,6.0,26,1,466),(1169,8.0,33,1,467),(1170,8.0,26,1,467),(1171,7.0,26,1,468),(1172,7.0,33,1,468),(1173,8.0,33,1,469),(1174,7.5,26,1,469),(1175,8.0,26,1,470),(1176,8.0,33,1,470),(1177,7.0,33,1,472),(1178,7.0,26,1,472),(1179,8.0,33,1,473),(1180,7.5,26,1,473),(1181,7.0,33,1,474),(1182,7.0,26,1,474),(1183,7.5,26,1,475),(1184,8.0,33,1,475),(1185,7.0,26,1,476),(1186,7.0,33,1,476),(1187,6.0,20,1,364),(1188,7.6,20,1,365),(1189,8.0,20,1,367),(1190,7.0,20,1,368),(1191,6.0,20,1,369),(1192,8.0,20,1,370),(1193,6.2,20,1,371),(1194,7.3,20,1,372),(1195,9.0,20,1,373),(1196,6.0,20,1,374),(1197,7.0,20,1,376),(1198,4.0,20,1,377),(1199,5.0,20,1,378),(1200,6.5,20,1,379),(1201,7.0,20,1,380),(1202,8.2,20,1,381),(1203,8.0,20,1,382),(1204,7.0,20,1,383),(1205,5.5,20,1,384),(1206,7.1,20,1,385),(1207,3.0,20,1,386),(1208,7.7,20,1,387),(1209,4.0,20,1,388),(1210,7.5,20,1,389),(1211,8.0,20,1,390),(1212,6.0,20,1,391),(1213,6.0,20,1,392),(1214,6.5,20,1,393),(1215,6.4,20,1,395),(1216,3.3,20,1,396),(1217,3.0,20,1,397),(1218,6.3,20,1,398),(1219,6.0,20,1,399),(1220,6.5,20,1,400),(1221,6.1,20,1,401),(1222,6.3,20,1,402),(1223,6.0,20,1,403),(1224,6.0,20,1,404),(1225,7.5,20,1,405),(1226,6.0,20,1,406),(1227,5.0,20,1,407),(1228,6.0,20,1,409),(1229,7.5,20,1,410),(1230,4.0,20,1,411),(1231,6.0,20,1,412),(1232,6.0,20,1,413),(1233,6.0,20,1,414),(1234,6.0,20,1,416),(1235,6.2,20,1,417),(1236,6.0,20,1,418),(1237,5.2,20,1,419),(1238,7.1,20,1,420),(1239,6.3,20,1,421),(1240,4.0,20,1,422),(1241,6.0,20,1,423),(1242,4.0,20,1,424),(1243,6.0,20,1,425),(1244,7.0,20,1,426),(1245,8.0,20,1,427),(1246,6.0,20,1,428),(1247,7.0,20,1,429),(1248,6.0,20,1,430),(1249,7.5,20,1,431),(1250,6.0,20,1,432),(1251,6.0,20,1,433),(1252,7.0,20,1,434),(1253,7.1,20,1,435),(1254,4.5,20,1,436),(1255,5.0,20,1,437),(1256,6.0,20,1,438),(1257,7.2,20,1,439),(1258,5.0,20,1,440),(1259,7.5,20,1,441),(1260,8.5,20,1,443),(1261,6.0,20,1,444),(1262,6.4,20,1,445),(1263,7.0,20,1,446),(1264,5.3,20,1,447),(1265,6.0,20,1,448),(1266,7.0,20,1,449),(1267,6.0,20,1,450),(1268,4.0,20,1,451),(1269,6.0,20,1,452),(1270,7.0,20,1,453),(1271,7.0,20,1,454),(1272,6.0,20,1,455),(1273,6.0,44,1,456),(1274,6.0,20,1,456),(1275,4.5,44,1,457),(1276,3.0,20,1,457),(1277,9.0,44,1,458),(1278,7.0,20,1,458),(1279,6.1,20,1,459),(1280,6.6,44,1,459),(1281,6.0,20,1,460),(1282,4.3,44,1,460),(1283,6.0,44,1,462),(1284,6.4,20,1,462),(1285,8.0,20,1,463),(1286,7.9,44,1,463),(1287,6.0,44,1,464),(1288,6.6,20,1,464),(1289,6.8,20,1,465),(1290,6.3,44,1,465),(1291,6.7,20,1,466),(1292,7.4,44,1,466),(1293,7.7,20,1,467),(1294,7.7,44,1,467),(1295,7.2,44,1,468),(1296,6.0,20,1,468),(1297,6.5,20,1,469),(1298,6.5,44,1,469),(1299,7.2,44,1,470),(1300,9.1,20,1,470),(1301,8.5,20,1,472),(1302,9.5,44,1,472),(1303,8.7,20,1,473),(1304,7.5,44,1,473),(1305,7.1,20,1,474),(1306,8.0,44,1,474),(1307,6.0,44,1,475),(1308,4.0,20,1,475),(1309,6.0,44,1,476),(1310,4.0,20,1,476),(1311,6.0,29,1,298),(1312,6.0,36,1,298),(1313,6.5,35,1,298),(1314,6.0,29,1,299),(1315,6.5,36,1,299),(1316,7.0,35,1,299),(1317,6.0,35,1,300),(1318,6.5,36,1,300),(1319,6.0,29,1,300),(1320,6.0,29,1,302),(1321,6.0,36,1,302),(1322,5.0,35,1,302),(1323,7.0,35,1,303),(1324,6.5,36,1,303),(1325,6.0,29,1,303),(1326,7.0,35,1,305),(1327,6.0,36,1,305),(1328,6.5,29,1,305),(1329,6.0,29,1,306),(1330,6.5,36,1,306),(1331,6.0,35,1,306),(1332,7.0,29,1,307),(1333,6.5,36,1,307),(1334,7.0,35,1,307),(1335,7.0,35,1,308),(1336,7.0,36,1,308),(1337,7.0,29,1,308),(1338,7.0,35,1,310),(1339,7.5,36,1,310),(1340,6.5,29,1,310),(1341,7.0,35,1,311),(1342,7.5,36,1,311),(1343,7.0,29,1,311),(1344,6.0,29,1,312),(1345,6.0,36,1,312),(1346,6.5,35,1,312),(1347,6.5,29,1,313),(1348,7.0,36,1,313),(1349,7.0,35,1,313),(1350,7.5,36,1,314),(1351,8.0,29,1,314),(1352,8.0,35,1,314),(1353,7.0,35,1,315),(1354,6.5,36,1,315),(1355,6.5,29,1,315),(1356,7.0,35,1,318),(1357,7.0,36,1,318),(1358,6.5,29,1,318),(1359,6.0,29,1,319),(1360,6.0,36,1,319),(1361,6.0,35,1,319),(1362,6.0,35,1,320),(1363,6.0,29,1,320),(1364,6.0,36,1,320),(1365,7.0,35,1,324),(1366,7.0,36,1,324),(1367,6.5,29,1,324),(1368,7.0,29,1,325),(1369,7.5,36,1,325),(1370,8.0,35,1,325),(1371,7.0,29,1,328),(1372,8.5,36,1,328),(1373,9.0,35,1,328),(1374,6.5,35,1,330),(1375,6.5,36,1,330),(1376,6.0,29,1,330),(1377,7.0,35,1,331),(1378,6.5,36,1,331),(1379,6.5,29,1,331),(1380,6.5,35,1,334),(1381,7.0,36,1,334),(1382,7.0,29,1,334),(1383,7.0,36,1,335),(1384,7.5,29,1,335),(1385,7.0,35,1,335),(1386,6.5,36,1,336),(1387,6.0,29,1,336),(1388,6.0,35,1,336),(1389,6.8,36,1,337),(1390,7.0,29,1,337),(1391,7.5,35,1,337),(1392,7.0,35,1,338),(1393,8.0,29,1,338),(1394,7.0,36,1,338),(1395,6.0,36,1,339),(1396,6.5,29,1,339),(1397,6.0,35,1,339),(1398,8.0,35,1,340),(1399,7.0,29,1,340),(1400,7.5,36,1,340),(1401,7.0,36,1,342),(1402,7.5,29,1,342),(1403,7.5,35,1,342),(1404,6.0,36,1,343),(1405,6.5,29,1,343),(1406,7.0,35,1,343),(1407,8.0,36,1,344),(1408,7.0,29,1,344),(1409,8.5,35,1,344),(1410,6.0,36,1,345),(1411,6.5,29,1,345),(1412,7.0,35,1,345),(1413,6.0,35,1,346),(1414,6.0,29,1,346),(1415,6.5,36,1,346),(1416,6.0,35,1,347),(1417,6.0,29,1,347),(1418,5.0,36,1,347),(1419,8.0,36,1,348),(1420,7.5,29,1,348),(1421,7.0,35,1,348),(1422,6.0,35,1,349),(1423,6.0,29,1,349),(1424,6.0,36,1,349),(1425,7.0,35,1,353),(1426,7.5,29,1,353),(1427,8.0,36,1,353),(1428,6.5,36,1,354),(1429,7.0,29,1,354),(1430,7.0,35,1,354),(1431,6.0,36,1,355),(1432,6.5,29,1,355),(1433,7.0,35,1,355),(1434,8.0,36,1,356),(1435,9.0,29,1,356),(1436,8.0,35,1,356),(1437,8.5,35,1,358),(1438,9.5,29,1,358),(1439,8.5,36,1,358),(1440,6.5,35,1,359),(1441,6.0,29,1,359),(1442,5.8,36,1,359),(1443,7.5,35,1,360),(1444,6.0,36,1,360),(1445,6.0,29,1,360),(1446,7.0,35,1,361),(1447,8.0,29,1,361),(1448,8.5,36,1,361),(1449,6.0,35,1,363),(1450,6.5,29,1,363),(1451,7.0,36,1,363),(1452,9.0,36,1,364),(1453,8.0,29,1,364),(1454,9.5,36,1,365),(1455,9.5,29,1,365),(1456,8.5,29,1,367),(1457,9.0,36,1,367),(1458,6.0,36,1,369),(1459,7.5,29,1,369),(1460,9.0,29,1,370),(1461,9.5,36,1,370),(1462,6.0,36,1,371),(1463,7.0,29,1,371),(1464,8.6,29,1,372),(1465,6.5,36,1,372),(1466,9.5,36,1,373),(1467,9.0,29,1,373),(1468,6.0,36,1,374),(1469,7.0,29,1,374),(1470,8.0,29,1,376),(1471,6.5,36,1,376),(1472,6.0,29,1,377),(1473,6.5,36,1,377),(1474,7.0,29,1,378),(1475,8.0,36,1,378),(1476,6.5,29,1,379),(1477,8.0,36,1,379),(1478,9.0,29,1,380),(1479,9.0,36,1,380),(1480,9.0,29,1,381),(1481,9.5,36,1,381),(1482,9.5,36,1,382),(1483,9.0,29,1,382),(1484,9.0,36,1,383),(1485,8.0,29,1,383),(1486,6.0,36,1,384),(1487,6.0,29,1,384),(1488,8.0,36,1,385),(1489,7.6,29,1,385),(1490,6.0,36,1,386),(1491,6.0,29,1,386),(1492,8.5,36,1,387),(1493,7.0,29,1,387),(1494,6.5,29,1,388),(1495,6.0,36,1,388),(1496,7.5,29,1,389),(1497,8.0,36,1,389),(1498,7.0,29,1,390),(1499,8.0,36,1,390),(1500,7.0,29,1,391),(1501,8.0,36,1,391),(1502,8.0,36,1,392),(1503,6.5,29,1,392),(1504,7.5,29,1,393),(1505,7.0,36,1,393),(1506,8.5,36,1,395),(1507,8.0,29,1,395),(1508,8.5,29,1,396),(1509,8.5,36,1,396),(1510,7.0,36,1,397),(1511,7.5,29,1,397),(1512,6.0,29,1,398),(1513,5.0,36,1,398),(1514,4.0,36,1,399),(1515,6.5,29,1,399),(1516,8.0,36,1,400),(1517,7.0,29,1,400),(1518,7.5,29,1,401),(1519,7.0,36,1,401),(1520,7.5,36,1,402),(1521,7.0,29,1,402),(1522,6.0,36,1,403),(1523,6.5,29,1,403),(1524,8.5,29,1,404),(1525,8.0,36,1,404),(1526,6.5,29,1,405),(1527,6.0,36,1,405),(1528,8.5,29,1,406),(1529,8.0,36,1,406),(1530,7.5,29,1,407),(1531,7.0,36,1,407),(1532,8.0,36,1,409),(1533,7.0,29,1,409),(1534,8.0,29,1,410),(1535,8.0,36,1,410),(1536,7.5,29,1,411),(1537,8.0,36,1,411),(1538,8.0,29,1,412),(1539,8.0,36,1,412),(1540,8.5,29,1,413),(1541,8.0,36,1,413),(1542,7.5,29,1,414),(1543,7.0,36,1,414),(1544,7.0,36,1,416),(1545,7.0,29,1,416),(1546,7.0,36,1,417),(1547,7.0,29,1,417),(1548,7.5,29,1,418),(1549,8.5,36,1,418),(1550,6.5,36,1,419),(1551,7.0,29,1,419),(1552,9.0,36,1,420),(1553,9.5,29,1,420),(1554,8.5,36,1,421),(1555,7.0,29,1,421),(1556,8.5,36,1,422),(1557,8.0,29,1,422),(1558,9.5,29,1,423),(1559,8.0,36,1,423),(1560,6.5,36,1,424),(1561,7.0,29,1,424),(1562,8.0,36,1,425),(1563,7.0,29,1,425),(1564,8.0,36,1,426),(1565,9.0,29,1,426),(1566,9.0,36,1,427),(1567,9.0,29,1,427),(1568,8.5,29,1,428),(1569,8.0,36,1,428),(1570,7.5,29,1,429),(1571,7.0,36,1,429),(1572,7.5,29,1,430),(1573,8.0,36,1,430),(1574,8.0,29,1,431),(1575,9.5,36,1,431),(1576,6.0,36,1,432),(1577,6.5,29,1,432),(1578,7.0,29,1,433),(1579,6.5,36,1,433),(1580,7.0,36,1,434),(1581,7.5,29,1,434),(1582,6.5,36,1,435),(1583,7.0,29,1,435),(1584,7.0,29,1,436),(1585,9.5,36,1,436),(1586,7.0,36,1,437),(1587,7.5,29,1,437),(1588,8.5,29,1,438),(1589,8.0,36,1,438),(1590,8.0,36,1,439),(1591,7.5,29,1,439),(1592,8.5,29,1,440),(1593,8.0,36,1,440),(1594,7.0,36,1,441),(1595,7.0,29,1,441),(1596,7.0,36,1,442),(1597,7.5,29,1,442),(1598,8.0,29,1,443),(1599,7.5,36,1,443),(1600,7.0,36,1,444),(1601,7.5,29,1,444),(1602,8.0,36,1,445),(1603,8.5,29,1,445),(1604,7.0,29,1,446),(1605,7.5,36,1,446),(1606,8.0,29,1,447),(1607,9.5,36,1,447),(1608,8.5,36,1,448),(1609,8.0,29,1,448),(1610,8.0,29,1,449),(1611,7.5,36,1,449),(1612,7.0,36,1,450),(1613,7.5,29,1,450),(1614,7.0,36,1,451),(1615,8.0,29,1,451),(1616,8.0,36,1,452),(1617,8.0,29,1,452),(1618,7.0,29,1,453),(1619,7.0,36,1,453),(1620,9.5,36,1,454),(1621,8.0,29,1,454),(1622,7.0,29,1,455),(1623,7.0,36,1,455),(1624,7.0,29,1,456),(1625,9.0,36,1,456),(1626,8.0,29,1,457),(1627,9.0,36,1,457),(1628,8.0,29,1,458),(1629,9.0,36,1,458),(1630,8.5,36,1,459),(1631,6.0,29,1,459),(1632,8.0,36,1,460),(1633,7.5,29,1,460),(1634,6.5,29,1,462),(1635,8.0,36,1,462),(1636,8.0,36,1,463),(1637,6.0,29,1,463),(1638,7.0,29,1,464),(1639,6.5,36,1,464),(1640,8.0,36,1,465),(1641,9.0,29,1,465),(1642,8.0,36,1,466),(1643,7.0,29,1,466),(1644,9.5,36,1,467),(1645,8.5,29,1,467),(1646,8.5,36,1,468),(1647,9.0,29,1,468),(1648,9.0,29,1,469),(1649,7.5,36,1,469),(1650,8.5,29,1,470),(1651,9.0,36,1,470),(1652,9.5,36,1,472),(1653,8.5,29,1,472),(1654,8.5,29,1,473),(1655,9.0,36,1,473),(1656,9.0,36,1,474),(1657,8.5,29,1,474),(1658,9.5,36,1,475),(1659,8.5,29,1,475),(1660,7.0,29,1,476),(1661,8.0,36,1,476),(1662,8.0,27,1,416),(1663,6.5,30,1,312),(1664,8.0,32,1,312),(1665,8.2,32,1,310),(1666,6.6,30,1,310),(1667,8.1,30,1,314),(1668,8.0,32,1,314),(1669,6.5,32,1,320),(1670,6.6,30,1,320),(1671,7.0,30,1,308),(1672,8.1,32,1,308),(1673,9.0,32,1,328),(1674,7.0,30,1,328),(1675,6.6,30,1,330),(1676,8.1,32,1,330),(1677,7.8,32,1,307),(1678,6.8,30,1,307),(1679,6.7,30,1,315),(1680,7.6,32,1,315),(1681,8.4,32,1,313),(1682,7.0,30,1,313),(1683,7.0,30,1,311),(1684,7.3,32,1,311),(1685,7.4,32,1,319),(1686,6.8,30,1,319),(1687,6.5,30,1,504),(1688,6.8,32,1,504),(1689,7.6,32,1,324),(1690,6.6,30,1,324),(1691,6.6,30,1,298),(1692,8.0,32,1,298),(1693,7.0,32,1,303),(1694,6.5,30,1,303),(1695,6.9,30,1,299),(1696,8.0,32,1,299),(1697,8.5,32,1,334),(1698,6.8,30,1,334),(1699,6.3,30,1,302),(1700,7.0,32,1,302),(1701,7.0,32,1,331),(1702,7.2,30,1,331),(1703,6.6,30,1,325),(1704,7.3,32,1,325),(1705,7.4,32,1,318),(1706,6.7,30,1,318),(1707,6.4,30,1,306),(1708,8.0,32,1,306),(1709,7.0,32,1,300),(1710,6.3,30,1,300),(1711,6.7,30,1,344),(1712,8.0,32,1,344),(1713,8.3,32,1,347),(1714,6.6,30,1,347),(1715,6.8,30,1,350),(1716,8.0,32,1,350),(1717,8.7,32,1,352),(1718,7.8,30,1,352),(1719,6.2,30,1,336),(1720,8.0,32,1,336),(1721,8.2,32,1,361),(1722,7.0,30,1,361),(1723,6.2,30,1,343),(1724,8.0,32,1,359),(1725,6.4,30,1,359),(1726,8.0,32,1,345),(1727,6.3,30,1,345),(1728,8.0,32,1,360),(1729,6.5,30,1,360),(1730,8.0,32,1,356),(1731,6.7,30,1,356),(1732,8.5,32,1,358),(1733,7.5,30,1,358),(1734,8.0,32,1,362),(1735,6.4,30,1,362),(1736,6.5,32,1,348),(1737,6.2,30,1,348),(1738,8.1,32,1,340),(1739,6.8,30,1,340),(1740,7.3,32,1,354),(1741,6.5,30,1,354),(1742,8.0,32,1,363),(1743,7.0,30,1,363),(1744,8.5,32,1,335),(1745,7.6,30,1,335),(1746,8.0,32,1,353),(1747,7.8,30,1,353),(1748,8.1,32,1,355),(1749,6.8,30,1,355),(1750,6.8,32,1,346),(1751,6.5,30,1,346),(1752,7.8,32,1,337),(1753,6.8,30,1,337),(1754,8.0,32,1,338),(1755,7.0,30,1,338),(1756,8.1,32,1,339),(1757,6.8,30,1,339),(1758,8.0,32,1,349),(1759,6.4,30,1,349),(1760,8.3,32,1,342),(1761,6.6,30,1,342),(1762,7.8,32,1,382),(1763,7.5,30,1,382),(1764,8.0,32,1,370),(1765,8.0,30,1,370),(1766,8.3,32,1,384),(1767,7.0,30,1,384),(1768,8.0,32,1,379),(1769,7.1,30,1,379),(1770,7.3,32,1,374),(1771,7.0,30,1,374),(1772,7.5,32,1,381),(1773,7.7,30,1,381),(1774,8.0,32,1,383),(1775,7.8,30,1,383),(1776,8.3,32,1,368),(1777,7.4,30,1,368),(1778,8.5,32,1,380),(1779,7.5,30,1,380),(1780,7.4,30,1,364),(1781,8.5,32,1,364),(1782,8.0,32,1,372),(1783,7.1,30,1,372),(1784,8.3,32,1,373),(1785,8.0,30,1,373),(1786,8.5,32,1,377),(1787,7.8,30,1,377),(1788,8.3,32,1,385),(1789,7.5,30,1,385),(1790,8.0,32,1,378),(1791,7.7,30,1,378),(1792,7.0,30,1,371),(1793,8.4,32,1,371),(1794,8.5,32,1,376),(1795,7.6,30,1,376),(1796,7.8,30,1,369),(1797,8.4,32,1,369),(1798,7.8,32,1,367),(1799,7.1,30,1,367),(1800,7.0,30,1,365),(1801,7.3,32,1,365),(1802,8.0,32,1,403),(1803,6.6,30,1,403),(1804,6.7,30,1,401),(1805,7.5,32,1,401),(1806,8.1,32,1,392),(1807,7.0,30,1,392),(1808,7.0,30,1,390),(1809,8.3,32,1,390),(1810,7.0,30,1,387),(1811,7.8,32,1,387),(1812,7.7,32,1,389),(1813,7.0,30,1,389),(1814,8.0,32,1,395),(1815,7.5,30,1,395),(1816,7.0,32,1,393),(1817,6.5,30,1,393),(1818,8.0,30,1,402),(1819,8.5,32,1,402),(1820,8.0,32,1,398),(1821,6.8,30,1,398),(1822,6.8,30,1,400),(1823,8.2,32,1,400),(1824,7.8,32,1,388),(1825,6.8,30,1,388),(1826,6.7,30,1,397),(1827,7.1,32,1,397),(1828,7.0,32,1,396),(1829,6.8,30,1,396),(1830,6.3,30,1,386),(1831,6.5,32,1,386),(1832,8.0,32,1,391),(1833,6.8,30,1,391),(1834,6.8,30,1,399),(1835,8.0,32,1,399),(1836,8.0,32,1,420),(1837,8.5,30,1,420),(1838,8.6,30,1,410),(1839,8.5,32,1,410),(1840,8.0,32,1,421),(1841,8.0,30,1,421),(1842,8.5,30,1,423),(1843,8.0,32,1,423),(1844,8.2,32,1,426),(1845,8.0,30,1,426),(1846,7.5,30,1,413),(1847,7.0,32,1,413),(1848,9.0,32,1,427),(1849,8.0,30,1,427),(1850,8.0,30,1,406),(1851,8.3,32,1,406),(1852,8.0,32,1,417),(1853,8.0,30,1,417),(1854,7.4,30,1,411),(1855,8.0,32,1,411),(1856,8.0,32,1,425),(1857,8.0,30,1,425),(1858,6.7,30,1,412),(1859,6.3,32,1,412),(1860,7.5,32,1,422),(1861,7.7,30,1,422),(1862,6.9,30,1,414),(1863,6.6,32,1,414),(1864,7.0,32,1,419),(1865,6.8,30,1,419),(1866,6.5,30,1,404),(1867,7.0,32,1,404),(1868,8.0,32,1,418),(1869,7.0,30,1,418),(1870,8.0,30,1,416),(1871,8.5,32,1,416),(1872,8.2,32,1,405),(1873,8.0,30,1,405),(1874,8.0,30,1,424),(1875,8.5,32,1,424),(1876,8.6,32,1,407),(1877,8.0,30,1,407),(1878,7.5,30,1,409),(1879,8.0,32,1,409),(1880,8.0,32,1,451),(1881,7.1,30,1,451),(1882,7.0,30,1,430),(1883,8.0,32,1,430),(1884,8.2,32,1,444),(1885,7.5,30,1,444),(1886,7.6,30,1,431),(1887,8.0,32,1,431),(1888,8.1,32,1,439),(1889,7.5,30,1,439),(1890,7.5,30,1,447),(1891,8.0,32,1,447),(1892,8.2,32,1,442),(1893,7.2,30,1,442),(1894,7.0,30,1,446),(1895,8.0,32,1,446),(1896,8.0,32,1,454),(1897,7.8,30,1,454),(1898,7.8,30,1,438),(1899,7.8,32,1,438),(1900,9.0,32,1,432),(1901,7.5,30,1,432),(1902,7.0,30,1,429),(1903,8.0,32,1,429),(1904,8.6,32,1,434),(1905,7.3,30,1,434),(1906,6.0,30,1,443),(1907,8.0,32,1,443),(1908,8.1,32,1,435),(1909,7.6,30,1,435),(1910,7.8,30,1,449),(1911,8.0,32,1,449),(1912,8.0,32,1,450),(1913,7.7,30,1,450),(1914,8.6,32,1,433),(1915,8.5,32,1,441),(1916,6.5,30,1,441),(1917,6.5,30,1,440),(1918,8.0,32,1,440),(1919,8.0,32,1,452),(1920,8.0,30,1,452),(1921,7.0,30,1,436),(1922,7.9,32,1,436),(1923,8.0,32,1,448),(1924,7.8,30,1,448),(1925,8.3,30,1,453),(1926,8.0,32,1,453),(1927,8.4,32,1,437),(1928,7.3,30,1,437),(1929,8.0,30,1,428),(1930,8.1,32,1,428),(1931,8.0,32,1,445),(1932,7.7,30,1,445),(1933,8.0,30,1,455),(1934,9.0,32,1,455),(1935,8.5,32,1,463),(1936,8.3,30,1,463),(1937,8.0,25,1,463),(1938,8.0,25,1,462),(1939,8.1,30,1,462),(1940,8.0,32,1,462),(1941,8.0,32,1,459),(1942,8.0,30,1,459),(1943,8.0,25,1,459),(1944,8.0,25,1,456),(1945,8.3,30,1,456),(1946,8.4,32,1,456),(1947,8.3,32,1,466),(1948,8.1,30,1,466),(1949,8.0,25,1,466),(1950,8.3,25,1,458),(1951,8.5,30,1,458),(1952,9.0,32,1,458),(1953,9.0,32,1,465),(1954,8.5,30,1,465),(1955,8.5,25,1,465),(1956,8.0,25,1,457),(1957,8.0,30,1,457),(1958,8.5,32,1,457),(1959,8.0,32,1,460),(1960,8.0,25,1,460),(1961,8.0,30,1,460),(1962,8.0,25,1,464),(1963,8.0,30,1,464),(1964,9.0,32,1,464),(1965,9.5,32,1,467),(1966,8.5,30,1,467),(1967,8.5,25,1,467),(1968,8.2,25,1,470),(1969,8.1,30,1,470),(1970,9.2,32,1,470),(1971,9.5,32,1,476),(1972,8.5,30,1,476),(1973,8.6,25,1,476),(1974,8.0,25,1,472),(1975,8.0,30,1,472),(1976,9.0,32,1,472),(1977,9.3,32,1,468),(1978,8.5,30,1,468),(1979,8.5,25,1,468),(1980,8.0,25,1,469),(1981,8.0,30,1,469),(1982,9.0,32,1,469),(1983,9.5,32,1,475),(1984,8.0,30,1,475),(1985,8.1,25,1,475),(1986,8.0,25,1,473),(1987,8.0,30,1,473),(1988,9.2,32,1,473),(1989,4.0,20,1,305),(1990,7.0,27,1,305),(1991,6.5,43,1,305),(1992,7.0,43,1,312),(1993,6.5,27,1,312),(1994,6.5,20,1,312),(1995,6.5,20,1,310),(1996,6.5,27,1,310),(1997,7.0,43,1,310),(1998,9.5,43,1,314),(1999,9.0,27,1,314),(2000,8.5,20,1,314),(2001,6.0,20,1,320),(2002,6.0,27,1,320),(2003,6.0,43,1,320),(2004,8.0,43,1,308),(2005,7.5,27,1,308),(2006,7.0,20,1,308),(2007,7.0,20,1,328),(2008,7.0,27,1,328),(2009,7.5,43,1,328),(2010,8.5,43,1,330),(2011,8.5,27,1,330),(2012,8.0,20,1,330),(2013,6.5,20,1,307),(2014,8.5,20,1,315),(2015,7.0,27,1,307),(2016,8.5,27,1,315),(2017,7.0,43,1,307),(2018,9.0,43,1,315),(2019,7.0,43,1,313),(2020,6.5,27,1,313),(2021,6.5,20,1,313),(2022,8.0,20,1,311),(2023,7.5,27,1,311),(2024,8.5,43,1,311),(2025,7.5,43,1,319),(2026,7.0,27,1,319),(2027,7.0,20,1,319),(2028,5.0,20,1,504),(2029,6.5,27,1,504),(2030,6.5,43,1,504),(2031,7.0,43,1,324),(2032,6.5,27,1,324),(2033,6.5,20,1,324),(2034,7.0,20,1,298),(2035,7.0,27,1,298),(2036,7.5,43,1,298),(2037,9.0,43,1,303),(2038,8.5,27,1,303),(2039,9.0,20,1,303),(2040,8.5,20,1,299),(2041,8.0,27,1,299),(2042,8.5,43,1,299),(2043,7.0,43,1,334),(2044,6.5,27,1,334),(2045,6.5,20,1,334),(2046,6.5,20,1,302),(2047,6.5,27,1,302),(2048,7.5,43,1,302),(2049,7.0,43,1,331),(2050,6.5,27,1,331),(2051,6.0,20,1,331),(2052,7.0,20,1,325),(2053,7.0,27,1,325),(2054,7.5,43,1,325),(2055,7.5,43,1,318),(2056,7.0,27,1,318),(2057,7.0,20,1,318),(2058,7.0,20,1,306),(2059,7.0,27,1,306),(2060,7.5,43,1,306),(2061,7.0,43,1,300),(2062,6.5,27,1,300),(2063,6.5,20,1,300),(2064,6.0,20,1,344),(2065,5.0,27,1,344),(2066,7.0,43,1,344),(2067,6.0,43,1,347),(2068,6.5,27,1,347),(2069,5.0,20,1,347),(2070,7.0,20,1,350),(2071,6.5,27,1,350),(2072,7.0,43,1,350),(2073,8.5,43,1,352),(2074,8.0,27,1,352),(2075,7.0,20,1,352),(2076,6.5,20,1,336),(2077,6.0,27,1,336),(2078,6.5,43,1,336),(2079,7.0,43,1,361),(2080,7.5,27,1,361),(2081,7.0,20,1,361),(2082,8.5,20,1,343),(2083,7.5,27,1,343),(2084,7.5,43,1,343),(2085,6.5,43,1,359),(2086,6.0,27,1,359),(2087,5.0,20,1,359),(2088,7.5,20,1,345),(2089,7.5,27,1,345),(2090,8.0,43,1,345),(2091,6.5,43,1,360),(2092,6.5,27,1,360),(2093,5.0,20,1,360),(2094,7.0,20,1,356),(2095,6.5,27,1,356),(2096,7.0,43,1,356),(2097,9.0,43,1,358),(2098,9.0,27,1,358),(2099,8.5,20,1,358),(2100,6.5,20,1,362),(2101,6.0,27,1,362),(2102,6.5,43,1,362),(2103,7.0,43,1,348),(2104,6.5,27,1,348),(2105,6.5,20,1,348),(2106,8.0,20,1,340),(2107,7.0,27,1,340),(2108,7.5,43,1,340),(2109,7.0,43,1,354),(2110,7.0,27,1,354),(2111,6.5,20,1,354),(2112,7.0,20,1,363),(2113,7.0,27,1,363),(2114,7.5,43,1,363),(2115,7.5,43,1,335),(2116,7.5,27,1,335),(2117,8.5,20,1,335),(2118,6.5,20,1,353),(2119,6.5,27,1,353),(2120,6.5,43,1,353),(2121,8.0,43,1,355),(2122,7.5,27,1,355),(2123,8.5,20,1,355),(2124,6.5,20,1,346),(2125,6.5,27,1,346),(2126,7.0,43,1,346),(2127,8.0,43,1,337),(2128,7.5,27,1,337),(2129,8.0,20,1,337),(2130,6.5,20,1,338),(2131,6.5,27,1,338),(2132,7.0,43,1,338),(2133,6.5,43,1,339),(2134,6.0,27,1,339),(2135,4.5,20,1,339),(2136,4.5,20,1,349),(2137,5.0,27,1,349),(2138,6.5,43,1,349),(2139,6.5,43,1,342),(2140,6.5,27,1,342),(2141,5.0,20,1,342),(2142,6.2,47,1,305),(2143,6.5,46,1,305),(2144,7.0,46,1,312),(2145,6.5,47,1,312),(2146,7.0,47,1,310),(2147,7.1,46,1,310),(2148,8.3,46,1,314),(2149,7.8,47,1,314),(2150,6.0,47,1,320),(2151,5.0,46,1,320),(2152,7.0,46,1,308),(2153,6.2,47,1,308),(2154,6.0,47,1,328),(2155,7.0,46,1,328),(2156,7.0,46,1,330),(2157,6.3,47,1,330),(2158,6.4,47,1,307),(2159,7.7,47,1,315),(2160,6.4,46,1,307),(2161,8.0,46,1,315),(2162,5.0,46,1,313),(2163,6.0,47,1,313),(2164,6.5,47,1,311),(2165,7.0,46,1,311),(2166,6.7,46,1,319),(2167,6.0,47,1,319),(2168,5.0,47,1,504),(2169,5.0,46,1,504),(2170,5.0,46,1,324),(2171,5.0,47,1,324),(2172,5.0,47,1,298),(2173,7.1,46,1,298),(2174,6.0,46,1,303),(2175,5.0,47,1,303),(2176,6.2,47,1,299),(2177,8.1,46,1,299),(2178,8.1,46,1,334),(2179,7.0,47,1,334),(2180,6.3,47,1,302),(2181,5.0,46,1,302),(2182,5.0,46,1,331),(2183,5.0,47,1,331),(2184,6.3,47,1,325),(2185,6.0,46,1,325),(2186,6.1,46,1,318),(2187,6.7,47,1,318),(2188,6.0,47,1,306),(2189,6.1,46,1,306),(2190,5.0,46,1,300),(2191,5.0,47,1,300),(2192,6.3,47,1,344),(2193,7.0,46,1,344),(2194,5.0,46,1,347),(2195,6.0,47,1,347),(2196,6.5,47,1,350),(2197,6.8,46,1,350),(2198,8.1,46,1,352),(2199,8.0,47,1,352),(2200,6.0,47,1,336),(2201,6.2,46,1,336),(2202,5.0,46,1,361),(2203,8.0,47,1,361),(2204,5.0,47,1,343),(2205,5.0,46,1,343),(2206,5.0,46,1,359),(2207,5.0,47,1,359),(2208,5.0,47,1,360),(2209,5.0,46,1,360),(2210,8.3,46,1,356),(2211,8.0,47,1,356),(2212,8.1,47,1,358),(2213,7.8,46,1,358),(2214,6.3,46,1,362),(2215,5.0,47,1,362),(2216,6.2,47,1,348),(2217,5.0,46,1,348),(2218,6.0,46,1,340),(2219,5.0,47,1,340),(2220,5.0,47,1,354),(2221,5.0,46,1,354),(2222,5.0,46,1,363),(2223,5.0,47,1,363),(2224,5.0,47,1,335),(2225,5.0,46,1,335),(2226,7.0,46,1,353),(2227,6.8,47,1,353),(2228,5.0,47,1,355),(2229,5.0,46,1,355),(2230,5.0,46,1,346),(2231,5.0,47,1,346),(2232,7.0,47,1,337),(2233,7.0,46,1,337),(2234,6.0,46,1,338),(2235,6.0,47,1,338),(2236,6.5,47,1,339),(2237,6.4,46,1,339),(2238,5.0,46,1,349),(2239,5.0,47,1,349),(2240,6.0,47,1,342),(2241,6.0,46,1,342),(2242,8.5,46,1,382),(2243,8.1,47,1,382),(2244,8.0,47,1,370),(2245,8.0,46,1,370),(2246,6.0,46,1,384),(2247,5.0,47,1,384),(2248,5.0,47,1,379),(2249,6.2,46,1,379),(2250,5.0,46,1,374),(2251,6.5,47,1,374),(2252,9.0,47,1,381),(2253,9.0,46,1,381),(2254,7.2,46,1,383),(2255,6.5,47,1,383),(2256,6.4,47,1,368),(2257,6.0,46,1,368),(2258,8.3,46,1,380),(2259,7.0,47,1,380),(2260,5.0,47,1,364),(2261,5.0,46,1,364),(2262,7.0,46,1,372),(2263,7.8,47,1,372),(2264,8.8,47,1,373),(2265,8.5,46,1,373),(2266,5.0,46,1,377),(2267,5.0,47,1,377),(2268,5.0,47,1,385),(2269,5.0,46,1,385),(2270,5.0,46,1,378),(2271,7.1,47,1,378),(2272,6.0,47,1,371),(2273,6.0,46,1,371),(2274,5.0,46,1,376),(2275,5.0,47,1,376),(2276,6.5,47,1,369),(2277,6.0,46,1,369),(2278,8.5,46,1,367),(2279,8.0,47,1,367),(2280,6.7,47,1,365),(2281,7.0,46,1,365),(2282,5.0,46,1,403),(2283,5.0,47,1,403),(2284,8.0,47,1,401),(2285,7.8,46,1,401),(2286,6.0,46,1,392),(2287,5.0,47,1,392),(2288,6.6,47,1,390),(2289,6.0,46,1,390),(2290,5.0,46,1,387),(2291,6.5,47,1,387),(2292,6.4,47,1,389),(2293,5.0,46,1,389),(2294,7.8,46,1,395),(2295,8.1,47,1,395),(2296,7.1,47,1,393),(2297,7.0,46,1,393),(2298,7.8,46,1,402),(2299,8.0,47,1,402),(2300,7.0,47,1,398),(2301,5.0,46,1,398),(2302,5.0,46,1,400),(2303,5.0,47,1,400),(2304,5.0,47,1,388),(2305,5.0,46,1,388),(2306,6.8,46,1,397),(2307,7.0,47,1,397),(2308,6.3,47,1,396),(2309,6.5,46,1,396),(2310,5.0,46,1,386),(2311,6.0,47,1,386),(2312,6.5,47,1,391),(2313,7.0,46,1,391),(2314,5.0,46,1,399),(2315,5.0,47,1,399),(2316,7.7,47,1,420),(2317,8.0,46,1,420),(2318,8.1,46,1,410),(2319,6.4,47,1,410),(2320,7.4,47,1,421),(2321,7.8,46,1,421),(2322,7.0,46,1,423),(2323,8.0,47,1,423),(2324,6.6,47,1,426),(2325,6.8,46,1,426),(2326,7.4,46,1,413),(2327,7.5,47,1,413),(2328,8.3,47,1,427),(2329,7.5,46,1,427),(2330,7.4,46,1,406),(2331,6.5,47,1,406),(2332,6.6,47,1,417),(2333,7.3,46,1,417),(2334,7.0,46,1,411),(2335,6.7,47,1,411),(2336,6.5,47,1,425),(2337,7.0,46,1,425),(2338,7.0,46,1,412),(2339,6.3,47,1,412),(2340,7.3,47,1,422),(2341,7.6,46,1,422),(2342,5.0,46,1,414),(2343,6.3,47,1,414),(2344,5.2,47,1,419),(2345,5.0,46,1,419),(2346,7.1,46,1,404),(2347,7.3,47,1,404),(2348,6.8,46,1,418),(2349,7.4,47,1,418),(2350,8.3,47,1,416),(2351,8.0,46,1,416),(2352,8.3,46,1,405),(2353,9.0,47,1,405),(2354,5.0,47,1,424),(2355,6.0,46,1,424),(2356,7.0,46,1,407),(2357,5.0,47,1,407),(2358,5.0,47,1,409),(2359,5.0,46,1,409),(2360,6.5,46,1,451),(2361,7.4,47,1,451),(2362,6.2,47,1,430),(2363,6.4,46,1,430),(2364,6.0,46,1,444),(2365,6.5,47,1,444),(2366,5.0,47,1,431),(2367,5.0,46,1,431),(2368,7.1,46,1,439),(2369,8.0,47,1,439),(2370,6.0,47,1,447),(2371,7.5,46,1,447),(2372,7.4,46,1,442),(2373,6.8,47,1,442),(2374,7.4,47,1,446),(2375,7.3,46,1,446),(2376,7.5,46,1,454),(2377,8.1,47,1,454),(2378,7.6,47,1,438),(2379,7.0,46,1,438),(2380,5.0,46,1,432),(2381,5.3,47,1,432),(2382,5.1,47,1,429),(2383,6.3,46,1,429),(2384,6.5,46,1,434),(2385,5.0,47,1,434),(2386,7.0,47,1,443),(2387,7.0,46,1,443),(2388,6.6,46,1,435),(2389,5.0,47,1,435),(2390,7.6,47,1,449),(2391,7.3,46,1,449),(2392,7.1,46,1,450),(2393,7.0,47,1,450),(2394,6.2,47,1,433),(2395,6.7,46,1,433),(2396,8.6,46,1,441),(2397,9.0,47,1,441),(2398,5.0,47,1,440),(2399,6.2,46,1,440),(2400,6.0,46,1,452),(2401,8.0,47,1,452),(2402,7.0,47,1,436),(2403,7.1,46,1,436),(2404,7.8,46,1,448),(2405,8.8,47,1,448),(2406,6.6,47,1,453),(2407,6.8,46,1,453),(2408,5.0,46,1,437),(2409,5.0,47,1,437),(2410,6.0,47,1,428),(2411,7.0,46,1,428),(2412,7.2,46,1,445),(2413,6.7,47,1,445),(2414,6.5,47,1,455),(2415,6.6,46,1,455),(2416,8.0,23,1,463),(2417,8.0,24,1,463),(2418,7.8,38,1,463),(2419,7.7,38,1,462),(2420,8.2,24,1,462),(2421,7.7,23,1,462),(2422,5.0,23,1,459),(2423,8.0,24,1,459),(2424,6.8,38,1,459),(2425,9.2,38,1,456),(2426,8.5,24,1,456),(2427,7.0,23,1,456),(2428,7.0,23,1,466),(2429,8.0,24,1,466),(2430,6.8,38,1,466),(2431,7.6,38,1,458),(2432,8.0,24,1,458),(2433,6.5,23,1,458),(2434,6.5,23,1,465),(2435,8.0,24,1,465),(2436,7.6,38,1,465),(2437,6.9,38,1,457),(2438,8.0,24,1,457),(2439,6.0,23,1,457),(2440,5.0,23,1,460),(2441,8.0,24,1,460),(2442,7.5,38,1,460),(2443,6.8,38,1,464),(2444,8.0,24,1,464),(2445,6.5,23,1,464),(2446,7.5,23,1,467),(2447,7.7,23,1,472),(2448,8.0,24,1,467),(2449,7.6,24,1,472),(2450,7.8,38,1,467),(2451,7.8,38,1,472),(2452,8.0,38,1,470),(2453,8.6,24,1,470),(2454,7.8,23,1,470),(2455,7.0,23,1,474),(2456,6.7,24,1,474),(2457,7.0,38,1,474),(2458,7.2,38,1,476),(2459,6.5,24,1,476),(2460,7.1,23,1,476),(2461,7.8,23,1,468),(2462,6.7,24,1,468),(2463,7.6,38,1,468),(2464,7.0,38,1,469),(2465,6.7,24,1,469),(2466,7.0,23,1,469),(2467,7.0,23,1,475),(2468,6.5,24,1,475),(2469,6.8,38,1,475),(2470,7.1,38,1,473),(2471,7.0,24,1,473),(2472,7.1,23,1,473),(2473,7.8,47,1,505),(2474,8.5,46,1,505),(2475,7.3,46,1,506),(2476,6.8,47,1,506),(2477,5.0,47,1,507),(2478,6.2,46,1,507),(2479,6.5,46,1,375),(2480,6.0,47,1,375),(2481,5.0,47,1,508),(2482,7.0,46,1,508),(2483,6.0,46,1,341),(2484,6.0,47,1,341),(2485,7.0,47,1,509),(2486,7.3,46,1,509),(2487,5.0,46,1,317),(2488,5.0,47,1,317),(2489,6.0,47,1,316),(2490,7.0,46,1,316),(2491,6.1,46,1,510),(2492,6.0,47,1,510),(2493,5.0,47,1,511),(2494,6.0,46,1,511),(2495,5.0,46,1,512),(2496,4.0,47,1,512),(2497,7.0,47,1,304),(2498,7.4,46,1,304),(2499,6.8,46,1,513),(2500,7.0,47,1,513),(2501,5.0,47,1,514),(2502,5.0,46,1,514),(2503,3.0,46,1,366),(2504,3.0,47,1,366),(2505,5.0,47,1,515),(2506,6.5,46,1,515),(2507,6.7,46,1,516),(2508,5.1,47,1,516),(2509,5.0,47,1,517),(2510,6.3,46,1,517),(2511,5.0,46,1,518),(2512,5.0,47,1,518),(2513,5.0,47,1,519),(2514,6.5,46,1,519),(2515,8.5,46,1,520),(2516,8.7,47,1,520),(2517,7.0,47,1,521),(2518,6.7,46,1,521),(2519,5.0,23,1,522),(2520,8.0,24,1,522),(2521,7.0,38,1,522),(2522,9.0,20,1,505),(2523,9.0,27,1,505),(2524,9.5,43,1,505),(2525,7.5,43,1,506),(2526,7.0,27,1,506),(2527,7.0,20,1,506),(2528,6.5,20,1,507),(2529,6.5,27,1,507),(2530,7.0,43,1,507),(2531,7.5,43,1,375),(2532,7.0,27,1,375),(2533,7.0,20,1,375),(2534,7.0,20,1,508),(2535,7.5,27,1,508),(2536,7.0,43,1,508),(2537,7.0,43,1,509),(2538,6.5,27,1,509),(2539,6.5,20,1,509),(2540,8.0,20,1,317),(2541,8.5,27,1,317),(2542,8.5,43,1,317),(2543,8.5,43,1,316),(2544,8.0,27,1,316),(2545,8.0,20,1,316),(2546,8.0,36,1,505),(2547,8.5,35,1,505),(2548,7.0,29,1,505),(2549,6.0,29,1,504),(2550,6.0,36,1,504),(2551,6.0,35,1,504),(2552,7.0,35,1,506),(2553,6.5,36,1,506),(2554,7.0,29,1,506),(2555,6.5,29,1,507),(2556,7.0,36,1,507),(2557,7.5,35,1,507),(2558,8.5,35,1,375),(2559,8.0,36,1,375),(2560,7.0,29,1,375),(2561,7.0,29,1,341),(2562,6.5,36,1,341),(2563,7.0,35,1,341),(2564,7.0,35,1,509),(2565,6.5,29,1,509),(2566,7.6,36,1,509),(2567,8.5,36,1,350),(2568,7.0,29,1,350),(2569,7.0,35,1,350),(2570,8.0,35,1,352),(2571,8.0,29,1,352),(2572,8.5,36,1,352),(2573,7.5,36,1,317),(2574,7.0,29,1,317),(2575,7.0,35,1,317),(2576,9.0,35,1,316),(2577,8.0,29,1,316),(2578,8.5,36,1,316),(2579,6.0,36,1,368),(2580,7.0,29,1,368),(2581,8.0,29,1,510),(2582,9.0,36,1,510),(2583,8.0,36,1,511),(2584,8.0,29,1,511),(2585,8.0,29,1,512),(2586,6.0,36,1,512),(2587,7.0,36,1,304),(2588,6.5,29,1,304),(2589,7.0,29,1,513),(2590,6.5,36,1,513),(2591,7.5,36,1,514),(2592,7.0,29,1,514),(2593,8.0,29,1,515),(2594,7.0,36,1,515),(2595,7.0,36,1,516),(2596,8.0,29,1,516),(2597,8.0,29,1,517),(2598,7.0,36,1,517),(2599,7.5,36,1,518),(2600,7.0,29,1,518),(2601,7.5,29,1,519),(2602,8.0,36,1,519),(2603,9.0,36,1,520),(2604,8.5,29,1,520),(2605,7.0,29,1,521),(2606,9.5,36,1,521),(2607,8.0,36,1,522),(2608,7.5,29,1,522),(2609,6.5,20,1,510),(2610,5.8,20,1,511),(2611,4.0,20,1,512),(2612,8.0,20,1,304),(2613,4.0,20,1,513),(2614,3.0,20,1,514),(2615,5.0,20,1,515),(2616,6.0,20,1,516),(2617,4.5,20,1,517),(2618,4.0,20,1,518),(2619,4.0,20,1,519),(2620,8.0,20,1,520),(2621,6.5,20,1,442),(2622,5.2,20,1,521),(2623,6.7,20,1,522),(2624,6.8,44,1,522),(2625,7.0,27,1,510),(2626,7.0,27,1,511),(2627,4.0,27,1,512),(2628,7.0,27,1,304),(2629,8.0,27,1,513),(2630,4.0,27,1,514),(2631,4.0,27,1,366),(2632,6.0,27,1,515),(2633,4.0,27,1,516),(2634,4.0,27,1,517),(2635,4.0,27,1,518),(2636,6.0,27,1,519),(2637,7.5,27,1,520),(2638,7.5,27,1,521),(2639,4.0,27,1,522),(2640,3.4,43,1,510),(2641,3.8,43,1,511),(2642,6.0,43,1,304),(2643,6.0,43,1,513),(2644,4.9,43,1,398),(2645,6.1,43,1,514),(2646,6.7,43,1,366),(2647,4.1,43,1,515),(2648,4.0,43,1,516),(2649,6.3,43,1,517),(2650,4.0,43,1,518),(2651,4.0,43,1,519),(2652,7.3,43,1,520),(2653,6.4,43,1,442),(2654,6.0,43,1,521),(2655,4.0,43,1,522),(2656,6.5,26,1,505),(2657,7.0,33,1,505),(2658,6.5,33,1,504),(2659,4.0,26,1,504),(2660,6.0,26,1,506),(2661,7.0,33,1,506),(2662,7.0,33,1,507),(2663,6.0,26,1,507),(2664,6.0,26,1,375),(2665,7.0,33,1,375),(2666,7.0,33,1,508),(2667,6.0,26,1,508),(2668,6.0,26,1,341),(2669,7.0,33,1,341),(2670,7.0,33,1,509),(2671,6.0,26,1,509),(2672,6.5,26,1,352),(2673,7.0,33,1,352),(2674,6.0,33,1,317),(2675,4.0,26,1,317),(2676,6.0,26,1,316),(2677,7.0,33,1,316),(2678,6.0,33,1,510),(2679,5.0,26,1,510),(2680,6.0,26,1,511),(2681,7.0,33,1,511),(2682,7.0,33,1,304),(2683,6.5,26,1,304),(2684,7.0,26,1,513),(2685,8.0,33,1,513),(2686,6.0,33,1,514),(2687,4.0,26,1,514),(2688,4.0,26,1,366),(2689,6.0,33,1,366),(2690,6.0,33,1,516),(2691,6.0,26,1,516),(2692,4.0,26,1,517),(2693,6.0,33,1,517),(2694,8.0,33,1,519),(2695,7.0,26,1,519),(2696,8.0,26,1,520),(2697,8.5,33,1,520),(2698,6.0,33,1,442),(2699,6.5,26,1,442),(2700,6.5,26,1,521),(2701,6.0,33,1,521),(2702,7.0,33,1,522),(2703,6.5,26,1,522),(2704,6.0,31,1,505),(2705,8.0,28,1,505),(2706,7.5,39,1,505),(2707,6.5,39,1,504),(2708,7.0,28,1,504),(2709,6.0,31,1,504),(2710,6.5,31,1,506),(2711,7.0,28,1,506),(2712,7.1,39,1,506),(2713,7.2,39,1,507),(2714,7.2,28,1,507),(2715,5.2,31,1,507),(2716,6.0,31,1,375),(2717,7.5,28,1,375),(2718,7.3,39,1,375),(2719,7.1,39,1,508),(2720,7.0,28,1,508),(2721,5.0,31,1,508),(2722,7.5,31,1,341),(2723,8.1,28,1,341),(2724,7.5,39,1,341),(2725,7.0,39,1,509),(2726,6.0,28,1,509),(2727,5.1,31,1,509),(2728,8.0,31,1,352),(2729,6.5,28,1,352),(2730,8.0,39,1,352),(2731,8.0,39,1,317),(2732,7.0,28,1,317),(2733,6.0,31,1,317),(2734,6.0,31,1,316),(2735,6.7,28,1,316),(2736,7.0,39,1,316),(2737,6.0,39,1,510),(2738,6.0,28,1,510),(2739,6.0,31,1,510),(2740,7.0,31,1,511),(2741,7.0,28,1,511),(2742,7.0,39,1,511),(2743,5.0,39,1,512),(2744,6.0,28,1,512),(2745,5.0,31,1,512),(2746,7.0,31,1,304),(2747,7.0,28,1,304),(2748,7.5,39,1,304),(2749,8.0,39,1,513),(2750,7.0,28,1,513),(2751,6.5,31,1,513),(2752,5.0,31,1,514),(2753,6.0,28,1,514),(2754,7.0,39,1,514),(2755,8.5,31,1,515),(2756,7.1,28,1,515),(2757,6.5,40,1,515),(2758,7.0,40,1,516),(2759,8.1,28,1,516),(2760,6.5,31,1,516),(2761,5.6,31,1,517),(2762,7.0,28,1,517),(2763,7.0,40,1,517),(2764,7.0,40,1,518),(2765,7.0,28,1,518),(2766,8.5,31,1,518),(2767,6.0,31,1,519),(2768,8.1,28,1,519),(2769,7.0,40,1,519),(2770,7.1,40,1,520),(2771,6.0,28,1,520),(2772,6.5,31,1,520),(2773,6.0,31,1,521),(2774,7.0,28,1,521),(2775,7.1,40,1,521),(2776,7.0,37,1,522),(2777,7.0,31,1,522),(2778,7.2,28,1,522),(2779,8.3,32,1,505),(2780,7.4,30,1,505),(2781,6.8,30,1,506),(2782,7.0,32,1,506),(2783,6.9,32,1,507),(2784,6.7,30,1,507),(2785,6.9,30,1,375),(2786,7.6,32,1,375),(2787,7.3,32,1,508),(2788,6.4,30,1,508),(2789,7.1,30,1,341),(2790,8.1,32,1,341),(2791,8.1,32,1,509),(2792,6.4,30,1,509),(2793,7.0,30,1,317),(2794,8.5,32,1,317),(2795,8.0,32,1,316),(2796,6.5,30,1,316),(2797,7.3,30,1,510),(2798,7.8,32,1,510),(2799,8.5,32,1,511),(2800,7.5,30,1,511),(2801,6.5,30,1,512),(2802,7.0,32,1,512),(2803,8.5,32,1,304),(2804,7.4,30,1,304),(2805,7.3,30,1,513),(2806,8.5,32,1,513),(2807,8.0,32,1,515),(2808,7.6,30,1,515),(2809,7.6,30,1,516),(2810,8.0,32,1,516),(2811,8.0,32,1,517),(2812,7.4,30,1,517),(2813,8.0,30,1,518),(2814,8.5,32,1,518),(2815,7.5,32,1,519),(2816,7.0,30,1,519),(2817,7.8,30,1,520),(2818,9.0,32,1,520),(2819,7.5,32,1,521),(2820,7.0,30,1,521),(2821,8.1,30,1,522),(2822,8.4,32,1,522),(2823,8.1,25,1,522),(2824,9.0,34,1,505),(2825,6.0,34,1,504),(2826,7.0,34,1,506),(2827,6.0,34,1,507),(2828,7.0,34,1,375),(2829,8.0,34,1,508),(2830,5.0,34,1,341),(2831,7.5,34,1,509),(2832,7.0,34,1,352),(2833,8.0,34,1,317),(2834,7.0,34,1,316),(2835,6.0,34,1,510),(2836,7.3,35,1,510),(2837,7.0,35,1,511),(2838,6.0,34,1,511),(2839,6.0,34,1,512),(2840,6.0,35,1,512),(2841,6.6,34,1,304),(2842,5.0,35,1,304),(2843,6.6,35,1,513),(2844,7.3,34,1,513),(2845,6.0,34,1,514),(2846,6.0,35,1,514),(2847,7.5,35,1,515),(2848,5.0,34,1,515),(2849,5.0,34,1,516),(2850,8.0,35,1,516),(2851,7.0,35,1,517),(2852,5.0,34,1,517),(2853,5.0,34,1,518),(2854,8.0,35,1,518),(2855,8.0,35,1,519),(2856,6.0,34,1,519),(2857,9.0,34,1,520),(2858,7.0,35,1,520),(2859,6.0,35,1,521),(2860,7.0,34,1,521),(2861,8.5,34,1,522),(2862,7.0,35,1,522),(2863,7.0,36,1,508),(2864,6.5,35,1,508),(2865,6.5,29,1,508),(2866,6.5,20,1,341),(2867,6.5,27,1,341),(2868,7.5,43,1,341),(2869,6.5,26,1,354),(2870,7.0,33,1,354),(2871,7.0,33,1,337),(2872,6.5,26,1,337),(2873,8.5,31,1,403),(2874,6.5,28,1,403),(2875,8.0,39,1,403),(2876,8.0,39,1,401),(2877,7.0,28,1,401),(2878,8.0,31,1,401),(2879,6.2,31,1,392),(2880,6.0,28,1,392),(2881,6.5,39,1,392),(2882,6.5,39,1,390),(2883,6.0,28,1,390),(2884,8.0,31,1,390),(2885,8.0,31,1,387),(2886,7.0,28,1,387),(2887,7.1,39,1,387),(2888,6.1,39,1,389),(2889,6.0,28,1,389),(2890,8.0,31,1,389),(2891,8.1,31,1,395),(2892,7.0,28,1,395),(2893,7.0,39,1,395),(2894,6.0,39,1,393),(2895,6.0,28,1,393),(2896,8.0,31,1,393),(2897,8.3,31,1,402),(2898,7.0,28,1,402),(2899,7.3,39,1,402),(2900,6.0,39,1,398),(2901,6.0,28,1,398),(2902,8.3,31,1,398),(2903,7.5,31,1,400),(2904,7.0,28,1,400),(2905,8.0,39,1,400),(2906,6.1,39,1,388),(2907,6.0,28,1,388),(2908,7.5,31,1,388),(2909,4.0,31,1,397),(2910,6.0,28,1,397),(2911,7.0,39,1,397),(2912,7.1,39,1,396),(2913,7.0,28,1,396),(2914,6.0,31,1,396),(2915,4.0,31,1,386),(2916,6.0,28,1,386),(2917,6.0,39,1,386),(2918,7.0,39,1,391),(2919,6.5,28,1,391),(2920,4.0,31,1,391),(2921,7.1,31,1,399),(2922,6.0,28,1,399),(2923,6.0,39,1,399),(2924,7.5,32,1,514),(2925,6.7,30,1,514),(2926,4.0,26,2,305),(2927,6.0,26,2,312),(2928,8.0,26,2,310),(2929,6.5,26,2,314),(2930,7.0,33,2,305),(2931,7.5,33,2,312),(2932,7.5,33,2,310),(2933,8.0,33,2,314),(2934,6.0,26,2,320),(2935,6.5,26,2,308),(2936,6.5,26,2,328),(2937,8.0,33,2,320),(2938,7.5,33,2,308),(2939,7.0,33,2,328),(2940,6.5,26,2,307),(2941,8.0,26,2,315),(2942,4.0,26,2,330),(2943,6.4,26,2,505),(2944,8.0,33,2,307),(2945,8.0,33,2,315),(2946,7.5,33,2,330),(2947,7.5,33,2,505),(2948,6.6,26,2,313),(2949,6.5,26,2,311),(2950,6.0,26,2,319),(2951,6.0,26,2,504),(2952,7.5,33,2,313),(2953,7.0,33,2,311),(2954,7.0,33,2,319),(2955,7.0,33,2,504),(2956,6.4,26,2,324),(2957,6.5,26,2,506),(2958,7.0,33,2,324),(2959,7.5,33,2,506),(2960,6.6,26,2,507),(2961,6.4,26,2,375),(2962,4.0,26,2,298),(2963,6.0,26,2,508),(2964,6.5,26,2,299),(2965,7.5,33,2,507),(2966,7.5,33,2,375),(2967,7.5,33,2,298),(2968,7.5,33,2,508),(2969,7.0,33,2,299),(2970,6.4,26,2,303),(2971,4.0,26,2,334),(2972,4.0,26,2,341),(2973,7.0,26,2,302),(2974,7.0,33,2,303),(2975,7.5,33,2,334),(2976,7.5,33,2,341),(2977,7.5,33,2,302),(2978,6.0,26,2,331),(2979,7.0,26,2,325),(2980,6.5,26,2,318),(2981,6.7,26,2,306),(2982,4.0,26,2,300),(2983,7.5,33,2,331),(2984,7.5,33,2,325),(2985,7.5,33,2,318),(2986,7.0,33,2,306),(2987,7.0,33,2,300),(2988,6.5,26,2,344),(2989,4.0,26,2,347),(2990,6.6,26,2,350),(2991,6.2,26,2,509),(2992,7.5,33,2,344),(2993,7.5,33,2,347),(2994,8.0,33,2,350),(2995,7.0,33,2,509),(2996,6.0,26,2,352),(2997,6.4,26,2,336),(2998,4.0,26,2,317),(2999,6.5,26,2,361),(3000,4.0,26,2,343),(3001,7.0,33,2,352),(3002,8.0,33,2,336),(3003,6.5,33,2,317),(3004,8.0,33,2,361),(3005,6.5,33,2,343),(3006,6.7,26,2,359),(3007,6.4,26,2,345),(3008,6.5,26,2,360),(3009,7.5,26,2,356),(3010,6.4,26,2,358),(3011,8.0,33,2,359),(3012,7.5,33,2,345),(3013,8.0,33,2,360),(3014,8.0,33,2,356),(3015,8.0,33,2,358),(3016,4.0,26,2,348),(3017,6.7,26,2,340),(3018,4.0,26,2,354),(3019,7.0,33,2,354),(3020,7.5,33,2,340),(3021,6.5,33,2,348),(3022,6.6,26,2,363),(3023,4.0,26,2,335),(3024,6.7,26,2,353),(3025,6.5,26,2,355),(3026,6.6,26,2,346),(3027,7.5,33,2,363),(3028,6.5,33,2,335),(3029,7.5,33,2,353),(3030,6.5,33,2,355),(3031,6.5,33,2,346),(3032,6.7,26,2,337),(3033,6.4,26,2,338),(3034,6.5,26,2,339),(3035,4.0,26,2,349),(3036,6.5,26,2,342),(3037,7.5,33,2,316),(3038,6.7,26,2,316),(3039,8.0,26,2,382),(3040,8.0,26,2,370),(3041,6.5,26,2,384),(3042,6.5,26,2,374),(3043,4.0,26,2,379),(3044,8.4,33,2,382),(3045,8.4,33,2,370),(3046,6.5,33,2,384),(3047,7.5,33,2,374),(3048,6.5,33,2,379),(3049,6.7,26,2,381),(3050,6.4,26,2,383),(3051,6.5,26,2,368),(3052,7.0,26,2,380),(3053,6.5,26,2,510),(3054,8.4,33,2,381),(3055,8.4,33,2,383),(3056,7.5,33,2,368),(3057,8.4,33,2,380),(3058,6.5,33,2,510),(3059,6.6,26,2,364),(3060,7.0,26,2,372),(3061,8.0,26,2,373),(3062,4.0,26,2,377),(3063,7.5,26,2,385),(3064,8.4,33,2,385),(3065,6.5,33,2,377),(3066,8.4,33,2,373),(3067,7.5,33,2,372),(3068,6.5,33,2,364),(3069,8.0,26,2,378),(3070,4.0,26,2,371),(3071,7.0,26,2,376),(3072,7.0,26,2,369),(3073,7.5,26,2,512),(3074,8.4,33,2,378),(3075,6.5,33,2,371),(3076,6.5,33,2,376),(3077,7.5,33,2,369),(3078,7.0,33,2,512),(3079,7.5,33,2,367),(3080,7.5,33,2,365),(3081,7.5,33,2,511),(3082,7.5,26,2,367),(3083,7.0,26,2,365),(3084,7.5,26,2,511),(3085,6.6,26,2,304),(3086,4.0,26,2,403),(3087,7.5,26,2,401),(3088,4.0,26,2,392),(3089,6.5,26,2,390),(3090,8.0,33,2,390),(3091,7.0,33,2,392),(3092,8.0,33,2,401),(3093,7.0,33,2,403),(3094,7.5,33,2,304),(3095,6.6,26,2,387),(3096,6.4,26,2,389),(3097,4.0,26,2,395),(3098,6.3,26,2,513),(3099,8.0,33,2,513),(3100,7.5,33,2,395),(3101,8.0,33,2,389),(3102,8.0,33,2,387),(3103,6.4,26,2,514),(3104,6.5,26,2,400),(3105,6.7,26,2,398),(3106,4.0,26,2,402),(3107,4.0,26,2,393),(3108,8.0,33,2,393),(3109,8.0,33,2,402),(3110,8.0,33,2,398),(3111,7.0,33,2,514),(3112,7.0,33,2,400),(3113,4.0,26,2,386),(3114,4.0,26,2,397),(3115,4.0,26,2,396),(3116,6.5,26,2,388),(3117,7.0,33,2,386),(3118,7.5,33,2,397),(3119,7.5,33,2,396),(3120,8.0,33,2,388),(3121,8.0,33,2,391),(3122,7.0,33,2,399),(3123,6.5,26,2,391),(3124,4.0,26,2,399),(3125,7.0,26,2,420),(3126,7.2,26,2,410),(3127,5.0,26,2,421),(3128,7.5,26,2,423),(3129,8.0,33,2,423),(3130,8.0,33,2,421),(3131,6.5,33,2,410),(3132,8.0,33,2,420),(3133,4.0,26,2,516),(3134,7.4,26,2,413),(3135,7.0,26,2,426),(3136,4.0,26,2,515),(3137,7.0,33,2,515),(3138,8.0,33,2,426),(3139,6.5,33,2,413),(3140,6.5,33,2,516),(3141,7.2,26,2,427),(3142,5.0,26,2,406),(3143,4.0,26,2,417),(3144,4.0,26,2,411),(3145,7.4,26,2,425),(3146,8.0,33,2,427),(3147,8.0,33,2,406),(3148,7.0,33,2,417),(3149,7.0,33,2,411),(3150,6.5,33,2,425),(3151,6.5,26,2,404),(3152,4.0,26,2,419),(3153,4.0,26,2,414),(3154,4.0,26,2,422),(3155,4.0,26,2,412),(3156,7.0,33,2,404),(3157,6.5,33,2,419),(3158,6.5,33,2,414),(3159,7.0,33,2,422),(3160,7.0,33,2,412),(3161,5.0,26,2,517),(3162,6.4,26,2,418),(3163,6.7,26,2,416),(3164,4.0,26,2,405),(3165,4.0,26,2,518),(3166,6.5,33,2,517),(3167,8.0,33,2,418),(3168,7.0,33,2,416),(3169,6.5,33,2,405),(3170,6.5,33,2,518),(3171,6.5,33,2,424),(3172,6.5,33,2,407),(3173,6.5,33,2,409),(3174,6.5,33,2,519),(3175,6.3,26,2,424),(3176,4.0,26,2,407),(3177,4.0,26,2,409),(3178,6.4,26,2,519),(3179,4.0,26,2,431),(3180,6.7,26,2,444),(3181,7.5,26,2,520),(3182,4.0,26,2,430),(3183,6.2,26,2,451),(3184,7.0,33,2,451),(3185,6.0,33,2,430),(3186,7.0,33,2,520),(3187,7.0,33,2,444),(3188,6.0,33,2,431),(3189,6.5,26,2,439),(3190,6.6,26,2,447),(3191,6.4,26,2,442),(3192,4.0,26,2,446),(3193,6.5,26,2,454),(3194,7.0,33,2,439),(3195,7.0,33,2,447),(3196,6.0,33,2,442),(3197,6.0,33,2,446),(3198,7.0,33,2,454),(3199,6.3,26,2,429),(3200,5.0,26,2,521),(3201,6.5,26,2,438),(3202,6.0,26,2,432),(3203,6.0,26,2,434),(3204,7.0,33,2,429),(3205,6.0,33,2,521),(3206,7.0,33,2,438),(3207,7.0,33,2,432),(3208,6.0,33,2,434),(3209,6.7,26,2,443),(3210,4.0,26,2,435),(3211,6.5,26,2,449),(3212,6.0,26,2,450),(3213,6.2,26,2,433),(3214,6.0,33,2,443),(3215,6.0,33,2,435),(3216,7.0,33,2,449),(3217,7.0,33,2,450),(3218,7.0,33,2,433),(3219,6.0,26,2,441),(3220,6.7,26,2,440),(3221,6.5,26,2,452),(3222,6.0,26,2,436),(3223,6.7,26,2,453),(3224,6.0,33,2,453),(3225,6.0,33,2,436),(3226,7.0,33,2,452),(3227,7.0,33,2,440),(3228,7.0,33,2,441),(3229,4.0,26,2,455),(3230,4.0,26,2,445),(3231,4.0,26,2,428),(3232,6.0,26,2,437),(3233,6.0,26,2,448),(3234,6.0,33,2,455),(3235,6.0,33,2,445),(3236,6.0,33,2,428),(3237,6.0,33,2,437),(3238,6.0,33,2,448),(3239,7.0,26,2,463),(3240,6.5,26,2,462),(3241,4.0,26,2,459),(3242,7.0,26,2,456),(3243,4.0,26,2,466),(3244,7.5,33,2,463),(3245,7.0,33,2,462),(3246,6.0,33,2,459),(3247,7.5,33,2,456),(3248,6.0,33,2,466),(3249,7.5,33,2,458),(3250,7.5,33,2,465),(3251,7.0,33,2,457),(3252,7.0,33,2,460),(3253,6.8,26,2,458),(3254,7.0,26,2,465),(3255,6.3,26,2,457),(3256,6.4,26,2,460),(3257,4.0,26,2,522),(3258,7.0,26,2,464),(3259,6.0,33,2,522),(3260,7.5,33,2,464),(3261,7.5,26,2,467),(3262,8.0,26,2,470),(3263,6.8,26,2,474),(3264,4.0,26,2,476),(3265,6.5,26,2,472),(3266,7.5,33,2,467),(3267,8.0,33,2,470),(3268,7.5,33,2,474),(3269,6.5,33,2,476),(3270,7.5,33,2,472),(3271,6.7,26,2,469),(3272,7.0,26,2,475),(3273,6.7,26,2,473),(3274,7.5,33,2,473),(3275,8.0,33,2,475),(3276,7.5,33,2,469),(3277,8.0,27,2,382),(3278,8.0,27,2,370),(3279,7.0,27,2,384),(3280,7.0,27,2,374),(3281,6.0,27,2,379),(3282,7.0,27,2,510),(3283,8.5,27,2,380),(3284,6.0,27,2,368),(3285,8.5,27,2,381),(3286,8.0,27,2,383),(3287,6.0,27,2,385),(3288,5.0,27,2,377),(3289,8.5,27,2,373),(3290,8.5,27,2,372),(3291,6.0,27,2,364),(3292,7.0,27,2,369),(3293,6.5,27,2,376),(3294,7.5,27,2,378),(3295,6.0,27,2,371),(3296,7.5,27,2,511),(3297,8.0,27,2,365),(3298,8.0,27,2,367),(3299,6.0,27,2,512),(3300,6.5,27,2,304),(3301,6.5,27,2,403),(3302,7.0,27,2,401),(3303,7.0,27,2,392),(3304,6.5,27,2,390),(3305,8.0,27,2,513),(3306,7.0,27,2,395),(3307,6.0,27,2,389),(3308,6.0,27,2,387),(3309,6.0,27,2,514),(3310,6.0,27,2,400),(3311,6.5,27,2,393),(3312,8.0,27,2,402),(3313,7.0,27,2,398),(3314,6.0,27,2,388),(3315,7.5,27,2,396),(3316,6.0,27,2,397),(3317,7.0,27,2,386),(3318,6.0,27,2,399),(3319,6.0,27,2,391),(3320,8.0,27,2,423),(3321,6.0,27,2,421),(3322,8.6,27,2,410),(3323,8.0,27,2,420),(3324,6.0,27,2,516),(3325,8.5,27,2,413),(3326,8.0,27,2,426),(3327,6.0,27,2,515),(3328,8.5,27,2,427),(3329,8.0,27,2,406),(3330,8.0,27,2,417),(3331,7.5,27,2,411),(3332,7.5,27,2,425),(3333,5.0,27,2,404),(3334,5.0,27,2,419),(3335,6.5,27,2,414),(3336,7.5,27,2,422),(3337,7.0,27,2,412),(3338,6.5,27,2,518),(3339,8.0,27,2,405),(3340,8.0,27,2,416),(3341,7.0,27,2,418),(3342,7.0,27,2,517),(3343,7.5,27,2,519),(3344,7.0,27,2,409),(3345,7.0,27,2,407),(3346,6.0,27,2,424),(3347,6.0,27,2,451),(3348,7.0,27,2,430),(3349,8.0,27,2,520),(3350,6.0,27,2,444),(3351,6.0,27,2,431),(3352,7.0,27,2,439),(3353,7.0,27,2,447),(3354,7.0,27,2,442),(3355,7.0,27,2,446),(3356,7.0,27,2,454),(3357,7.0,27,2,434),(3358,6.0,27,2,432),(3359,6.0,27,2,438),(3360,6.0,27,2,521),(3361,6.0,27,2,429),(3362,7.0,27,2,433),(3363,6.0,27,2,450),(3364,7.1,27,2,449),(3365,7.0,27,2,435),(3366,7.0,27,2,443),(3367,6.0,27,2,453),(3368,6.0,27,2,436),(3369,8.0,27,2,452),(3370,7.1,27,2,440),(3371,7.0,27,2,441),(3372,7.0,27,2,455),(3373,6.0,27,2,445),(3374,6.0,27,2,428),(3375,6.0,27,2,437),(3376,7.0,27,2,448),(3377,6.0,27,2,466),(3378,8.0,27,2,456),(3379,6.0,27,2,459),(3380,6.0,27,2,462),(3381,7.2,27,2,463),(3382,6.1,27,2,460),(3383,7.0,27,2,457),(3384,6.0,27,2,465),(3385,8.0,27,2,458),(3386,6.0,27,2,464),(3387,6.0,27,2,522),(3388,6.3,27,2,472),(3389,6.1,27,2,476),(3390,5.0,27,2,474),(3391,8.0,27,2,470),(3392,7.0,27,2,467),(3393,7.0,27,2,473),(3394,5.0,27,2,475),(3395,5.0,27,2,469),(3396,7.0,27,2,468),(3397,8.3,20,2,382),(3398,7.1,20,2,370),(3399,4.0,20,2,384),(3400,5.3,20,2,374),(3401,5.7,20,2,379),(3402,7.8,20,2,510),(3403,5.5,20,2,380),(3404,8.2,20,2,368),(3405,6.3,20,2,383),(3406,10.0,20,2,381),(3407,4.8,20,2,385),(3408,4.3,20,2,377),(3409,10.0,20,2,373),(3410,7.3,20,2,372),(3411,2.5,20,2,364),(3412,6.1,20,2,369),(3413,6.0,20,2,376),(3414,3.5,20,2,371),(3415,4.0,20,2,378),(3416,4.5,20,2,512),(3417,6.0,20,2,511),(3418,7.5,20,2,365),(3419,6.0,20,2,367),(3420,6.3,20,2,390),(3421,2.0,20,2,392),(3422,6.8,20,2,401),(3423,2.7,20,2,403),(3424,5.4,20,2,304),(3425,4.5,20,2,513),(3426,6.5,20,2,395),(3427,6.0,20,2,389),(3428,6.5,20,2,387),(3429,3.0,20,2,514),(3430,4.4,20,2,400),(3431,2.0,20,2,398),(3432,3.5,20,2,402),(3433,4.8,20,2,393),(3434,2.0,20,2,386),(3435,2.0,20,2,397),(3436,2.0,20,2,396),(3437,3.4,20,2,388),(3438,2.0,20,2,399),(3439,3.5,20,2,391),(3440,5.3,20,2,423),(3441,6.8,20,2,421),(3442,6.1,20,2,410),(3443,6.6,20,2,420),(3444,4.7,20,2,516),(3445,6.0,20,2,413),(3446,6.5,20,2,426),(3447,4.0,20,2,515),(3448,6.2,20,2,425),(3449,5.6,20,2,411),(3450,6.8,20,2,417),(3451,3.0,20,2,406),(3452,8.3,20,2,427),(3453,6.0,20,2,404),(3454,6.0,20,2,419),(3455,6.0,20,2,414),(3456,7.1,20,2,422),(3457,6.0,20,2,412),(3458,6.3,20,2,518),(3459,3.0,20,2,405),(3460,6.4,20,2,416),(3461,6.8,20,2,418),(3462,3.0,20,2,517),(3463,5.5,20,2,519),(3464,4.0,20,2,409),(3465,4.5,20,2,407),(3466,4.0,20,2,424),(3467,4.6,20,2,431),(3468,3.8,20,2,444),(3469,7.8,20,2,520),(3470,3.0,20,2,430),(3471,3.6,20,2,451),(3472,7.0,20,2,454),(3473,5.0,20,2,446),(3474,4.0,20,2,442),(3475,5.4,20,2,447),(3476,7.2,20,2,439),(3477,5.8,20,2,434),(3478,5.2,20,2,432),(3479,2.0,20,2,438),(3480,2.0,20,2,521),(3481,7.9,20,2,429),(3482,6.0,20,2,433),(3483,2.8,20,2,450),(3484,4.4,20,2,449),(3485,3.4,20,2,435),(3486,8.0,20,2,443),(3487,8.2,20,2,441),(3488,2.6,20,2,440),(3489,4.0,20,2,452),(3490,3.8,20,2,436),(3491,4.8,20,2,453),(3492,4.2,20,2,455),(3493,3.8,20,2,445),(3494,4.4,20,2,428),(3495,3.8,20,2,437),(3496,4.8,20,2,448),(3497,8.0,20,2,463),(3498,9.0,20,2,462),(3499,9.0,20,2,459),(3500,7.3,20,2,456),(3501,8.6,20,2,466),(3502,3.6,20,2,460),(3503,4.0,20,2,457),(3504,8.0,20,2,465),(3505,9.3,20,2,458),(3506,8.0,20,2,522),(3507,8.8,20,2,464),(3508,9.0,20,2,467),(3509,9.0,20,2,470),(3510,7.0,20,2,474),(3511,5.5,20,2,476),(3512,6.2,20,2,472),(3513,7.0,20,2,473),(3514,8.0,20,2,475),(3515,6.2,20,2,469),(3516,8.0,20,2,468),(3517,7.1,44,2,467),(3518,8.8,44,2,470),(3519,8.6,44,2,474),(3520,5.1,44,2,476),(3521,6.3,44,2,472),(3522,6.3,44,2,468),(3523,8.0,44,2,469),(3524,5.0,44,2,475),(3525,9.0,44,2,473),(3526,8.2,44,2,466),(3527,4.2,44,2,456),(3528,8.0,44,2,459),(3529,8.2,44,2,462),(3530,8.0,44,2,463),(3531,7.2,44,2,460),(3532,6.5,44,2,457),(3533,7.0,44,2,465),(3534,8.2,44,2,458),(3535,8.0,44,2,464),(3536,8.0,44,2,522),(3537,3.5,43,2,379),(3538,5.0,43,2,374),(3539,6.3,43,2,384),(3540,7.3,43,2,370),(3541,8.6,43,2,382),(3542,9.0,43,2,381),(3543,4.5,43,2,383),(3544,6.5,43,2,368),(3545,8.9,43,2,380),(3546,6.5,43,2,510),(3547,5.0,43,2,385),(3548,4.2,43,2,377),(3549,9.6,43,2,373),(3550,8.7,43,2,372),(3551,6.5,43,2,364),(3552,3.2,43,2,512),(3553,7.0,43,2,369),(3554,7.1,43,2,376),(3555,7.0,43,2,371),(3556,5.1,43,2,378),(3557,3.5,43,2,511),(3558,8.3,43,2,365),(3559,9.1,43,2,367),(3560,3.7,43,2,304),(3561,6.4,43,2,403),(3562,7.3,43,2,401),(3563,3.5,43,2,392),(3564,7.1,43,2,390),(3565,6.1,43,2,513),(3566,6.2,43,2,395),(3567,7.5,43,2,389),(3568,6.3,43,2,387),(3569,5.0,43,2,514),(3570,4.5,43,2,400),(3571,6.3,43,2,398),(3572,4.5,43,2,402),(3573,6.0,43,2,393),(3574,7.0,43,2,386),(3575,6.4,43,2,397),(3576,6.0,43,2,396),(3577,3.5,43,2,388),(3578,3.3,43,2,399),(3579,6.0,43,2,391),(3580,8.0,43,2,423),(3581,5.3,43,2,421),(3582,6.7,43,2,410),(3583,5.1,43,2,420),(3584,6.7,43,2,516),(3585,5.0,43,2,413),(3586,6.4,43,2,426),(3587,5.0,43,2,515),(3588,6.5,43,2,425),(3589,3.6,43,2,411),(3590,6.7,43,2,417),(3591,7.0,43,2,406),(3592,6.6,43,2,427),(3593,5.1,43,2,404),(3594,7.0,43,2,419),(3595,6.7,43,2,414),(3596,6.4,43,2,422),(3597,4.7,43,2,412),(3598,3.9,43,2,517),(3599,7.8,43,2,418),(3600,6.0,43,2,416),(3601,7.2,43,2,405),(3602,6.4,43,2,518),(3603,3.5,43,2,424),(3604,6.4,43,2,407),(3605,3.9,43,2,409),(3606,4.5,43,2,519),(3607,7.4,43,2,451),(3608,7.0,43,2,430),(3609,8.2,43,2,520),(3610,7.8,43,2,444),(3611,7.7,43,2,431),(3612,7.6,43,2,439),(3613,7.2,43,2,447),(3614,7.1,43,2,442),(3615,7.8,43,2,446),(3616,7.9,43,2,454),(3617,8.2,43,2,434),(3618,7.6,43,2,432),(3619,6.5,43,2,438),(3620,6.0,43,2,521),(3621,8.1,43,2,429),(3622,7.5,43,2,443),(3623,8.1,43,2,435),(3624,6.2,43,2,449),(3625,7.4,43,2,450),(3626,6.3,43,2,433),(3627,7.0,43,2,441),(3628,7.7,43,2,440),(3629,8.5,43,2,452),(3630,8.1,43,2,436),(3631,6.3,43,2,453),(3632,6.0,43,2,455),(3633,6.5,43,2,445),(3634,7.4,43,2,428),(3635,5.3,43,2,437),(3636,7.6,43,2,448),(3637,6.2,43,2,466),(3638,6.5,43,2,456),(3639,6.0,43,2,459),(3640,6.0,43,2,462),(3641,6.9,43,2,463),(3642,3.0,43,2,460),(3643,5.1,43,2,457),(3644,6.0,43,2,465),(3645,6.9,43,2,458),(3646,3.5,43,2,464),(3647,4.9,43,2,522),(3648,7.5,43,2,467),(3649,7.0,43,2,470),(3650,3.0,43,2,474),(3651,6.3,43,2,476),(3652,7.5,43,2,472),(3653,7.5,43,2,473),(3654,3.8,43,2,475),(3655,6.3,43,2,469),(3656,5.0,43,2,468),(3657,6.0,20,2,344),(3658,6.0,20,2,347),(3659,7.0,20,2,350),(3660,6.0,20,2,509),(3661,5.0,27,2,509),(3662,6.5,27,2,347),(3663,7.0,27,2,350),(3664,7.0,27,2,344),(3665,6.5,43,2,509),(3666,7.5,43,2,350),(3667,5.0,43,2,347),(3668,7.0,43,2,344),(3669,7.5,20,2,352),(3670,5.0,20,2,336),(3671,7.5,20,2,317),(3672,7.5,20,2,361),(3673,8.5,20,2,343),(3674,7.0,27,2,343),(3675,8.0,27,2,361),(3676,8.0,27,2,317),(3677,4.5,27,2,336),(3678,8.0,27,2,352),(3679,7.0,43,2,343),(3680,6.5,43,2,361),(3681,6.5,43,2,317),(3682,5.0,43,2,336),(3683,8.0,43,2,352),(3684,8.0,20,2,358),(3685,6.5,20,2,356),(3686,5.0,20,2,360),(3687,7.0,20,2,345),(3688,6.0,20,2,359),(3689,5.0,27,2,359),(3690,6.5,27,2,345),(3691,7.0,27,2,360),(3692,7.5,27,2,356),(3693,8.5,27,2,358),(3694,9.0,43,2,358),(3695,7.0,43,2,356),(3696,5.0,43,2,360),(3697,6.5,43,2,345),(3698,6.5,43,2,359),(3699,6.5,20,2,354),(3700,6.5,20,2,340),(3701,6.5,20,2,348),(3702,5.0,27,2,348),(3703,6.5,27,2,340),(3704,5.0,27,2,354),(3705,5.0,43,2,354),(3706,7.0,43,2,340),(3707,6.5,43,2,348),(3708,6.0,20,2,346),(3709,8.5,20,2,355),(3710,7.0,20,2,353),(3711,8.0,20,2,335),(3712,6.5,20,2,363),(3713,6.5,27,2,346),(3714,8.0,27,2,355),(3715,6.5,27,2,353),(3716,6.5,27,2,335),(3717,6.5,27,2,363),(3718,6.5,43,2,346),(3719,7.0,43,2,355),(3720,5.0,43,2,353),(3721,7.0,43,2,335),(3722,5.0,43,2,363),(3723,6.0,20,2,342),(3724,4.0,20,2,349),(3725,4.0,20,2,339),(3726,6.5,20,2,338),(3727,7.0,20,2,337),(3728,7.0,27,2,337),(3729,6.5,27,2,338),(3730,6.0,27,2,339),(3731,4.5,27,2,349),(3732,6.5,27,2,342),(3733,7.5,43,2,337),(3734,7.0,43,2,338),(3735,5.0,43,2,339),(3736,4.5,43,2,349),(3737,6.5,43,2,342),(3738,8.5,43,2,316),(3739,7.5,20,2,316),(3740,8.0,27,2,316),(3741,5.0,20,2,305),(3742,5.0,20,2,312),(3743,6.5,20,2,310),(3744,8.5,20,2,314),(3745,8.5,27,2,314),(3746,6.5,27,2,310),(3747,6.5,27,2,312),(3748,4.5,27,2,305),(3749,7.0,43,2,314),(3750,7.0,43,2,310),(3751,6.5,43,2,312),(3752,6.0,43,2,305),(3753,7.5,20,2,328),(3754,6.5,20,2,308),(3755,6.0,20,2,320),(3756,6.0,27,2,320),(3757,7.0,27,2,308),(3758,7.5,27,2,328),(3759,6.5,43,2,328),(3760,7.0,43,2,308),(3761,6.0,43,2,320),(3762,7.5,20,2,505),(3763,8.0,20,2,330),(3764,7.0,20,2,315),(3765,6.5,20,2,307),(3766,8.5,27,2,505),(3767,8.0,27,2,330),(3768,8.0,27,2,315),(3769,7.0,27,2,307),(3770,8.5,43,2,505),(3771,8.0,43,2,330),(3772,8.5,43,2,315),(3773,7.0,43,2,307),(3774,7.0,43,2,504),(3775,7.0,43,2,319),(3776,8.5,43,2,311),(3777,7.0,43,2,313),(3778,6.5,27,2,504),(3779,6.5,27,2,319),(3780,8.0,27,2,311),(3781,6.5,27,2,313),(3782,6.5,20,2,504),(3783,6.5,20,2,319),(3784,8.0,20,2,311),(3785,6.5,20,2,313),(3786,6.5,20,2,506),(3787,6.5,20,2,324),(3788,7.0,27,2,506),(3789,6.5,27,2,324),(3790,6.5,43,2,324),(3791,7.0,43,2,506),(3792,8.0,43,2,299),(3793,5.0,43,2,508),(3794,6.5,43,2,298),(3795,7.0,43,2,375),(3796,5.0,43,2,507),(3797,5.0,20,2,507),(3798,8.0,20,2,375),(3799,6.5,20,2,298),(3800,5.0,20,2,508),(3801,7.5,20,2,299),(3802,7.5,27,2,299),(3803,6.5,27,2,508),(3804,7.0,27,2,298),(3805,7.0,27,2,375),(3806,6.0,27,2,507),(3807,7.5,20,2,334),(3808,6.5,20,2,341),(3809,6.5,20,2,302),(3810,6.5,27,2,302),(3811,6.0,27,2,341),(3812,7.0,27,2,334),(3813,7.5,43,2,334),(3814,6.5,43,2,341),(3815,7.0,43,2,302),(3816,5.0,20,2,300),(3817,6.5,20,2,306),(3818,7.0,20,2,318),(3819,6.5,20,2,325),(3820,5.0,20,2,331),(3821,6.0,27,2,300),(3822,6.5,27,2,306),(3823,7.0,27,2,318),(3824,6.5,27,2,325),(3825,5.0,27,2,331),(3826,6.5,43,2,300),(3827,7.0,43,2,306),(3828,7.5,43,2,318),(3829,7.0,43,2,325),(3830,6.0,43,2,331),(3831,3.5,20,2,184),(3832,8.6,20,2,182),(3833,8.2,20,2,191),(3834,7.8,20,2,199),(3835,5.5,20,2,197),(3836,5.0,20,2,183),(3837,8.6,20,2,179),(3838,7.5,20,2,198),(3839,6.0,20,2,217),(3840,9.0,20,2,213),(3841,7.0,20,2,177),(3842,8.2,20,2,188),(3843,8.2,20,2,194),(3844,7.5,20,2,186),(3845,3.0,20,2,219),(3846,7.8,20,2,196),(3847,7.0,20,2,192),(3848,6.0,20,2,180),(3849,8.0,20,2,218),(3850,9.0,20,2,185),(3851,4.5,20,2,189),(3852,4.5,20,2,195),(3853,4.0,20,2,187),(3854,7.0,20,2,243),(3855,6.8,20,2,228),(3856,4.0,20,2,231),(3857,6.5,20,2,221),(3858,9.5,20,1,238),(3859,6.0,20,1,229),(3860,4.0,20,1,224),(3861,7.0,20,2,232),(3862,5.0,20,2,222),(3863,7.0,20,2,241),(3864,6.0,20,2,235),(3865,7.8,20,2,236),(3866,8.0,20,2,227),(3867,9.0,20,2,239),(3868,4.0,20,2,230),(3869,6.0,20,2,225),(3870,3.5,20,2,220),(3871,9.0,20,2,240),(3872,8.0,20,2,242),(3873,8.0,20,2,233),(3874,6.0,20,2,237),(3875,6.5,20,2,252),(3876,7.0,20,2,250),(3877,8.0,33,2,250),(3878,7.5,33,2,252),(3879,7.8,33,2,246),(3880,7.0,33,2,249),(3881,7.0,33,2,254),(3882,7.0,20,2,246),(3883,3.5,20,2,249),(3884,5.0,20,2,254),(3885,9.5,20,2,245),(3886,5.0,20,2,255),(3887,4.0,20,2,270),(3888,8.0,20,2,262),(3889,8.2,33,2,262),(3890,6.5,33,2,270),(3891,7.0,33,2,255),(3892,8.2,33,2,245),(3893,5.0,20,2,251),(3894,7.8,20,2,261),(3895,7.5,33,2,251),(3896,8.0,33,2,261),(3897,7.8,20,2,257),(3898,6.5,20,2,260),(3899,7.8,33,2,257),(3900,7.5,33,2,260),(3901,7.8,20,2,264),(3902,9.2,20,2,256),(3903,7.0,20,2,258),(3904,8.5,33,2,264),(3905,9.0,33,2,256),(3906,7.0,33,2,258),(3907,8.0,20,2,259),(3908,8.5,20,2,253),(3909,8.8,33,2,253),(3910,9.0,33,2,259),(3911,8.2,33,2,248),(3912,8.5,31,2,296),(3913,8.0,31,2,291),(3914,8.0,31,2,287),(3915,7.8,31,2,295),(3916,8.0,31,2,280),(3917,3.8,20,2,296),(3918,7.6,20,2,291),(3919,8.2,20,2,287),(3920,6.0,20,2,295),(3921,5.5,20,2,280),(3922,6.5,33,2,296),(3923,7.2,33,2,291),(3924,7.0,33,2,287),(3925,8.0,33,2,295),(3926,7.2,33,2,280),(3927,9.0,48,2,296),(3928,9.0,48,2,291),(3929,6.0,48,2,287),(3930,7.0,48,2,295),(3931,8.5,48,2,280),(3932,8.0,31,2,293),(3933,8.5,31,2,290),(3934,7.5,31,2,279),(3935,7.0,31,2,286),(3936,5.5,20,2,293),(3937,7.8,20,2,290),(3938,8.2,20,2,279),(3939,5.0,20,2,286),(3940,7.2,33,2,293),(3941,8.5,33,2,290),(3942,6.0,33,2,279),(3943,7.0,33,2,286),(3944,6.0,48,2,286),(3945,8.0,48,2,279),(3946,7.5,48,2,290),(3947,7.0,48,2,293),(3948,7.0,31,2,281),(3949,7.5,31,2,294),(3950,7.5,31,2,289),(3951,7.5,31,2,285),(3952,8.0,31,2,282),(3953,7.5,20,2,282),(3954,6.8,20,2,285),(3955,4.0,20,2,289),(3956,7.8,20,2,294),(3957,8.0,33,2,282),(3958,7.5,33,2,285),(3959,6.5,33,2,289),(3960,8.2,33,2,294),(3961,6.4,48,2,281),(3962,9.0,48,2,294),(3963,8.5,48,2,289),(3964,8.0,48,2,285),(3965,7.5,48,2,282),(3966,4.0,20,2,281),(3967,6.0,33,2,281),(3968,8.0,31,2,292),(3969,8.0,31,2,288),(3970,8.0,31,2,283),(3971,4.0,20,2,283),(3972,7.8,20,2,288),(3973,6.8,20,2,292),(3974,7.0,33,2,283),(3975,7.8,33,2,288),(3976,8.2,33,2,292),(3977,8.0,48,2,283),(3978,6.0,48,2,288),(3979,9.0,48,2,292),(3980,9.0,27,2,221),(3981,7.0,27,2,231),(3982,6.8,27,2,228),(3983,6.9,27,2,243),(3984,8.0,43,2,221),(3985,7.0,43,2,231),(3986,7.0,43,2,228),(3987,7.0,43,2,243),(3988,7.0,31,2,221),(3989,8.9,31,2,231),(3990,9.6,31,2,228),(3991,8.0,31,2,243),(3992,5.0,27,2,224),(3993,7.0,27,2,229),(3994,6.6,27,2,238),(3995,6.7,43,2,238),(3996,7.6,43,2,229),(3997,5.0,43,2,224),(3998,8.0,31,2,238),(3999,8.0,31,2,229),(4000,8.7,31,2,224),(4001,7.0,27,2,236),(4002,6.6,27,2,235),(4003,6.6,27,2,241),(4004,5.0,27,2,222),(4005,7.0,27,2,232),(4006,6.9,43,2,236),(4007,5.0,43,2,235),(4008,7.0,43,2,241),(4009,5.0,43,2,222),(4010,6.7,43,2,232),(4011,8.0,31,2,236),(4012,8.0,31,2,235),(4013,8.0,31,2,241),(4014,7.9,31,2,222),(4015,9.8,31,2,232),(4016,7.4,27,2,227),(4017,8.0,27,2,239),(4018,7.0,27,2,230),(4019,8.0,27,2,225),(4020,6.1,27,2,220),(4021,6.6,43,2,220),(4022,7.8,43,2,225),(4023,7.1,43,2,230),(4024,7.7,43,2,239),(4025,7.6,43,2,227),(4026,9.0,31,2,220),(4027,8.7,31,2,225),(4028,9.0,31,2,230),(4029,8.0,31,2,239),(4030,8.0,31,2,227),(4031,6.9,27,2,237),(4032,8.0,27,2,233),(4033,7.8,27,2,242),(4034,8.0,27,2,240),(4035,5.0,43,2,237),(4036,7.4,43,2,233),(4037,6.7,43,2,242),(4038,7.8,43,2,240),(4039,7.0,31,2,240),(4040,8.0,31,2,242),(4041,7.8,31,2,233),(4042,7.0,31,2,237),(4043,5.0,27,2,184),(4044,7.9,27,2,182),(4045,7.6,27,2,191),(4046,6.5,43,2,184),(4047,7.3,43,2,182),(4048,8.0,43,2,191),(4049,8.0,31,2,191),(4050,7.7,31,2,182),(4051,7.0,31,2,184),(4052,8.9,48,2,191),(4053,8.0,48,2,182),(4054,5.0,48,2,184),(4055,7.9,27,2,197),(4056,6.6,27,2,199),(4057,8.0,43,2,197),(4058,5.0,43,2,199),(4059,7.0,31,2,199),(4060,7.8,31,2,197),(4061,6.7,48,2,199),(4062,8.0,48,2,197),(4063,6.6,27,2,179),(4064,6.9,27,2,183),(4065,5.0,43,2,179),(4066,5.0,43,2,183),(4067,7.9,31,2,179),(4068,7.7,31,2,183),(4069,8.0,48,2,179),(4070,6.6,48,2,183),(4071,7.8,27,2,177),(4072,7.0,27,2,188),(4073,5.0,27,2,217),(4074,5.0,43,2,217),(4075,7.5,43,2,188),(4076,7.0,43,2,177),(4077,7.7,31,2,217),(4078,8.0,31,2,188),(4079,9.0,31,2,177),(4080,8.0,48,2,217),(4081,7.0,48,2,188),(4082,8.0,48,2,177),(4083,7.0,27,2,196),(4084,5.0,27,2,219),(4085,7.0,27,2,186),(4086,6.8,27,2,194),(4087,6.6,43,2,194),(4088,7.5,43,2,186),(4089,5.0,43,2,219),(4090,7.5,43,2,196),(4091,10.0,31,2,194),(4092,8.7,31,2,186),(4093,7.0,31,2,219),(4094,8.5,31,2,196),(4095,7.0,48,2,194),(4096,8.0,48,2,186),(4097,8.0,48,2,219),(4098,8.8,48,2,196),(4099,7.8,27,2,203),(4100,7.5,43,2,203),(4101,8.6,31,2,203),(4102,8.0,48,2,203),(4103,6.9,27,2,192),(4104,6.6,27,2,180),(4105,8.0,27,2,218),(4106,8.2,43,2,218),(4107,7.0,43,2,180),(4108,6.0,43,2,192),(4109,7.0,31,2,192),(4110,7.0,31,2,180),(4111,8.5,31,2,218),(4112,6.6,48,2,192),(4113,4.0,48,2,180),(4114,8.9,48,2,218),(4115,8.0,27,2,213),(4116,8.7,43,2,213),(4117,8.0,31,2,213),(4118,9.0,48,2,213),(4119,7.8,27,2,195),(4120,7.8,27,2,189),(4121,7.6,27,2,185),(4122,5.0,43,2,195),(4123,6.7,43,2,189),(4124,8.0,43,2,185),(4125,8.8,31,2,195),(4126,8.6,31,2,189),(4127,8.8,31,2,185),(4128,8.7,48,2,195),(4129,9.0,48,2,189),(4130,8.0,48,2,185),(4131,5.0,27,2,187),(4132,5.0,43,2,187),(4133,8.0,31,2,187),(4134,7.0,48,2,187),(4135,5.0,43,2,278),(4136,7.6,43,2,250),(4137,7.0,43,2,252),(4138,8.0,31,2,278),(4139,8.0,31,2,250),(4140,8.0,31,2,252),(4141,7.0,43,2,254),(4142,7.0,43,2,246),(4143,8.0,31,2,246),(4144,8.4,31,2,254),(4145,7.1,43,2,262),(4146,5.0,43,2,270),(4147,7.0,43,2,255),(4148,7.0,43,2,245),(4149,8.7,31,2,245),(4150,7.8,31,2,255),(4151,7.8,31,2,270),(4152,8.0,31,2,262),(4153,9.6,43,2,261),(4154,5.0,43,2,251),(4155,9.0,31,2,261),(4156,8.0,31,2,251),(4157,8.0,43,2,260),(4158,7.6,43,2,257),(4159,7.0,31,2,257),(4160,8.9,31,2,260),(4161,6.7,43,2,258),(4162,5.0,43,2,263),(4163,9.5,43,2,256),(4164,7.6,43,2,248),(4165,8.0,43,2,264),(4166,9.0,31,2,264),(4167,7.7,31,2,248),(4168,9.8,31,2,256),(4169,7.0,31,2,263),(4170,7.7,31,2,258),(4171,8.0,43,2,253),(4172,7.8,43,2,259),(4173,8.0,31,2,259),(4174,8.9,31,2,253),(4175,6.6,43,2,296),(4176,7.0,43,2,291),(4177,7.5,43,2,287),(4178,5.0,43,2,295),(4179,7.6,43,2,280),(4180,7.8,43,2,293),(4181,9.0,43,2,290),(4182,8.0,43,2,279),(4183,7.0,43,2,286),(4184,5.0,43,2,281),(4185,8.0,43,2,294),(4186,5.0,43,2,289),(4187,7.0,43,2,285),(4188,7.8,43,2,282),(4189,7.6,43,2,283),(4190,8.0,43,2,288),(4191,7.8,43,2,292),(4192,8.3,32,2,305),(4193,8.0,32,2,312),(4194,8.1,32,2,310),(4195,8.0,32,2,314),(4196,7.0,30,2,305),(4197,7.1,30,2,312),(4198,7.3,30,2,310),(4199,7.5,30,2,314),(4200,6.3,32,2,320),(4201,8.5,32,2,308),(4202,9.0,32,2,328),(4203,6.8,30,2,320),(4204,7.2,30,2,308),(4205,7.0,30,2,328),(4206,8.0,32,2,307),(4207,8.0,32,2,315),(4208,8.1,32,2,330),(4209,8.4,32,2,505),(4210,7.0,30,2,307),(4211,7.1,30,2,315),(4212,6.8,30,2,330),(4213,7.1,30,2,505),(4214,8.5,32,2,313),(4215,8.0,32,2,311),(4216,8.3,32,2,319),(4217,7.8,32,2,504),(4218,7.3,30,2,313),(4219,7.0,30,2,311),(4220,7.2,30,2,319),(4221,7.0,30,2,504),(4222,8.3,32,2,324),(4223,7.8,32,2,506),(4224,7.0,30,2,324),(4225,7.0,30,2,506),(4226,7.3,32,2,507),(4227,8.3,32,2,375),(4228,8.1,32,2,298),(4229,7.1,32,2,508),(4230,8.0,32,2,299),(4231,6.8,30,2,507),(4232,7.2,30,2,375),(4233,7.0,30,2,298),(4234,6.9,30,2,508),(4235,7.0,30,2,299),(4236,8.3,32,2,334),(4237,8.1,32,2,341),(4238,8.0,32,2,302),(4239,7.3,30,2,302),(4240,7.2,30,2,341),(4241,6.4,30,2,334),(4242,7.5,32,2,331),(4243,8.0,32,2,325),(4244,7.8,32,2,318),(4245,8.3,32,2,306),(4246,8.0,32,2,300),(4247,6.7,30,2,331),(4248,7.0,30,2,325),(4249,7.1,30,2,318),(4250,7.0,30,2,306),(4251,6.5,30,2,300),(4252,8.1,32,2,344),(4253,8.4,32,2,347),(4254,7.7,32,2,350),(4255,8.0,32,2,509),(4256,7.4,30,2,344),(4257,7.5,30,2,347),(4258,7.0,30,2,350),(4259,7.0,30,2,509),(4260,8.5,32,2,352),(4261,8.3,32,2,336),(4262,8.6,32,2,317),(4263,8.3,32,2,361),(4264,7.6,32,2,343),(4265,8.0,30,2,352),(4266,6.8,30,2,336),(4267,7.1,30,2,317),(4268,7.5,30,2,361),(4269,6.5,30,2,343),(4270,7.8,32,2,359),(4271,7.8,32,2,345),(4272,8.0,32,2,360),(4273,8.0,32,2,356),(4274,8.1,32,2,358),(4275,6.8,30,2,359),(4276,6.8,30,2,345),(4277,6.8,30,2,360),(4278,7.3,30,2,356),(4279,8.0,30,2,358),(4280,6.5,32,2,348),(4281,8.3,32,2,340),(4282,7.4,32,2,354),(4283,6.4,30,2,348),(4284,7.0,30,2,340),(4285,6.8,30,2,354),(4286,7.3,32,2,363),(4287,8.5,32,2,335),(4288,8.3,32,2,353),(4289,7.8,32,2,355),(4290,7.5,32,2,346),(4291,6.6,30,2,363),(4292,7.1,30,2,335),(4293,7.8,30,2,353),(4294,6.9,30,2,355),(4295,6.7,30,2,346),(4296,8.0,32,2,337),(4297,7.0,32,2,338),(4298,7.8,32,2,339),(4299,8.0,32,2,349),(4300,8.0,32,2,342),(4301,7.6,30,2,337),(4302,6.8,30,2,338),(4303,6.5,30,2,339),(4304,7.0,30,2,349),(4305,6.7,30,2,342),(4306,8.1,32,2,316),(4307,6.5,30,2,316),(4308,8.0,32,2,382),(4309,8.1,32,2,370),(4310,7.7,32,2,384),(4311,7.8,32,2,374),(4312,8.3,32,2,379),(4313,5.3,30,2,382),(4314,7.5,30,2,370),(4315,6.5,30,2,384),(4316,6.8,30,2,374),(4317,7.4,30,2,379),(4318,8.0,32,2,381),(4319,8.0,32,2,383),(4320,8.3,32,2,368),(4321,8.5,32,2,380),(4322,7.6,32,2,510),(4323,7.3,30,2,381),(4324,7.6,30,2,383),(4325,6.6,30,2,368),(4326,8.0,30,2,380),(4327,7.0,30,2,510),(4328,7.8,32,2,364),(4329,8.0,32,2,372),(4330,8.2,32,2,373),(4331,8.5,32,2,377),(4332,8.0,32,2,385),(4333,6.8,30,2,364),(4334,7.5,30,2,372),(4335,8.0,30,2,373),(4336,7.6,30,2,377),(4337,6.6,30,2,385),(4338,8.1,32,2,378),(4339,7.0,32,2,371),(4340,7.3,32,2,376),(4341,8.5,32,2,369),(4342,7.4,32,2,512),(4343,7.5,30,2,378),(4344,6.5,30,2,371),(4345,7.0,30,2,376),(4346,7.8,30,2,369),(4347,7.0,30,2,512),(4348,7.0,30,2,367),(4349,6.8,30,2,365),(4350,6.7,30,2,511),(4351,8.0,32,2,511),(4352,7.0,32,2,365),(4353,7.8,32,2,367),(4354,8.5,32,2,304),(4355,7.5,32,2,403),(4356,8.0,32,2,401),(4357,8.3,32,2,392),(4358,8.1,32,2,390),(4359,7.6,30,2,304),(4360,6.8,30,2,403),(4361,8.0,30,2,401),(4362,7.0,30,2,392),(4363,7.0,30,2,390),(4364,7.2,30,2,387),(4365,7.0,30,2,389),(4366,7.5,30,2,395),(4367,7.1,30,2,513),(4368,8.2,32,2,387),(4369,8.0,32,2,389),(4370,8.5,32,2,395),(4371,8.4,32,2,513),(4372,7.1,32,2,393),(4373,8.5,32,2,402),(4374,8.0,32,2,398),(4375,8.5,32,2,400),(4376,7.6,32,2,514),(4377,6.8,30,2,393),(4378,8.0,30,2,402),(4379,6.8,30,2,398),(4380,7.4,30,2,400),(4381,7.0,30,2,514),(4382,7.6,30,2,388),(4383,7.0,30,2,396),(4384,7.1,30,2,397),(4385,6.7,30,2,386),(4386,8.0,32,2,388),(4387,8.0,32,2,396),(4388,8.0,32,2,397),(4389,6.5,32,2,386),(4390,8.0,32,2,391),(4391,8.2,32,2,399),(4392,6.5,30,2,399),(4393,6.8,30,2,391),(4394,8.0,32,2,420),(4395,8.1,32,2,410),(4396,8.2,32,2,421),(4397,8.0,32,2,423),(4398,7.4,30,2,420),(4399,7.8,30,2,410),(4400,7.5,30,2,421),(4401,7.7,30,2,423),(4402,7.0,30,2,515),(4403,7.1,30,2,426),(4404,7.5,30,2,413),(4405,7.4,30,2,516),(4406,7.8,32,2,515),(4407,8.0,32,2,426),(4408,8.1,32,2,413),(4409,8.2,32,2,516),(4410,8.8,32,2,427),(4411,8.1,32,2,406),(4412,8.0,32,2,417),(4413,8.0,32,2,411),(4414,8.2,32,2,425),(4415,8.0,30,2,427),(4416,7.8,30,2,406),(4417,7.6,30,2,417),(4418,7.5,30,2,411),(4419,7.4,30,2,425),(4420,6.4,30,2,412),(4421,7.5,30,2,422),(4422,7.0,30,2,414),(4423,6.5,30,2,419),(4424,7.0,30,2,404),(4425,6.5,32,2,412),(4426,8.0,32,2,422),(4427,7.5,32,2,414),(4428,6.5,32,2,419),(4429,7.0,32,2,404),(4430,8.4,32,2,517),(4431,8.5,32,2,418),(4432,8.8,32,2,416),(4433,8.0,32,2,405),(4434,8.5,32,2,518),(4435,7.2,30,2,517),(4436,7.0,30,2,418),(4437,8.0,30,2,416),(4438,7.0,30,2,405),(4439,7.6,30,2,518),(4440,8.3,32,2,424),(4441,8.1,32,2,407),(4442,8.0,32,2,409),(4443,8.3,32,2,519),(4444,7.1,30,2,424),(4445,7.0,30,2,407),(4446,7.0,30,2,409),(4447,7.0,30,2,519),(4448,8.0,32,2,451),(4449,7.9,32,2,430),(4450,8.5,32,2,520),(4451,8.4,32,2,444),(4452,8.3,32,2,431),(4453,7.1,30,2,451),(4454,7.0,30,2,430),(4455,8.0,30,2,520),(4456,7.3,30,2,444),(4457,7.4,30,2,431),(4458,8.2,32,2,439),(4459,8.0,32,2,447),(4460,8.3,32,2,442),(4461,8.0,32,2,446),(4462,8.3,32,2,454),(4463,7.2,30,2,439),(4464,7.8,30,2,447),(4465,7.4,30,2,442),(4466,7.3,30,2,446),(4467,7.8,30,2,454),(4468,8.4,32,2,429),(4469,7.8,32,2,521),(4470,8.0,32,2,438),(4471,8.8,32,2,432),(4472,8.2,32,2,434),(4473,7.0,30,2,429),(4474,7.0,30,2,521),(4475,7.1,30,2,438),(4476,7.3,30,2,432),(4477,7.1,30,2,434),(4478,8.0,32,2,443),(4479,8.0,32,2,435),(4480,8.1,32,2,449),(4481,8.0,32,2,450),(4482,8.4,32,2,433),(4483,6.5,30,2,443),(4484,7.4,30,2,435),(4485,7.5,30,2,449),(4486,7.6,30,2,450),(4487,7.3,30,2,433),(4488,8.5,32,2,441),(4489,7.8,32,2,440),(4490,8.1,32,2,452),(4491,8.0,32,2,436),(4492,8.0,32,2,453),(4493,7.0,30,2,441),(4494,7.0,30,2,440),(4495,8.0,30,2,452),(4496,7.3,30,2,436),(4497,8.5,30,2,453),(4498,8.5,32,2,455),(4499,8.0,32,2,445),(4500,8.0,32,2,428),(4501,8.2,32,2,437),(4502,8.2,32,2,448),(4503,7.7,30,2,448),(4504,7.1,30,2,437),(4505,7.2,30,2,428),(4506,7.3,30,2,445),(4507,7.8,30,2,455),(4508,9.0,32,2,463),(4509,8.5,32,2,462),(4510,8.5,32,2,459),(4511,8.6,32,2,456),(4512,8.7,32,2,466),(4513,8.5,30,2,463),(4514,8.1,30,2,462),(4515,8.0,30,2,459),(4516,8.2,30,2,456),(4517,8.0,30,2,466),(4518,7.5,25,2,463),(4519,7.6,25,2,462),(4520,7.3,25,2,459),(4521,7.5,25,2,456),(4522,7.5,25,2,466),(4523,9.1,32,2,458),(4524,9.5,32,2,465),(4525,8.8,32,2,457),(4526,8.5,32,2,460),(4527,8.5,30,2,458),(4528,8.4,30,2,465),(4529,8.0,30,2,457),(4530,8.0,30,2,460),(4531,7.5,25,2,458),(4532,7.5,25,2,465),(4533,7.0,25,2,457),(4534,7.0,25,2,460),(4535,8.7,32,2,522),(4536,9.0,32,2,464),(4537,8.1,30,2,522),(4538,8.0,30,2,464),(4539,7.4,25,2,522),(4540,7.5,25,2,464),(4541,8.5,32,2,472),(4542,9.3,32,2,476),(4543,9.5,32,2,474),(4544,8.8,32,2,470),(4545,9.3,32,2,467),(4546,8.0,30,2,467),(4547,8.5,30,2,470),(4548,8.5,30,2,474),(4549,8.0,30,2,476),(4550,7.9,30,2,472),(4551,7.0,25,2,472),(4552,7.5,25,2,476),(4553,7.8,25,2,474),(4554,7.7,25,2,470),(4555,7.6,25,2,467),(4556,9.1,32,2,468),(4557,8.8,32,2,469),(4558,9.2,32,2,475),(4559,8.9,32,2,473),(4560,8.5,30,2,468),(4561,8.0,30,2,469),(4562,8.2,30,2,475),(4563,8.0,30,2,473),(4564,7.9,25,2,468),(4565,7.2,25,2,469),(4566,7.6,25,2,475),(4567,7.2,25,2,473),(4568,6.0,26,2,184),(4569,8.5,26,2,182),(4570,9.0,26,2,191),(4571,8.5,32,2,184),(4572,8.0,32,2,191),(4573,7.5,33,2,184),(4574,8.5,33,2,182),(4575,8.5,33,2,191),(4576,8.5,26,2,197),(4577,8.0,26,2,199),(4578,8.5,32,2,197),(4579,8.0,32,2,199),(4580,9.0,33,2,197),(4581,8.0,33,2,199),(4582,4.7,26,2,179),(4583,6.0,26,2,183),(4584,9.0,32,2,179),(4585,8.0,32,2,183),(4586,8.5,33,2,179),(4587,7.5,33,2,183),(4588,8.8,26,2,177),(4589,8.5,26,2,188),(4590,8.8,26,2,213),(4591,7.5,26,2,217),(4592,9.0,32,2,177),(4593,9.0,32,2,188),(4594,9.0,32,2,213),(4595,8.0,32,2,217),(4596,9.0,33,2,177),(4597,8.5,33,2,188),(4598,9.0,33,2,213),(4599,7.5,33,2,217),(4600,8.5,26,2,196),(4601,7.0,26,2,219),(4602,8.5,26,2,186),(4603,8.0,26,2,194),(4604,8.5,26,2,203),(4605,9.0,32,2,196),(4606,8.0,32,2,219),(4607,9.0,32,2,186),(4608,8.0,32,2,194),(4609,8.0,32,2,203),(4610,9.0,33,2,196),(4611,8.0,33,2,219),(4612,8.5,33,2,186),(4613,8.0,33,2,194),(4614,8.5,33,2,203),(4615,8.0,26,2,192),(4616,6.0,26,2,180),(4617,8.0,26,2,218),(4618,8.0,32,2,192),(4619,8.0,32,2,180),(4620,8.5,32,2,218),(4621,8.0,33,1,192),(4622,9.0,33,1,180),(4623,8.0,33,1,218),(4624,6.0,26,2,195),(4625,5.0,26,2,189),(4626,8.5,26,2,185),(4627,9.0,32,2,185),(4628,8.0,32,2,189),(4629,8.0,32,2,195),(4630,8.6,33,2,185),(4631,7.0,33,2,189),(4632,8.0,33,2,195),(4633,5.0,26,2,187),(4634,7.5,32,2,187),(4635,7.0,33,2,187),(4637,9.0,33,2,221),(4638,8.5,33,2,231),(4639,9.0,33,2,228),(4640,6.5,33,2,243),(4641,9.0,32,2,221),(4642,9.0,32,2,231),(4643,9.0,32,2,228),(4644,9.0,32,2,243),(4645,6.5,33,2,224),(4646,6.0,33,2,229),(4647,8.5,33,2,238),(4648,8.5,32,2,224),(4649,7.5,32,2,229),(4650,9.0,32,2,238),(4651,9.0,33,2,236),(4652,8.5,33,2,235),(4653,9.0,33,2,241),(4654,7.0,33,2,222),(4655,8.0,33,2,232),(4656,9.0,32,2,232),(4657,9.0,32,2,222),(4658,9.0,32,2,241),(4659,8.0,32,2,235),(4660,9.0,32,2,236),(4661,9.0,33,2,227),(4662,9.0,33,2,239),(4663,8.5,33,2,230),(4664,8.5,33,2,225),(4665,6.5,33,2,220),(4666,9.5,32,2,227),(4667,9.0,32,2,239),(4668,8.0,32,2,230),(4669,8.0,32,2,225),(4670,7.5,32,2,220),(4671,8.0,32,2,237),(4672,8.5,32,2,233),(4673,8.5,32,2,242),(4674,9.0,32,2,240),(4675,9.0,33,2,237),(4676,9.0,33,2,233),(4677,8.5,33,2,242),(4678,9.0,33,2,240),(4679,8.5,33,1,231),(4680,8.0,32,2,278),(4681,9.0,32,2,250),(4682,9.0,32,2,252),(4683,5.0,27,2,252),(4684,5.0,27,2,250),(4685,6.0,27,2,278),(4686,6.0,26,2,278),(4687,6.5,26,2,250),(4688,6.0,26,2,252),(4689,9.5,48,2,278),(4690,8.0,48,2,250),(4691,7.5,48,2,252),(4692,9.0,48,2,246),(4693,7.5,48,2,254),(4694,9.0,32,2,246),(4695,8.0,32,2,254),(4696,7.2,27,2,246),(4697,5.0,27,2,254),(4698,5.0,26,2,254),(4699,8.6,26,2,246),(4700,9.0,32,2,262),(4701,8.0,32,2,270),(4702,8.5,32,2,255),(4703,8.0,32,2,245),(4704,6.0,27,2,245),(4705,5.0,27,2,255),(4706,5.0,27,2,270),(4707,6.5,27,2,262),(4708,7.0,26,2,262),(4709,5.0,26,2,270),(4710,5.0,26,2,255),(4711,5.0,26,2,245),(4712,8.0,48,2,262),(4713,8.0,48,2,270),(4714,9.5,48,2,255),(4715,9.0,48,2,245),(4716,9.0,32,2,261),(4717,9.0,32,2,251),(4718,8.0,27,2,261),(4719,5.0,27,2,251),(4720,8.6,26,2,261),(4721,7.3,26,2,251),(4722,8.5,48,2,261),(4723,8.0,48,2,251),(4724,8.5,32,2,260),(4725,9.0,32,2,257),(4726,6.0,27,2,260),(4727,6.0,27,2,257),(4728,5.0,26,2,260),(4729,7.1,26,2,257),(4730,8.0,48,2,257),(4731,8.0,48,2,260),(4732,9.0,32,2,258),(4733,8.0,32,2,263),(4734,9.0,32,2,256),(4735,8.0,32,2,248),(4736,9.0,32,2,264),(4737,5.0,27,2,258),(4738,5.0,27,2,263),(4739,9.0,27,2,256),(4740,6.5,27,2,248),(4741,8.0,27,2,264),(4742,5.0,26,2,258),(4743,4.0,26,2,263),(4744,9.1,26,2,256),(4745,7.5,26,2,248),(4746,8.6,26,2,264),(4747,7.5,48,2,258),(4748,8.0,48,2,263),(4749,9.5,48,2,256),(4750,8.0,48,2,248),(4751,9.0,48,2,264),(4752,8.0,32,2,249),(4753,5.0,27,2,249),(4754,4.0,26,2,249),(4755,7.5,48,2,249),(4756,9.0,32,2,259),(4757,9.0,32,2,253),(4758,7.5,27,2,259),(4759,8.1,27,2,253),(4760,7.0,26,2,259),(4761,8.6,26,2,253),(4762,9.0,48,2,259),(4763,9.0,48,2,253),(4764,5.0,26,2,280),(4765,5.0,26,2,295),(4766,5.4,26,2,287),(4767,8.5,26,2,291),(4768,5.2,26,2,296),(4769,5.1,27,2,296),(4770,7.5,27,2,291),(4771,6.5,27,2,287),(4772,5.0,27,2,295),(4773,5.0,27,2,280),(4774,9.0,32,2,296),(4775,8.5,32,2,291),(4776,8.5,32,2,287),(4777,8.0,32,2,295),(4778,8.5,32,2,280),(4779,5.2,26,2,293),(4780,7.5,26,2,290),(4781,6.0,26,2,279),(4782,5.0,26,2,286),(4783,6.0,27,2,293),(4784,8.5,27,2,290),(4785,5.2,27,2,279),(4786,5.0,27,2,286),(4787,8.0,32,2,293),(4788,8.5,32,2,290),(4789,8.5,32,2,279),(4790,8.5,32,2,286),(4791,4.0,26,2,281),(4792,5.0,26,2,294),(4793,4.0,26,2,289),(4794,8.0,26,2,285),(4795,5.0,26,2,282),(4796,5.0,27,2,281),(4797,5.0,27,2,294),(4798,5.0,27,2,289),(4799,6.2,27,2,285),(4800,5.0,27,2,282),(4801,7.5,32,2,281),(4802,8.0,32,2,294),(4803,7.5,32,2,289),(4804,9.0,32,2,285),(4805,9.0,32,2,282),(4806,8.0,32,2,292),(4807,9.0,32,2,288),(4808,7.5,32,2,283),(4809,7.0,26,2,292),(4810,6.0,26,2,288),(4811,6.2,26,2,283),(4812,7.3,27,2,292),(4813,6.7,27,2,288),(4814,5.2,27,2,283),(4815,8.5,43,2,111),(4816,6.0,43,2,110),(4817,6.0,43,2,118),(4818,6.0,43,2,99),(4819,7.0,43,2,100),(4820,8.0,47,2,111),(4821,6.0,47,2,110),(4822,6.0,47,2,118),(4823,6.0,47,2,99),(4824,6.5,47,2,100),(4825,8.0,46,2,111),(4826,6.0,46,2,110),(4827,6.0,46,2,118),(4828,6.0,46,2,99),(4829,7.0,46,2,100),(4830,8.5,28,2,111),(4831,6.5,28,2,110),(4832,6.0,28,2,118),(4833,6.0,28,2,99),(4834,7.0,28,2,100),(4835,7.0,31,2,111),(4836,8.0,31,2,110),(4837,7.5,31,2,118),(4838,7.5,31,2,99),(4839,8.0,31,2,100),(4840,8.0,30,2,111),(4841,7.0,30,2,110),(4842,6.5,30,2,118),(4843,6.5,30,2,99),(4844,6.5,30,2,100),(4845,7.5,32,2,111),(4846,8.0,32,2,110),(4847,8.0,32,2,118),(4848,7.5,32,2,99),(4849,7.5,32,2,100),(4850,8.5,29,2,111),(4851,6.5,29,2,110),(4852,6.0,29,2,118),(4853,6.0,29,2,99),(4854,6.5,29,2,100),(4855,9.0,27,2,111),(4856,6.5,27,2,110),(4857,7.0,27,2,118),(4858,6.0,27,2,99),(4859,6.5,27,2,100),(4860,8.0,26,2,111),(4861,6.5,26,2,110),(4862,6.0,26,2,118),(4863,6.0,26,2,99),(4864,6.0,26,2,100),(4865,8.5,20,2,111),(4866,6.5,20,2,110),(4867,6.5,20,2,118),(4868,6.0,20,2,99),(4869,6.5,20,2,100),(4870,8.0,33,2,111),(4871,6.0,33,2,110),(4872,6.0,33,2,118),(4873,6.0,33,2,99),(4874,6.0,33,2,100),(4875,7.0,48,2,111),(4876,8.0,48,2,110),(4877,8.0,48,2,118),(4878,7.5,48,2,99),(4879,7.0,48,2,100),(4880,6.0,43,2,119),(4881,4.0,43,2,104),(4882,7.0,43,2,107),(4883,7.0,43,2,112),(4884,7.0,47,2,112),(4885,7.0,47,2,107),(4886,3.0,47,2,104),(4887,6.0,47,2,119),(4888,7.0,46,2,112),(4889,7.0,46,2,107),(4890,3.0,46,2,104),(4891,6.0,46,2,119),(4892,6.5,28,2,112),(4893,7.0,28,2,107),(4894,4.0,28,2,104),(4895,6.0,28,2,119),(4896,7.5,31,2,112),(4897,8.0,31,2,107),(4898,6.0,31,2,104),(4899,7.0,31,2,119),(4900,6.5,30,2,112),(4901,7.5,30,2,107),(4902,3.0,30,2,104),(4903,6.0,30,2,119),(4904,8.0,32,2,112),(4905,7.5,32,2,107),(4906,7.0,32,2,104),(4907,8.0,32,2,119),(4908,7.0,29,2,112),(4909,7.0,29,2,107),(4910,4.0,29,2,104),(4911,6.0,29,2,119),(4912,7.0,27,2,112),(4913,7.5,27,2,107),(4914,4.0,27,2,104),(4915,5.0,27,2,119),(4916,7.0,26,2,112),(4917,7.0,26,2,107),(4918,4.0,26,2,104),(4919,5.0,26,2,119),(4920,7.5,20,2,112),(4921,7.0,20,2,107),(4922,5.0,20,2,104),(4923,6.5,20,2,119),(4924,7.0,33,2,112),(4925,7.0,33,2,107),(4926,4.0,33,2,104),(4927,6.0,33,2,119),(4928,6.0,48,2,119),(4929,6.0,48,2,104),(4930,7.0,48,2,107),(4931,7.0,48,2,112),(4932,6.0,43,2,105),(4933,8.0,43,2,106),(4934,6.0,43,2,117),(4935,6.0,47,2,117),(4936,7.5,47,2,106),(4937,6.0,47,2,105),(4938,6.0,46,2,105),(4939,7.5,46,2,106),(4940,6.0,46,2,117),(4941,6.5,28,2,117),(4942,8.0,28,2,106),(4943,6.0,28,2,105),(4944,8.0,31,2,117),(4945,8.5,31,2,106),(4946,7.0,31,2,105),(4947,6.0,30,2,105),(4948,7.5,30,2,106),(4949,6.5,30,2,117),(4950,7.0,32,2,117),(4951,8.0,32,2,106),(4952,7.0,32,2,105),(4953,6.0,29,2,117),(4954,8.5,29,2,106),(4955,6.0,29,2,105),(4956,6.0,27,2,117),(4957,3.0,27,2,106),(4958,6.0,27,2,105),(4959,6.0,26,2,117),(4960,8.0,26,2,106),(4961,6.0,26,2,105),(4962,6.5,20,2,117),(4963,8.0,20,2,106),(4964,6.0,20,2,105),(4965,6.0,33,2,117),(4966,7.0,33,2,106),(4967,6.5,33,2,105),(4968,7.5,48,2,117),(4969,8.5,48,2,106),(4970,7.0,48,2,105),(4971,3.0,43,2,103),(4972,5.0,43,2,109),(4973,6.0,43,2,114),(4974,3.0,47,2,103),(4975,5.0,47,2,109),(4976,6.0,47,2,114),(4977,3.0,46,2,103),(4978,4.0,46,2,109),(4979,6.0,46,2,114),(4980,6.0,28,2,114),(4981,6.0,28,2,109),(4982,3.0,28,2,103),(4983,7.5,31,2,114),(4984,6.0,31,2,103),(4985,6.0,30,2,114),(4986,5.0,30,2,109),(4987,3.0,30,2,103),(4988,7.0,32,2,114),(4989,7.0,32,2,109),(4990,7.0,32,2,103),(4991,3.0,29,2,103),(4992,6.0,29,2,109),(4993,6.0,29,2,114),(4994,6.0,27,2,114),(4995,5.0,27,2,109),(4996,2.0,27,2,103),(4997,2.0,26,2,103),(4998,5.0,26,2,109),(4999,6.0,26,2,114),(5000,5.0,20,2,103),(5001,6.0,20,2,109),(5002,6.0,20,2,114),(5003,3.0,33,2,103),(5004,6.0,33,2,109),(5005,6.0,33,2,114),(5006,6.5,48,2,114),(5007,6.0,48,2,109),(5008,6.0,48,2,103),(5009,6.0,43,2,121),(5010,6.0,43,2,116),(5011,8.0,43,2,122),(5012,7.0,43,2,108),(5013,6.5,43,2,120),(5014,6.0,47,2,121),(5015,6.0,47,2,116),(5016,8.0,47,2,122),(5017,7.0,47,2,108),(5018,6.0,47,2,120),(5019,6.0,46,2,120),(5020,7.0,46,2,108),(5021,8.5,46,2,122),(5022,6.0,46,2,116),(5023,6.0,46,2,121),(5024,6.0,28,2,121),(5025,6.0,28,2,116),(5026,8.0,28,2,122),(5027,7.0,28,2,108),(5028,6.0,28,2,120),(5029,6.5,31,2,121),(5030,8.0,31,2,116),(5031,9.5,31,2,122),(5032,7.5,31,2,108),(5033,7.0,31,2,120),(5034,6.5,30,2,120),(5035,7.0,30,2,108),(5036,8.0,30,2,122),(5037,6.0,30,2,116),(5038,6.0,30,2,121),(5039,7.5,32,2,121),(5040,6.5,32,2,116),(5041,8.5,32,2,122),(5042,8.0,32,2,108),(5043,7.0,32,2,120),(5044,6.0,29,2,121),(5045,6.0,29,2,116),(5046,8.0,29,2,122),(5047,7.0,29,2,108),(5048,6.5,29,2,120),(5049,5.0,27,2,121),(5050,5.0,27,2,116),(5051,8.0,27,2,122),(5052,7.0,27,2,108),(5053,6.5,27,2,120),(5054,5.0,26,2,121),(5055,5.0,26,2,116),(5056,7.0,26,2,122),(5057,7.0,26,2,108),(5058,6.0,26,2,120),(5059,5.0,20,2,121),(5060,6.0,20,2,116),(5061,8.5,20,2,122),(5062,7.5,20,2,108),(5063,6.5,20,2,120),(5064,6.0,33,2,121),(5065,6.0,33,2,116),(5066,8.0,33,2,122),(5067,7.0,33,2,108),(5068,6.5,33,2,120),(5069,6.0,48,2,121),(5070,6.0,48,2,116),(5071,10.0,48,2,122),(5072,7.0,48,2,108),(5073,7.0,48,2,120),(5074,7.0,31,2,305),(5075,6.0,31,2,312),(5076,7.0,31,2,310),(5077,8.0,31,2,314),(5078,7.0,39,2,305),(5079,6.0,39,2,312),(5080,6.0,39,2,310),(5081,7.2,39,2,314),(5082,7.0,28,2,305),(5083,7.0,28,2,312),(5084,7.0,28,2,310),(5085,7.0,28,2,314),(5086,4.0,31,2,320),(5087,7.0,31,2,308),(5088,4.0,31,2,328),(5089,6.0,39,2,320),(5090,7.2,39,2,308),(5091,8.0,39,2,328),(5092,6.2,28,2,328),(5093,6.5,28,2,308),(5094,6.5,28,2,320),(5095,7.0,31,2,307),(5096,7.0,31,2,315),(5097,7.0,31,2,330),(5098,8.0,31,2,505),(5099,6.0,39,2,307),(5100,6.1,39,2,315),(5101,7.0,39,2,330),(5102,8.0,39,2,505),(5103,6.0,28,2,307),(5104,6.5,28,2,315),(5105,6.0,28,2,330),(5106,7.0,28,2,505),(5107,7.0,31,2,313),(5108,7.0,31,2,311),(5109,7.0,31,2,319),(5110,7.0,31,2,504),(5111,8.0,39,2,313),(5112,7.0,39,2,311),(5113,6.5,39,2,319),(5114,6.0,39,2,504),(5115,7.0,28,2,311),(5116,6.5,28,2,319),(5117,6.0,28,2,504),(5118,4.0,31,2,324),(5119,9.0,31,2,506),(5120,7.0,39,2,324),(5121,7.0,39,2,506),(5122,6.1,28,2,324),(5123,8.0,28,2,506),(5124,7.0,31,2,507),(5125,4.0,31,2,375),(5126,4.0,31,2,298),(5127,4.0,31,2,508),(5128,6.0,31,2,299),(5129,6.5,39,2,507),(5130,6.0,39,2,375),(5131,6.5,39,2,298),(5132,6.8,39,2,508),(5133,6.0,39,2,299),(5134,6.6,28,2,507),(5135,6.0,28,2,375),(5136,6.0,28,2,298),(5137,6.1,28,2,508),(5138,6.0,28,2,299),(5139,7.0,31,2,334),(5140,8.0,31,2,341),(5141,7.0,31,2,302),(5142,6.3,39,2,334),(5143,6.5,39,2,341),(5144,7.0,39,2,302),(5145,6.5,28,2,334),(5146,7.0,28,2,341),(5147,6.1,28,2,302),(5148,4.0,31,2,331),(5149,8.0,31,2,325),(5150,8.0,31,2,318),(5151,8.0,31,2,306),(5152,7.0,31,2,300),(5153,8.0,39,2,331),(5154,7.0,39,2,325),(5155,7.0,39,2,318),(5156,7.0,39,2,306),(5157,6.0,39,2,300),(5158,6.0,28,2,300),(5159,7.0,28,2,306),(5160,7.0,28,2,318),(5161,6.4,28,2,325),(5162,7.0,28,2,331),(5163,5.0,31,2,344),(5164,4.0,31,2,347),(5165,8.0,31,2,350),(5166,4.0,31,2,509),(5167,7.0,39,2,344),(5168,6.0,39,2,347),(5169,7.0,39,2,350),(5170,7.0,39,2,509),(5171,6.0,28,2,509),(5172,7.0,28,2,350),(5173,6.5,28,2,347),(5174,7.0,28,2,344),(5175,7.0,31,2,352),(5176,4.0,31,2,336),(5177,6.0,31,2,317),(5178,6.0,31,2,361),(5179,6.0,31,2,343),(5180,6.0,39,2,343),(5181,6.5,39,2,361),(5182,8.0,39,2,317),(5183,6.2,39,2,336),(5184,7.0,39,2,352),(5185,6.0,28,2,343),(5186,6.5,28,2,361),(5187,7.0,28,2,317),(5188,6.0,28,2,336),(5189,7.1,28,2,352),(5190,4.0,31,2,359),(5191,4.0,31,2,345),(5192,4.0,31,2,360),(5193,4.0,31,2,356),(5194,9.0,31,2,358),(5195,6.0,39,2,359),(5196,6.3,39,2,345),(5197,7.0,39,2,360),(5198,6.5,39,2,356),(5199,7.0,39,2,358),(5200,7.0,28,2,358),(5201,6.5,28,2,356),(5202,6.0,28,2,360),(5203,6.6,28,2,345),(5204,6.0,28,2,359),(5205,3.0,31,2,348),(5206,4.0,31,2,340),(5207,9.0,31,2,354),(5208,7.0,39,2,354),(5209,6.5,39,2,340),(5210,6.5,39,2,348),(5211,6.5,28,2,348),(5212,6.0,28,2,340),(5213,6.5,28,2,354),(5214,4.0,31,2,363),(5215,6.0,31,2,335),(5216,7.0,31,2,353),(5217,6.5,31,2,355),(5218,5.0,31,2,346),(5219,6.4,39,2,363),(5220,6.5,39,2,335),(5221,8.0,39,2,353),(5222,7.0,39,2,355),(5223,6.0,39,2,346),(5224,6.5,28,2,363),(5225,6.0,28,2,335),(5226,7.0,28,2,353),(5227,6.0,28,2,355),(5228,6.0,28,2,346),(5229,7.0,31,2,337),(5230,8.0,31,2,338),(5231,8.0,31,2,339),(5232,7.0,31,2,349),(5233,7.0,31,2,342),(5234,6.5,39,2,337),(5235,6.5,39,2,338),(5236,8.0,39,2,339),(5237,6.5,39,2,349),(5238,6.8,39,2,342),(5239,6.5,28,2,337),(5240,7.0,28,2,338),(5241,7.0,28,2,339),(5242,6.0,28,2,349),(5243,7.0,28,2,342),(5244,6.0,31,2,316),(5245,6.8,39,2,316),(5246,7.0,28,2,316),(5247,9.0,31,2,382),(5248,8.5,31,2,370),(5249,6.0,31,2,384),(5250,7.0,31,2,374),(5251,7.0,31,2,379),(5252,8.0,39,2,382),(5253,7.1,39,2,370),(5254,6.0,39,2,384),(5255,6.5,39,2,374),(5256,7.1,39,2,379),(5257,7.2,28,2,382),(5258,7.0,28,2,370),(5259,6.0,28,2,384),(5260,7.0,28,2,374),(5261,7.0,28,2,379),(5262,9.0,31,2,381),(5263,8.0,31,2,383),(5264,6.5,31,2,368),(5265,8.1,31,2,380),(5266,4.0,31,2,510),(5267,7.0,39,2,381),(5268,7.0,39,2,383),(5269,6.5,39,2,368),(5270,8.0,39,2,380),(5271,6.0,39,2,510),(5272,7.0,28,2,381),(5273,7.0,28,2,383),(5274,7.0,28,2,368),(5275,7.5,28,2,380),(5276,6.5,28,2,510),(5277,7.0,31,2,364),(5278,8.0,31,2,372),(5279,8.2,31,2,373),(5280,7.0,31,2,377),(5281,7.0,31,2,385),(5282,7.0,39,2,364),(5283,8.0,39,2,372),(5284,8.0,39,2,373),(5285,6.5,39,2,377),(5286,7.0,39,2,385),(5287,6.5,28,2,364),(5288,7.5,28,2,372),(5289,8.0,28,2,373),(5290,6.5,28,2,377),(5291,6.0,28,2,385),(5292,8.0,31,2,378),(5293,7.0,31,2,371),(5294,7.0,31,2,376),(5295,7.0,31,2,369),(5296,7.0,31,2,512),(5297,7.0,39,2,378),(5298,6.5,39,2,371),(5299,6.5,39,2,376),(5300,6.5,39,2,369),(5301,6.0,39,2,512),(5302,7.0,28,2,378),(5303,6.1,28,2,371),(5304,6.0,28,2,376),(5305,6.8,28,2,369),(5306,6.0,28,2,512),(5307,8.0,31,2,367),(5308,8.0,31,2,365),(5309,4.0,31,2,511),(5310,7.0,39,2,367),(5311,7.0,39,2,365),(5312,7.0,39,2,511),(5313,8.0,28,2,365),(5314,7.0,28,2,367),(5315,7.0,28,2,511),(5316,7.0,31,2,304),(5317,4.0,31,2,403),(5318,8.0,31,2,401),(5319,8.0,31,2,392),(5320,7.1,31,2,390),(5321,7.0,39,2,304),(5322,7.0,39,2,403),(5323,7.5,39,2,401),(5324,7.0,39,2,392),(5325,7.0,39,2,390),(5326,7.0,28,2,304),(5327,6.5,28,2,403),(5328,8.0,28,2,401),(5329,6.0,28,2,392),(5330,6.1,28,2,390),(5331,7.5,31,2,387),(5332,7.0,31,2,389),(5333,8.0,31,2,395),(5334,4.0,31,2,513),(5335,7.0,39,2,387),(5336,7.0,39,2,389),(5337,8.0,39,2,395),(5338,8.0,39,2,513),(5339,6.5,28,2,387),(5340,6.5,28,2,389),(5341,8.0,28,2,395),(5342,8.0,28,2,513),(5343,5.0,31,2,393),(5344,8.0,31,2,402),(5345,7.0,31,2,398),(5346,7.0,31,2,400),(5347,4.0,31,2,514),(5348,6.0,39,2,393),(5349,8.0,39,2,402),(5350,6.0,39,2,398),(5351,8.0,39,2,400),(5352,7.0,39,2,514),(5353,6.0,28,2,393),(5354,8.0,28,2,402),(5355,6.0,28,2,398),(5356,7.0,28,2,400),(5357,6.5,28,2,514),(5358,7.5,31,2,388),(5359,4.0,31,2,396),(5360,4.0,31,2,397),(5361,3.0,31,2,386),(5362,7.0,39,2,388),(5363,8.0,39,2,396),(5364,8.0,39,2,397),(5365,6.0,39,2,386),(5366,6.0,28,2,386),(5367,7.0,28,2,397),(5368,7.0,28,2,396),(5369,7.0,28,2,388),(5370,7.0,31,2,391),(5371,8.0,31,2,399),(5372,7.0,39,2,391),(5373,7.0,39,2,399),(5374,7.0,28,2,391),(5375,6.0,28,2,399),(5376,8.0,31,2,420),(5377,8.0,31,2,410),(5378,8.0,31,2,421),(5379,5.0,31,2,423),(5380,8.0,39,2,420),(5381,0.0,39,2,410),(5382,7.5,39,2,421),(5383,7.0,39,2,423),(5384,8.0,28,2,420),(5385,8.2,28,2,410),(5386,7.5,28,2,421),(5387,7.5,28,2,423),(5388,8.0,31,2,515),(5389,8.0,31,2,426),(5390,8.0,31,2,413),(5391,8.0,31,2,516),(5392,8.0,40,2,420),(5393,8.0,40,2,410),(5394,7.5,40,2,421),(5395,7.0,40,2,423),(5396,8.0,40,2,515),(5397,8.0,40,2,426),(5398,7.0,40,2,413),(5399,8.2,40,2,516),(5400,7.0,28,2,515),(5401,7.5,28,2,426),(5402,7.5,28,2,413),(5403,8.0,28,2,516),(5404,8.0,31,2,427),(5405,8.0,31,2,406),(5406,8.0,31,2,417),(5407,8.0,31,2,411),(5408,8.0,31,2,425),(5409,7.5,40,2,427),(5410,8.0,40,2,406),(5411,8.0,40,2,417),(5412,8.2,40,2,411),(5413,7.5,40,2,425),(5414,8.0,28,2,427),(5415,8.5,28,2,406),(5416,8.2,28,2,417),(5417,8.0,28,2,411),(5418,7.0,28,2,425),(5419,5.0,31,2,412),(5420,8.0,31,2,422),(5421,8.0,31,2,414),(5422,8.0,31,2,419),(5423,8.0,31,2,404),(5424,8.0,40,2,412),(5425,8.1,40,2,422),(5426,7.0,40,2,414),(5427,7.0,40,2,419),(5428,7.0,40,2,404),(5429,8.0,28,2,412),(5430,8.2,28,2,422),(5431,8.0,28,2,414),(5432,7.0,28,2,419),(5433,8.1,28,2,404),(5434,8.0,31,2,517),(5435,8.0,31,2,418),(5436,8.0,31,2,416),(5437,8.0,31,2,405),(5438,8.0,31,2,518),(5439,7.0,40,2,517),(5440,8.0,40,2,418),(5441,8.0,40,2,416),(5442,7.0,40,2,405),(5443,7.0,40,2,518),(5444,5.0,28,2,517),(5445,8.0,28,2,418),(5446,7.5,28,2,416),(5447,6.5,28,2,405),(5448,8.0,28,2,518),(5449,4.0,31,2,424),(5450,8.0,31,2,407),(5451,8.0,31,2,409),(5452,5.0,31,2,519),(5453,6.0,40,2,424),(5454,7.0,40,2,407),(5455,7.0,40,2,409),(5456,7.0,40,2,519),(5457,6.0,28,2,424),(5458,7.0,28,2,407),(5459,7.5,28,2,409),(5460,7.5,28,2,519),(5461,8.0,31,2,451),(5462,8.0,31,2,430),(5463,7.0,31,2,520),(5464,8.0,31,2,444),(5465,8.0,31,2,431),(5466,8.0,40,2,451),(5467,7.0,40,2,430),(5468,7.0,40,2,520),(5469,7.0,40,2,444),(5470,7.0,40,2,431),(5471,7.1,28,2,451),(5472,7.0,28,2,430),(5473,6.0,28,2,520),(5474,7.1,28,2,444),(5475,7.2,28,2,431),(5476,8.0,31,2,439),(5477,7.5,31,2,447),(5478,8.0,31,2,442),(5479,8.0,31,2,446),(5480,7.5,31,2,454),(5481,7.0,40,2,439),(5482,7.0,40,2,447),(5483,8.0,40,2,442),(5484,7.0,40,2,446),(5485,7.5,40,2,454),(5486,7.5,28,2,439),(5487,7.1,28,2,447),(5488,7.0,28,2,442),(5489,7.2,28,2,446),(5490,7.0,28,2,454),(5491,8.0,31,2,429),(5492,7.0,31,2,521),(5493,7.5,31,2,438),(5494,7.0,31,2,432),(5495,8.0,31,2,434),(5496,8.0,40,2,429),(5497,7.0,40,2,521),(5498,7.0,40,2,438),(5499,7.0,40,2,432),(5500,7.0,40,2,434),(5501,7.0,28,2,429),(5502,7.1,28,2,521),(5503,7.8,28,2,438),(5504,6.5,28,2,432),(5505,7.0,28,2,434),(5506,7.5,31,2,443),(5507,7.0,31,2,435),(5508,7.0,31,2,449),(5509,7.0,31,2,450),(5510,7.5,31,2,433),(5511,7.5,40,2,443),(5512,7.0,40,2,435),(5513,7.5,40,2,449),(5514,7.0,40,2,450),(5515,7.0,40,2,433),(5516,7.5,28,2,443),(5517,7.0,28,2,435),(5518,7.0,28,2,449),(5519,7.1,28,2,450),(5520,7.2,28,2,433),(5521,8.0,31,2,441),(5522,7.5,31,2,440),(5523,8.0,31,2,452),(5524,7.0,31,2,436),(5525,8.0,31,2,453),(5526,8.0,40,2,441),(5527,7.0,40,2,440),(5528,7.0,40,2,452),(5529,7.0,40,2,436),(5530,6.5,40,2,453),(5531,7.5,28,2,441),(5532,7.2,28,2,440),(5533,7.5,28,2,452),(5534,7.1,28,2,436),(5535,7.1,28,2,453),(5536,7.0,31,2,448),(5537,7.0,31,2,437),(5538,7.0,31,2,428),(5539,6.5,31,2,445),(5540,5.0,31,2,455),(5541,6.5,40,2,448),(5542,7.0,40,2,437),(5543,7.0,40,2,428),(5544,7.0,40,2,445),(5545,7.0,40,2,455),(5546,7.0,28,2,448),(5547,7.1,28,2,437),(5548,7.5,28,2,428),(5549,8.0,28,2,445),(5550,7.0,28,2,455),(5551,4.0,31,2,463),(5552,9.0,31,2,462),(5553,9.0,31,2,459),(5554,4.0,31,2,456),(5555,9.0,31,2,466),(5556,7.0,37,2,463),(5557,7.0,37,2,462),(5558,7.0,37,2,459),(5559,7.0,37,2,456),(5560,7.0,37,2,466),(5561,7.0,28,2,463),(5562,7.0,28,2,462),(5563,7.0,28,2,459),(5564,7.0,28,2,456),(5565,7.1,28,2,466),(5566,9.0,31,2,458),(5567,9.0,31,2,465),(5568,9.0,31,2,457),(5569,4.0,31,2,460),(5570,7.0,37,2,458),(5571,7.0,37,2,465),(5572,7.0,37,2,457),(5573,7.0,37,2,460),(5574,7.5,28,2,458),(5575,7.0,28,2,465),(5576,8.1,28,2,457),(5577,7.1,28,2,460),(5578,9.0,31,2,522),(5579,9.0,31,2,464),(5580,7.0,37,2,522),(5581,7.0,37,2,464),(5582,7.4,28,2,522),(5583,7.0,28,2,464),(5584,8.0,31,2,467),(5585,8.0,31,2,470),(5586,8.0,31,2,474),(5587,8.0,31,2,476),(5588,8.0,31,2,472),(5589,6.0,37,2,467),(5590,6.0,37,2,470),(5591,8.0,37,2,474),(5592,6.0,37,2,476),(5593,8.0,37,2,472),(5594,7.0,28,2,467),(5595,7.0,28,2,470),(5596,8.1,28,2,474),(5597,7.0,28,2,476),(5598,8.2,28,2,472),(5599,8.0,31,2,468),(5600,8.0,31,2,469),(5601,9.0,31,2,475),(5602,8.0,31,2,473),(5603,8.0,37,2,468),(5604,8.0,37,2,469),(5605,8.0,37,2,475),(5606,8.0,37,2,473),(5607,7.0,28,2,468),(5608,8.5,28,2,469),(5609,8.2,28,2,475),(5610,8.0,28,2,473),(5611,5.0,47,2,305),(5612,7.8,47,2,312),(5613,8.0,47,2,310),(5614,9.4,47,2,314),(5615,6.5,46,2,305),(5616,7.0,46,2,312),(5617,7.5,46,2,310),(5618,8.5,46,2,314),(5619,5.0,47,2,320),(5620,7.0,47,2,308),(5621,6.4,47,2,328),(5622,5.0,46,2,320),(5623,7.0,46,2,308),(5624,7.0,46,2,328),(5625,7.6,47,2,307),(5626,8.0,47,2,315),(5627,7.5,47,2,330),(5628,7.5,47,2,505),(5629,6.5,46,2,307),(5630,7.3,46,2,315),(5631,7.0,46,2,330),(5632,7.4,46,2,505),(5633,7.6,47,2,313),(5634,8.1,47,2,311),(5635,5.0,47,2,319),(5636,7.4,47,2,504),(5637,7.4,46,2,313),(5638,7.0,46,2,311),(5639,6.0,46,2,319),(5640,6.3,46,2,504),(5641,6.3,47,2,324),(5642,8.4,47,2,506),(5643,6.2,46,2,324),(5644,7.0,46,2,506),(5645,5.0,47,2,507),(5646,6.5,47,2,375),(5647,6.1,47,2,298),(5648,5.0,47,2,508),(5649,5.0,47,2,299),(5650,6.5,46,2,507),(5651,6.3,46,2,375),(5652,6.8,46,2,298),(5653,6.0,46,2,508),(5654,6.0,46,2,299),(5655,5.0,47,2,334),(5656,7.0,47,2,341),(5657,6.0,47,2,302),(5658,5.0,46,2,334),(5659,6.0,46,2,341),(5660,5.0,46,2,302),(5661,5.0,47,2,331),(5662,8.0,47,2,325),(5663,7.5,47,2,318),(5664,7.0,47,2,306),(5665,6.5,47,2,300),(5666,6.0,46,2,331),(5667,8.0,46,2,325),(5668,7.8,46,2,318),(5669,7.0,46,2,306),(5670,5.0,46,2,300),(5671,7.0,47,2,344),(5672,5.0,47,2,347),(5673,7.8,47,2,350),(5674,6.0,47,2,509),(5675,5.0,46,2,344),(5676,5.0,46,2,347),(5677,6.7,46,2,350),(5678,5.0,46,2,509),(5679,7.7,47,2,352),(5680,5.0,47,2,336),(5681,6.7,47,2,317),(5682,8.0,47,2,361),(5683,4.0,47,2,343),(5684,7.3,46,2,352),(5685,5.0,46,2,336),(5686,6.0,46,2,317),(5687,6.5,46,2,361),(5688,4.0,46,2,343),(5689,5.0,47,2,359),(5690,5.0,47,2,345),(5691,6.0,47,2,360),(5692,7.0,47,2,356),(5693,7.8,47,2,358),(5694,5.0,46,2,359),(5695,6.0,46,2,345),(5696,6.2,46,2,360),(5697,7.0,46,2,356),(5698,7.5,46,2,358),(5699,6.0,47,2,348),(5700,5.0,47,2,340),(5701,5.0,47,2,354),(5702,6.0,46,2,348),(5703,5.0,46,2,340),(5704,5.0,46,2,354),(5705,6.1,47,2,363),(5706,5.0,47,2,335),(5707,6.7,47,2,353),(5708,6.8,47,2,355),(5709,5.0,47,2,346),(5710,5.0,46,2,363),(5711,5.0,46,2,335),(5712,6.8,46,2,353),(5713,6.5,46,2,355),(5714,6.7,46,2,346),(5715,7.0,47,2,337),(5716,5.0,47,2,338),(5717,6.4,47,2,339),(5718,5.0,47,2,349),(5719,6.3,47,2,342),(5720,6.3,46,2,337),(5721,5.0,46,2,338),(5722,5.0,46,2,339),(5723,5.0,46,2,349),(5724,6.5,46,2,342),(5725,7.0,46,2,316),(5726,7.0,47,2,316),(5727,7.6,47,2,382),(5728,7.9,47,2,370),(5729,4.2,47,2,384),(5730,6.2,47,2,374),(5731,5.3,47,2,379),(5732,7.8,46,2,382),(5733,7.8,46,2,370),(5734,5.0,46,2,384),(5735,5.0,46,2,374),(5736,5.0,46,2,379),(5737,9.0,47,2,381),(5738,6.8,47,2,383),(5739,6.8,47,2,368),(5740,7.7,47,2,380),(5741,6.0,47,2,510),(5742,9.0,46,2,381),(5743,8.0,46,2,383),(5744,5.0,46,2,368),(5745,8.5,46,2,380),(5746,5.0,46,2,510),(5747,6.0,47,2,364),(5748,8.0,47,2,372),(5749,8.5,47,2,373),(5750,5.0,47,2,377),(5751,5.0,47,2,385),(5752,5.0,46,2,364),(5753,6.0,46,2,372),(5754,9.0,46,2,373),(5755,5.0,46,2,377),(5756,5.0,46,2,385),(5757,7.4,47,2,378),(5758,5.5,47,2,371),(5759,5.4,47,2,376),(5760,5.0,47,2,369),(5761,6.2,46,2,378),(5762,5.0,46,2,371),(5763,5.0,46,2,376),(5764,6.0,46,2,369),(5765,8.3,47,2,367),(5766,8.2,47,2,365),(5767,7.0,47,2,511),(5768,8.0,46,2,367),(5769,8.0,46,2,365),(5770,5.0,46,2,511),(5771,6.0,47,2,304),(5772,4.0,47,2,403),(5773,6.0,47,2,401),(5774,7.0,47,2,392),(5775,7.0,47,2,390),(5776,5.0,46,2,304),(5777,5.0,46,2,403),(5778,7.5,46,2,401),(5779,5.0,46,2,392),(5780,6.2,46,2,390),(5781,6.8,47,2,387),(5782,6.5,47,2,389),(5783,7.0,47,2,395),(5784,6.8,47,2,513),(5785,7.3,46,2,387),(5786,7.0,46,2,389),(5787,7.6,46,2,395),(5788,6.0,46,2,513),(5789,7.0,47,2,393),(5790,5.0,47,2,402),(5791,5.0,47,2,398),(5792,5.0,47,2,400),(5793,6.0,47,2,514),(5794,5.0,46,2,393),(5795,6.8,46,2,402),(5796,5.0,46,2,398),(5797,5.0,46,2,400),(5798,5.0,46,2,514),(5799,5.0,47,2,388),(5800,6.7,47,2,396),(5801,7.2,47,2,397),(5802,5.0,47,2,386),(5803,5.0,46,2,388),(5804,6.6,46,2,396),(5805,6.5,46,2,397),(5806,5.0,46,2,386),(5807,6.5,47,2,391),(5808,5.0,47,2,399),(5809,6.8,46,2,391),(5810,5.0,46,2,399),(5811,8.8,47,2,420),(5812,8.7,47,2,410),(5813,8.0,47,2,421),(5814,8.7,47,2,423),(5815,8.5,46,2,420),(5816,8.0,46,2,410),(5817,7.6,46,2,421),(5818,8.6,46,2,423),(5819,5.0,47,2,515),(5820,7.6,47,2,426),(5821,7.5,47,2,413),(5822,5.0,47,2,516),(5823,6.5,46,2,515),(5824,7.8,46,2,426),(5825,7.7,46,2,413),(5826,6.5,46,2,516),(5827,8.0,47,2,427),(5828,7.8,47,2,406),(5829,8.0,47,2,417),(5830,5.0,47,2,411),(5831,6.7,47,2,425),(5832,8.0,46,2,427),(5833,7.7,46,2,406),(5834,8.0,46,2,417),(5835,7.2,46,2,411),(5836,7.0,46,2,425),(5837,7.0,47,2,412),(5838,7.6,47,2,422),(5839,6.0,47,2,414),(5840,5.0,47,2,419),(5841,6.6,47,2,404),(5842,6.8,46,2,412),(5843,7.8,46,2,422),(5844,6.0,46,2,414),(5845,6.0,46,2,419),(5846,7.0,46,2,404),(5847,5.0,47,2,517),(5848,7.0,47,2,418),(5849,8.3,47,2,416),(5850,8.5,47,2,405),(5851,7.0,47,2,518),(5852,6.6,46,2,517),(5853,7.0,46,2,418),(5854,8.2,46,2,416),(5855,8.3,46,2,405),(5856,6.6,46,2,518),(5857,5.0,47,2,424),(5858,7.5,47,2,407),(5859,6.8,47,2,409),(5860,7.5,47,2,519),(5861,6.5,46,2,424),(5862,7.0,46,2,407),(5863,6.5,46,2,409),(5864,7.0,46,2,519),(5865,7.1,47,2,451),(5866,6.5,47,2,430),(5867,9.0,47,2,520),(5868,6.0,47,2,444),(5869,6.4,47,2,431),(5870,7.5,46,2,451),(5871,7.0,46,2,430),(5872,8.5,46,2,520),(5873,6.0,46,2,444),(5874,6.0,46,2,431),(5875,6.4,47,2,439),(5876,8.0,47,2,447),(5877,6.7,47,2,442),(5878,6.4,47,2,446),(5879,8.0,47,2,454),(5880,5.0,46,2,439),(5881,8.1,46,2,447),(5882,8.0,46,2,442),(5883,5.0,46,2,446),(5884,8.6,46,2,454),(5885,7.5,47,2,429),(5886,6.8,47,2,521),(5887,7.5,47,2,438),(5888,6.5,47,2,432),(5889,6.2,47,2,434),(5890,7.8,46,2,429),(5891,5.0,46,2,521),(5892,7.8,46,2,438),(5893,5.0,46,2,432),(5894,6.0,46,2,434),(5895,8.0,47,2,443),(5896,6.0,47,2,435),(5897,7.0,47,2,449),(5898,7.1,47,2,450),(5899,6.7,47,2,433),(5900,8.0,46,2,443),(5901,5.0,46,2,435),(5902,7.6,46,2,449),(5903,7.5,46,2,450),(5904,7.0,46,2,433),(5905,8.0,47,2,441),(5906,7.7,47,2,440),(5907,6.7,47,2,452),(5908,7.0,47,2,436),(5909,8.8,46,2,441),(5910,7.8,46,2,440),(5911,5.0,46,2,452),(5912,7.0,46,2,436),(5913,8.5,47,2,448),(5914,6.5,47,2,437),(5915,5.0,47,2,428),(5916,7.0,47,2,445),(5917,5.0,47,2,455),(5918,8.6,46,2,448),(5919,6.0,46,2,437),(5920,6.0,46,2,428),(5921,7.0,46,2,445),(5922,5.0,46,2,455),(5923,7.0,46,2,453),(5924,7.5,47,2,453),(5925,7.0,23,2,463),(5926,7.0,23,2,462),(5927,7.2,23,2,459),(5928,6.5,23,2,456),(5929,7.1,23,2,466),(5930,7.8,24,2,463),(5931,7.1,24,2,462),(5932,7.0,24,2,459),(5933,6.0,24,2,456),(5934,7.0,24,2,466),(5935,8.3,38,2,463),(5936,7.8,38,2,462),(5937,6.3,38,2,459),(5938,6.0,38,2,456),(5939,6.0,38,2,466),(5940,7.8,23,2,458),(5941,6.8,23,2,465),(5942,5.0,23,2,457),(5943,6.6,23,2,460),(5944,8.0,24,2,458),(5945,7.5,24,2,465),(5946,7.0,24,2,457),(5947,6.5,24,2,460),(5948,8.1,38,2,458),(5949,7.1,38,2,465),(5950,6.7,38,2,457),(5951,6.0,38,2,460),(5952,6.1,23,2,522),(5953,5.0,23,2,464),(5954,6.4,24,2,522),(5955,7.3,24,2,464),(5956,6.0,38,2,522),(5957,6.0,38,2,464),(5958,7.5,23,2,467),(5959,8.0,23,2,470),(5960,7.0,23,2,474),(5961,7.3,23,2,476),(5962,7.6,23,2,472),(5963,8.0,24,2,467),(5964,8.5,24,2,470),(5965,6.3,24,2,474),(5966,7.5,24,2,476),(5967,8.0,24,2,472),(5968,8.2,38,2,467),(5969,8.7,38,2,470),(5970,6.4,38,2,474),(5971,7.8,38,2,476),(5972,8.0,38,2,472),(5973,7.8,23,2,468),(5974,7.0,23,2,469),(5975,7.0,23,2,475),(5976,7.2,23,2,473),(5977,7.8,24,2,468),(5978,6.3,24,2,469),(5979,6.2,24,2,475),(5980,6.5,24,2,473),(5981,8.0,38,2,468),(5982,6.1,38,2,469),(5983,6.1,38,2,475),(5984,6.5,38,2,473),(5985,6.5,43,2,143),(5986,7.0,43,2,124),(5987,6.0,43,2,138),(5988,7.6,47,2,143),(5989,6.0,47,2,124),(5990,6.0,47,2,138),(5991,10.0,46,2,143),(5992,9.0,46,2,124),(5993,7.5,46,2,138),(5994,8.5,28,2,143),(5995,7.0,28,2,124),(5996,6.0,28,2,138),(5997,7.3,31,2,143),(5998,7.0,31,2,124),(5999,7.0,31,2,138),(6000,8.0,30,2,143),(6001,8.0,30,2,124),(6002,6.0,30,2,138),(6003,8.5,32,2,143),(6004,8.5,32,2,124),(6005,8.0,32,2,138),(6006,8.0,29,2,143),(6007,7.6,29,2,124),(6008,7.0,29,2,138),(6009,6.3,27,2,143),(6010,8.0,27,2,124),(6011,8.7,27,2,138),(6012,7.0,26,2,143),(6013,7.5,26,2,124),(6014,6.5,26,2,138),(6015,7.1,20,2,143),(6016,6.0,20,2,138),(6017,8.0,20,2,124),(6018,8.0,33,2,143),(6019,8.5,33,2,124),(6020,7.3,33,2,138),(6021,9.0,48,2,143),(6022,7.5,48,2,124),(6023,6.5,48,2,138),(6024,6.4,43,2,135),(6025,6.0,43,2,126),(6026,6.5,47,2,135),(6027,6.3,47,2,126),(6028,10.0,46,2,135),(6029,9.0,46,2,126),(6030,8.6,28,2,135),(6031,7.0,28,2,126),(6032,8.0,31,2,135),(6033,7.4,31,2,126),(6034,8.5,30,2,135),(6035,8.0,30,2,126),(6036,8.0,32,2,135),(6037,7.5,32,2,126),(6038,8.0,29,2,135),(6039,7.4,29,2,126),(6040,6.0,27,2,135),(6041,6.7,27,2,126),(6042,7.6,26,2,135),(6043,7.0,26,2,126),(6044,8.5,20,2,135),(6045,6.0,20,2,126),(6046,8.4,33,2,135),(6047,7.4,33,2,126),(6048,9.0,48,2,135),(6049,8.3,48,2,126),(6050,6.6,43,2,145),(6051,6.3,43,2,151),(6052,7.0,43,2,153),(6053,6.2,47,2,145),(6054,6.5,47,2,151),(6055,8.0,47,2,153),(6056,5.0,46,2,145),(6057,8.0,46,2,151),(6058,8.0,46,2,153),(6059,6.5,28,2,145),(6060,7.0,28,2,151),(6061,7.6,28,2,153),(6062,7.3,31,2,145),(6063,7.6,31,2,151),(6064,8.0,31,2,153),(6065,8.4,30,2,145),(6066,8.0,30,2,151),(6067,8.0,30,2,153),(6068,7.0,32,2,145),(6069,8.0,32,2,151),(6070,8.6,32,2,153),(6071,7.0,29,2,145),(6072,7.5,29,2,151),(6073,7.5,29,2,153),(6074,5.0,27,2,145),(6075,7.7,27,2,151),(6076,8.4,27,2,153),(6077,6.6,26,2,145),(6078,7.7,26,2,151),(6079,7.4,26,2,153),(6080,5.0,20,2,145),(6081,8.6,20,2,151),(6082,9.0,20,2,153),(6083,7.0,33,2,145),(6084,7.3,33,2,151),(6085,8.4,33,2,153),(6086,9.6,48,2,145),(6087,9.4,48,2,151),(6088,8.5,48,2,153),(6089,6.0,43,2,144),(6090,6.0,43,2,136),(6091,6.0,43,2,127),(6092,6.4,47,2,144),(6093,6.0,47,2,136),(6094,6.0,47,2,127),(6095,5.0,46,2,144),(6096,7.5,46,2,136),(6097,7.5,46,2,127),(6098,6.0,28,2,144),(6099,6.0,28,2,136),(6100,8.6,28,2,127),(6101,7.0,31,2,144),(6102,6.5,31,2,136),(6103,7.0,31,2,127),(6104,6.0,30,2,144),(6105,8.5,30,2,127),(6106,6.0,30,2,136),(6107,7.3,32,2,144),(6108,7.0,32,2,136),(6109,8.0,32,2,127),(6110,7.0,29,2,144),(6111,7.0,29,2,136),(6112,7.5,29,2,127),(6113,6.0,27,2,144),(6114,5.0,27,2,136),(6115,5.0,27,2,127),(6116,7.0,26,2,144),(6117,6.0,26,2,136),(6118,6.3,26,2,127),(6119,6.2,20,2,144),(6120,5.0,20,2,136),(6121,5.0,20,2,127),(6122,7.5,33,2,144),(6123,6.5,33,2,136),(6124,7.0,33,2,127),(6125,9.6,48,2,127),(6126,6.0,48,2,136),(6127,6.3,48,2,144),(6128,9.0,48,2,132),(6129,7.5,48,2,129),(6130,6.3,43,2,132),(6131,7.0,43,2,129),(6132,6.3,47,2,132),(6133,7.5,47,2,129),(6134,8.0,46,2,132),(6135,8.0,46,2,129),(6136,8.0,28,2,132),(6137,6.6,28,2,129),(6138,7.5,31,2,132),(6139,7.0,31,2,129),(6140,8.4,30,2,132),(6141,7.0,30,2,129),(6142,8.3,32,2,132),(6143,8.5,32,2,129),(6144,7.0,29,2,132),(6145,7.3,29,2,129),(6146,6.0,27,2,132),(6147,6.5,27,2,129),(6148,6.7,26,2,129),(6149,6.6,26,2,132),(6150,6.5,20,2,132),(6151,7.0,20,2,129),(6152,7.4,33,2,132),(6153,7.6,33,2,129),(6154,6.3,43,2,133),(6155,7.2,43,2,134),(6156,6.0,43,2,125),(6157,6.4,43,2,131),(6158,7.0,43,2,130),(6159,6.0,47,2,133),(6160,6.2,47,2,134),(6161,6.0,47,2,125),(6162,6.6,47,2,131),(6163,7.7,47,2,130),(6164,5.0,46,2,133),(6165,6.0,46,2,134),(6166,5.0,46,2,125),(6167,6.0,46,2,131),(6168,8.0,46,2,130),(6169,6.5,28,2,133),(6170,6.0,28,2,134),(6171,6.3,28,2,125),(6172,7.0,28,2,131),(6173,7.6,28,2,130),(6174,7.4,31,2,133),(6175,7.5,31,2,134),(6176,7.7,31,2,125),(6177,8.3,31,2,131),(6178,7.3,31,2,130),(6179,7.3,30,2,133),(6180,7.5,30,2,134),(6181,7.0,30,2,125),(6182,8.6,30,2,131),(6183,8.7,30,2,130),(6184,8.0,32,2,133),(6185,7.0,32,2,134),(6186,8.3,32,2,125),(6187,7.5,32,2,131),(6188,8.0,32,2,130),(6189,7.1,29,2,133),(6190,8.0,29,2,134),(6191,7.4,29,2,125),(6192,7.0,29,2,131),(6193,7.6,29,2,130),(6194,6.2,27,2,133),(6195,7.5,27,2,134),(6196,5.0,27,2,125),(6197,6.6,27,2,131),(6198,6.5,27,2,130),(6199,6.4,26,2,133),(6200,6.5,26,2,134),(6201,6.0,26,2,125),(6202,6.3,26,2,131),(6203,6.6,26,2,130),(6204,6.0,20,2,133),(6205,6.4,20,2,134),(6206,5.0,20,2,125),(6207,6.1,20,2,131),(6208,7.2,20,2,130),(6209,6.4,33,2,133),(6210,7.0,33,2,134),(6211,6.0,33,2,125),(6212,7.0,33,2,131),(6213,7.4,33,2,130),(6214,8.6,48,2,133),(6215,7.5,48,2,134),(6216,8.0,48,2,125),(6217,9.4,48,2,131),(6218,9.0,48,2,130),(6219,8.0,43,2,137),(6220,8.7,43,2,128),(6221,8.3,47,2,137),(6222,8.5,47,2,128),(6223,9.0,46,2,137),(6224,10.0,46,2,128),(6225,7.5,28,2,137),(6226,7.3,28,2,128),(6227,8.5,31,2,137),(6228,9.0,31,2,128),(6229,7.0,30,2,137),(6230,8.0,30,2,128),(6231,7.4,32,2,137),(6232,8.0,32,2,128),(6233,8.5,29,2,137),(6234,8.0,29,2,128),(6235,6.5,27,2,137),(6236,8.2,27,2,128),(6237,7.4,26,2,137),(6238,7.6,26,2,128),(6239,8.0,20,2,137),(6240,8.6,20,2,128),(6241,8.3,33,2,137),(6242,8.7,33,2,128),(6243,7.0,48,2,137),(6244,8.0,48,2,128),(6245,7.0,43,1,56),(6246,7.0,28,1,56),(6247,7.0,46,1,56),(6248,7.0,47,1,56),(6249,7.0,32,1,56),(6250,7.0,31,1,56),(6251,7.0,30,1,56),(6252,5.0,27,1,56),(6253,5.0,26,1,56),(6254,5.0,20,1,56),(6255,7.0,29,1,56),(6256,7.0,33,1,56),(6257,8.0,48,1,56),(6258,7.0,43,1,59),(6259,8.0,28,1,59),(6260,7.0,46,1,59),(6261,7.0,47,1,59),(6262,7.0,32,1,59),(6263,7.0,31,1,59),(6264,8.0,30,1,59),(6265,8.0,27,1,59),(6266,6.0,26,1,59),(6267,5.0,20,1,59),(6268,8.0,29,1,59),(6269,7.0,33,1,59),(6270,7.5,43,2,71),(6271,7.4,47,2,71),(6272,6.5,46,2,71),(6273,7.8,28,2,71),(6274,8.0,31,2,71),(6275,7.0,30,2,71),(6276,8.5,32,2,71),(6277,7.9,29,2,71),(6278,7.5,27,2,71),(6279,7.0,26,2,71),(6280,7.4,20,2,71),(6281,7.8,33,2,71),(6282,6.0,48,2,71),(6283,7.6,20,2,82),(6284,7.0,27,2,82),(6285,7.0,43,2,82),(6286,6.8,47,2,82),(6287,6.8,46,2,82),(6288,8.0,32,2,82),(6289,7.1,31,2,82),(6290,7.0,33,2,82),(6291,7.8,29,2,82),(6292,7.0,30,2,82),(6293,8.0,48,2,82),(6294,6.5,26,2,82),(6295,8.0,43,2,76),(6296,8.0,47,2,76),(6297,8.0,46,2,76),(6298,8.5,28,2,76),(6299,8.7,31,2,76),(6300,8.4,30,2,76),(6301,9.0,32,2,76),(6302,7.8,29,2,76),(6303,9.0,27,2,76),(6304,7.0,26,2,76),(6305,8.5,33,2,76),(6306,9.8,20,2,76),(6307,9.0,48,2,76),(6308,8.3,43,2,83),(6309,7.8,47,2,83),(6310,7.8,46,2,83),(6311,7.5,28,2,83),(6312,8.5,31,2,83),(6313,8.0,30,2,83),(6314,8.5,32,2,83),(6315,7.8,29,2,83),(6316,7.8,27,2,83),(6317,6.8,26,2,83),(6318,8.8,20,2,83),(6319,7.9,33,2,83),(6320,7.5,48,2,83),(6321,6.8,43,2,86),(6322,7.0,47,2,86),(6323,6.5,46,2,86),(6324,6.8,28,2,82),(6325,7.0,28,2,86),(6326,8.0,31,2,86),(6327,7.5,30,2,86),(6328,7.0,32,2,86),(6329,6.8,29,2,86),(6330,6.5,27,2,86),(6331,6.3,26,2,86),(6332,6.8,20,2,86),(6333,7.0,33,2,86),(6334,6.5,48,2,86),(6335,8.0,43,2,67),(6336,8.0,47,2,67),(6337,7.8,46,2,67),(6338,7.4,28,2,67),(6339,7.8,31,2,67),(6340,7.4,30,2,67),(6341,8.6,32,2,67),(6342,8.0,29,2,67),(6343,8.0,27,2,67),(6344,7.0,26,2,67),(6345,7.3,20,2,67),(6346,8.0,33,2,67),(6347,7.0,48,2,67),(6348,8.6,43,2,74),(6349,7.0,47,2,74),(6350,8.0,46,2,74),(6351,8.9,28,2,74),(6352,8.3,31,2,74),(6353,8.6,30,2,74),(6354,7.8,32,2,74),(6355,7.8,29,2,74),(6356,8.1,27,2,74),(6357,7.0,26,2,74),(6358,9.4,20,2,74),(6359,8.3,33,2,74),(6360,9.0,48,2,74),(6361,7.0,43,2,69),(6362,7.0,47,2,69),(6363,7.4,46,2,69),(6364,7.5,28,2,69),(6365,7.0,31,2,69),(6366,8.6,30,2,69),(6367,8.3,32,2,69),(6368,7.8,29,2,69),(6369,8.5,27,2,69),(6370,7.0,26,2,69),(6371,6.7,20,2,69),(6372,7.0,33,2,69),(6373,6.0,48,2,69),(6374,8.0,43,2,94),(6375,8.0,47,2,94),(6376,8.0,46,2,94),(6377,8.0,28,2,94),(6378,8.0,31,2,94),(6379,8.4,30,2,94),(6380,8.4,32,2,94),(6381,7.0,29,2,94),(6382,8.6,27,2,94),(6383,7.6,26,2,94),(6384,9.1,20,2,94),(6385,8.4,33,2,94),(6386,8.6,48,2,94),(6387,8.2,43,2,79),(6388,8.8,47,2,79),(6389,7.8,46,2,79),(6390,8.4,28,2,79),(6391,8.3,31,2,79),(6392,7.4,30,2,79),(6393,8.3,32,2,79),(6394,7.4,29,2,79),(6395,8.5,27,2,79),(6396,7.5,26,2,79),(6397,8.3,20,2,79),(6398,8.0,33,2,79),(6399,8.3,48,2,79),(6400,7.3,43,2,81),(6401,8.5,47,2,81),(6402,8.0,46,2,81),(6403,8.4,28,2,81),(6404,8.4,31,2,81),(6405,7.7,30,2,81),(6406,7.8,32,2,81),(6407,7.9,29,2,81),(6408,7.6,27,2,81),(6409,7.0,26,2,81),(6410,7.8,20,2,81),(6411,8.3,33,2,81),(6412,7.0,48,2,81),(6413,7.0,43,2,70),(6414,7.7,47,2,70),(6415,7.5,46,2,70),(6416,7.4,28,2,70),(6417,7.8,31,2,70),(6418,7.7,30,2,70),(6419,7.5,32,2,70),(6420,7.7,29,2,70),(6421,8.3,27,2,70),(6422,6.8,26,2,70),(6423,7.2,20,2,70),(6424,7.8,33,2,70),(6425,6.0,48,2,70),(6426,8.2,43,2,84),(6427,8.0,47,2,84),(6428,8.0,46,2,84),(6429,8.4,28,2,84),(6430,7.9,31,2,84),(6431,8.4,30,2,84),(6432,7.7,32,2,84),(6433,7.8,29,2,84),(6434,8.7,27,2,84),(6435,7.0,26,2,84),(6436,7.5,20,2,84),(6437,8.4,33,2,84),(6438,8.8,48,2,84),(6439,8.7,43,2,72),(6440,7.0,47,2,72),(6441,8.0,46,2,72),(6442,8.0,28,2,72),(6443,8.3,31,2,72),(6444,7.6,30,2,72),(6445,8.5,32,2,72),(6446,7.6,29,2,72),(6447,8.3,27,2,72),(6448,7.6,26,2,72),(6449,9.3,20,2,72),(6450,7.4,33,2,72),(6451,8.5,48,2,72),(6452,8.4,43,2,113),(6453,8.0,47,2,113),(6454,7.0,46,2,113),(6455,7.4,28,2,113),(6456,7.4,31,2,113),(6457,8.3,30,2,113),(6458,8.0,32,2,113),(6459,7.7,29,2,113),(6460,8.4,27,2,113),(6461,7.0,26,2,113),(6462,8.0,20,2,113),(6463,7.8,33,2,113),(6464,9.0,48,2,113),(6465,7.0,43,2,80),(6466,7.8,47,2,80),(6467,8.4,46,2,80),(6468,8.0,28,2,80),(6469,7.0,31,2,80),(6470,7.7,30,2,80),(6471,8.0,32,2,80),(6472,7.0,29,2,80),(6473,6.8,27,2,80),(6474,7.0,26,2,80),(6475,7.5,20,2,80),(6476,8.0,33,2,80),(6477,8.3,48,2,80),(6478,8.1,43,2,85),(6479,8.0,47,2,85),(6480,8.0,46,2,85),(6481,8.0,28,2,85),(6482,8.0,31,2,85),(6483,8.4,30,2,85),(6484,8.0,32,2,85),(6485,7.4,29,2,85),(6486,8.0,27,2,85),(6487,7.3,26,2,85),(6488,8.0,20,2,85),(6489,8.0,33,2,85),(6490,8.4,48,2,85),(6491,8.5,43,2,77),(6492,8.8,47,2,77),(6493,8.9,46,2,77),(6494,9.0,28,2,77),(6495,8.7,31,2,77),(6496,7.0,30,2,77),(6497,8.0,32,2,77),(6498,7.8,29,2,77),(6499,9.0,27,2,77),(6500,8.0,26,2,77),(6501,9.0,20,2,77),(6502,8.0,33,2,77),(6503,8.9,48,2,77),(6504,8.7,43,2,75),(6505,8.0,47,2,75),(6506,8.4,46,2,75),(6507,8.6,28,2,75),(6508,8.8,31,2,75),(6509,7.6,30,2,75),(6510,8.0,32,2,75),(6511,7.4,29,2,75),(6512,9.0,27,2,75),(6513,8.0,26,2,75),(6514,9.0,20,2,75),(6515,8.0,33,2,75),(6516,8.6,48,2,75),(6517,7.7,43,2,89),(6518,8.0,47,2,89),(6519,7.0,46,2,89),(6520,8.0,28,2,89),(6521,6.7,31,2,89),(6522,8.0,30,2,89),(6523,7.7,32,2,89),(6524,8.0,29,2,89),(6525,7.8,27,2,89),(6526,7.0,26,2,89),(6527,6.3,20,2,89),(6528,8.0,33,2,89),(6529,6.0,48,2,89),(6530,7.8,43,2,98),(6531,8.0,47,2,98),(6532,7.8,46,2,98),(6533,8.4,28,2,98),(6534,7.8,31,2,98),(6535,8.4,30,2,98),(6536,7.7,32,2,98),(6537,7.7,29,2,98),(6538,8.6,27,2,98),(6539,7.2,26,2,98),(6540,7.2,20,2,98),(6541,8.0,33,2,98),(6542,7.8,48,2,98),(6543,8.7,43,2,92),(6544,8.4,47,2,92),(6545,8.6,46,2,92),(6546,8.9,28,2,92),(6547,8.0,31,2,92),(6548,7.8,30,2,92),(6549,7.6,32,2,92),(6550,8.0,29,2,92),(6551,9.0,27,2,92),(6552,8.0,26,2,92),(6553,9.7,20,2,92),(6554,8.0,33,2,92),(6555,9.0,48,2,92),(6556,7.6,43,2,90),(6557,7.8,47,2,90),(6558,7.5,46,2,90),(6559,7.8,28,2,90),(6560,7.8,31,2,90),(6561,7.4,30,2,90),(6562,8.0,32,2,90),(6563,7.4,29,2,90),(6564,9.0,27,2,90),(6565,7.0,26,2,90),(6566,8.7,20,2,90),(6567,8.2,33,2,90),(6568,7.0,48,2,90),(6569,8.8,43,2,68),(6570,8.8,47,2,68),(6571,8.6,46,2,68),(6572,9.0,28,2,68),(6573,8.5,31,2,68),(6574,8.0,30,2,68),(6575,7.7,32,2,68),(6576,7.8,29,2,68),(6577,9.3,27,2,68),(6578,8.0,26,2,68),(6579,9.0,20,2,68),(6580,8.0,33,2,68),(6581,9.0,48,2,68),(6582,8.5,43,2,93),(6583,8.0,47,2,93),(6584,7.8,46,2,93),(6585,8.0,28,2,93),(6586,8.6,31,2,93),(6587,7.4,30,2,93),(6588,8.0,32,2,93),(6589,7.4,29,2,93),(6590,8.6,27,2,93),(6591,7.7,26,2,93),(6592,9.0,20,2,93),(6593,8.0,33,2,93),(6594,8.0,48,2,93),(6595,8.6,43,2,650),(6596,8.0,47,2,650),(6597,7.4,46,2,650),(6598,7.8,28,2,650),(6599,8.8,31,2,650),(6600,8.0,30,2,650),(6601,8.0,32,2,650),(6602,8.0,29,2,650),(6603,9.0,27,2,650),(6604,7.7,26,2,650),(6605,8.5,20,2,650),(6606,8.0,33,2,650),(6607,8.0,48,2,650),(6608,7.5,43,1,71),(6609,7.4,47,1,71),(6610,6.5,46,1,71),(6611,7.8,28,1,71),(6612,8.0,31,1,71),(6613,7.0,30,1,71),(6614,8.5,32,1,71),(6615,7.9,29,1,71),(6616,7.5,27,1,71),(6617,7.0,26,1,71),(6618,7.4,20,1,71),(6619,7.8,33,1,71),(6620,6.0,48,1,71),(6621,7.6,20,1,82),(6622,7.0,27,1,82),(6623,7.0,43,1,82),(6624,6.8,47,1,82),(6625,6.8,46,1,82),(6626,8.0,32,1,82),(6627,7.1,31,1,82),(6628,7.0,33,1,82),(6629,7.8,29,1,82),(6630,7.0,30,1,82),(6631,8.0,48,1,82),(6632,6.5,26,1,82),(6633,8.0,43,1,76),(6634,8.0,47,1,76),(6635,8.0,46,1,76),(6636,8.5,28,1,76),(6637,8.7,31,1,76),(6638,8.4,30,1,76),(6639,9.0,32,1,76),(6640,7.8,29,1,76),(6641,9.0,27,1,76),(6642,7.0,26,1,76),(6643,8.5,33,1,76),(6644,9.8,20,1,76),(6645,9.0,48,1,76),(6646,8.3,43,1,83),(6647,7.8,47,1,83),(6648,7.8,46,1,83),(6649,7.5,28,1,83),(6650,8.5,31,1,83),(6651,8.0,30,1,83),(6652,8.5,32,1,83),(6653,7.8,29,1,83),(6654,7.8,27,1,83),(6655,6.8,26,1,83),(6656,8.8,20,1,83),(6657,7.9,33,1,83),(6658,7.5,48,1,83),(6659,6.8,43,1,86),(6660,7.0,47,1,86),(6661,6.5,46,1,86),(6662,6.8,28,1,82),(6663,7.0,28,1,86),(6664,8.0,31,1,86),(6665,7.5,30,1,86),(6666,7.0,32,1,86),(6667,6.8,29,1,86),(6668,6.5,27,1,86),(6669,6.3,26,1,86),(6670,6.8,20,1,86),(6671,7.0,33,1,86),(6672,6.5,48,1,86),(6673,8.0,43,1,67),(6674,8.0,47,1,67),(6675,7.8,46,1,67),(6676,7.4,28,1,67),(6677,7.8,31,1,67),(6678,7.4,30,1,67),(6679,8.6,32,1,67),(6680,8.0,29,1,67),(6681,8.0,27,1,67),(6682,7.0,26,1,67),(6683,7.3,20,1,67),(6684,8.0,33,1,67),(6685,7.0,48,1,67),(6686,8.6,43,1,74),(6687,7.0,47,1,74),(6688,8.0,46,1,74),(6689,8.9,28,1,74),(6690,8.3,31,1,74),(6691,8.6,30,1,74),(6692,7.8,32,1,74),(6693,7.8,29,1,74),(6694,8.1,27,1,74),(6695,7.0,26,1,74),(6696,9.4,20,1,74),(6697,8.3,33,1,74),(6698,9.0,48,1,74),(6699,7.0,43,1,69),(6700,7.0,47,1,69),(6701,7.4,46,1,69),(6702,7.5,28,1,69),(6703,7.0,31,1,69),(6704,8.6,30,1,69),(6705,8.3,32,1,69),(6706,7.8,29,1,69),(6707,8.5,27,1,69),(6708,7.0,26,1,69),(6709,6.7,20,1,69),(6710,7.0,33,1,69),(6711,6.0,48,1,69),(6712,8.0,43,1,94),(6713,8.0,47,1,94),(6714,8.0,46,1,94),(6715,8.0,28,1,94),(6716,8.0,31,1,94),(6717,8.4,30,1,94),(6718,8.4,32,1,94),(6719,7.0,29,1,94),(6720,8.6,27,1,94),(6721,7.6,26,1,94),(6722,9.1,20,1,94),(6723,8.4,33,1,94),(6724,8.6,48,1,94),(6725,8.2,43,1,79),(6726,8.8,47,1,79),(6727,7.8,46,1,79),(6728,8.4,28,1,79),(6729,8.3,31,1,79),(6730,7.4,30,1,79),(6731,8.3,32,1,79),(6732,7.4,29,1,79),(6733,8.5,27,1,79),(6734,7.5,26,1,79),(6735,8.3,20,1,79),(6736,8.0,33,1,79),(6737,8.3,48,1,79),(6738,7.3,43,1,81),(6739,8.5,47,1,81),(6740,8.0,46,1,81),(6741,8.4,28,1,81),(6742,8.4,31,1,81),(6743,7.7,30,1,81),(6744,7.8,32,1,81),(6745,7.9,29,1,81),(6746,7.6,27,1,81),(6747,7.0,26,1,81),(6748,7.8,20,1,81),(6749,8.3,33,1,81),(6750,7.0,48,1,81),(6751,7.0,43,1,70),(6752,7.7,47,1,70),(6753,7.5,46,1,70),(6754,7.4,28,1,70),(6755,7.8,31,1,70),(6756,7.7,30,1,70),(6757,7.5,32,1,70),(6758,7.7,29,1,70),(6759,8.3,27,1,70),(6760,6.8,26,1,70),(6761,7.2,20,1,70),(6762,7.8,33,1,70),(6763,6.0,48,1,70),(6764,8.2,43,1,84),(6765,8.0,47,1,84),(6766,8.0,46,1,84),(6767,8.4,28,1,84),(6768,7.9,31,1,84),(6769,8.4,30,1,84),(6770,7.7,32,1,84),(6771,7.8,29,1,84),(6772,8.7,27,1,84),(6773,7.0,26,1,84),(6774,7.5,20,1,84),(6775,8.4,33,1,84),(6776,8.8,48,1,84),(6777,8.7,43,1,72),(6778,7.0,47,1,72),(6779,8.0,46,1,72),(6780,8.0,28,1,72),(6781,8.3,31,1,72),(6782,7.6,30,1,72),(6783,8.5,32,1,72),(6784,7.6,29,1,72),(6785,8.3,27,1,72),(6786,7.6,26,1,72),(6787,9.3,20,1,72),(6788,7.4,33,1,72),(6789,8.5,48,1,72),(6790,8.4,43,1,113),(6791,8.0,47,1,113),(6792,7.0,46,1,113),(6793,7.4,28,1,113),(6794,7.4,31,1,113),(6795,8.3,30,1,113),(6796,8.0,32,1,113),(6797,7.7,29,1,113),(6798,8.4,27,1,113),(6799,7.0,26,1,113),(6800,8.0,20,1,113),(6801,7.8,33,1,113),(6802,9.0,48,1,113),(6803,7.0,43,1,80),(6804,7.8,47,1,80),(6805,8.4,46,1,80),(6806,8.0,28,1,80),(6807,7.0,31,1,80),(6808,7.7,30,1,80),(6809,8.0,32,1,80),(6810,7.0,29,1,80),(6811,6.8,27,1,80),(6812,7.0,26,1,80),(6813,7.5,20,1,80),(6814,8.0,33,1,80),(6815,8.3,48,1,80),(6816,8.1,43,1,85),(6817,8.0,47,1,85),(6818,8.0,46,1,85),(6819,8.0,28,1,85),(6820,8.0,31,1,85),(6821,8.4,30,1,85),(6822,8.0,32,1,85),(6823,7.4,29,1,85),(6824,8.0,27,1,85),(6825,7.3,26,1,85),(6826,8.0,20,1,85),(6827,8.0,33,1,85),(6828,8.4,48,1,85),(6829,8.5,43,1,77),(6830,8.8,47,1,77),(6831,8.9,46,1,77),(6832,9.0,28,1,77),(6833,8.7,31,1,77),(6834,7.0,30,1,77),(6835,8.0,32,1,77),(6836,7.8,29,1,77),(6837,9.0,27,1,77),(6838,8.0,26,1,77),(6839,9.0,20,1,77),(6840,8.0,33,1,77),(6841,8.9,48,1,77),(6842,8.7,43,1,75),(6843,8.0,47,1,75),(6844,8.4,46,1,75),(6845,8.6,28,1,75),(6846,8.8,31,1,75),(6847,7.6,30,1,75),(6848,8.0,32,1,75),(6849,7.4,29,1,75),(6850,9.0,27,1,75),(6851,8.0,26,1,75),(6852,9.0,20,1,75),(6853,8.0,33,1,75),(6854,8.6,48,1,75),(6855,7.7,43,1,89),(6856,8.0,47,1,89),(6857,7.0,46,1,89),(6858,8.0,28,1,89),(6859,6.7,31,1,89),(6860,8.0,30,1,89),(6861,7.7,32,1,89),(6862,8.0,29,1,89),(6863,7.8,27,1,89),(6864,7.0,26,1,89),(6865,6.3,20,1,89),(6866,8.0,33,1,89),(6867,6.0,48,1,89),(6868,7.8,43,1,98),(6869,8.0,47,1,98),(6870,7.8,46,1,98),(6871,8.4,28,1,98),(6872,7.8,31,1,98),(6873,8.4,30,1,98),(6874,7.7,32,1,98),(6875,7.7,29,1,98),(6876,8.6,27,1,98),(6877,7.2,26,1,98),(6878,7.2,20,1,98),(6879,8.0,33,1,98),(6880,7.8,48,1,98),(6881,8.7,43,1,92),(6882,8.4,47,1,92),(6883,8.6,46,1,92),(6884,8.9,28,1,92),(6885,8.0,31,1,92),(6886,7.8,30,1,92),(6887,7.6,32,1,92),(6888,8.0,29,1,92),(6889,9.0,27,1,92),(6890,8.0,26,1,92),(6891,9.7,20,1,92),(6892,8.0,33,1,92),(6893,9.0,48,1,92),(6894,7.6,43,1,90),(6895,7.8,47,1,90),(6896,7.5,46,1,90),(6897,7.8,28,1,90),(6898,7.8,31,1,90),(6899,7.4,30,1,90),(6900,8.0,32,1,90),(6901,7.4,29,1,90),(6902,9.0,27,1,90),(6903,7.0,26,1,90),(6904,8.7,20,1,90),(6905,8.2,33,1,90),(6906,7.0,48,1,90),(6907,8.8,43,1,68),(6908,8.8,47,1,68),(6909,8.6,46,1,68),(6910,9.0,28,1,68),(6911,8.5,31,1,68),(6912,8.0,30,1,68),(6913,7.7,32,1,68),(6914,7.8,29,1,68),(6915,9.3,27,1,68),(6916,8.0,26,1,68),(6917,9.0,20,1,68),(6918,8.0,33,1,68),(6919,9.0,48,1,68),(6920,8.5,43,1,93),(6921,8.0,47,1,93),(6922,7.8,46,1,93),(6923,8.0,28,1,93),(6924,8.6,31,1,93),(6925,7.4,30,1,93),(6926,8.0,32,1,93),(6927,7.4,29,1,93),(6928,8.6,27,1,93),(6929,7.7,26,1,93),(6930,9.0,20,1,93),(6931,8.0,33,1,93),(6932,8.0,48,1,93),(6933,8.6,43,1,650),(6934,8.0,47,1,650),(6935,7.4,46,1,650),(6936,7.8,28,1,650),(6937,8.8,31,1,650),(6938,8.0,30,1,650),(6939,8.0,32,1,650),(6940,8.0,29,1,650),(6941,9.0,27,1,650),(6942,7.7,26,1,650),(6943,8.5,20,1,650),(6944,8.0,33,1,650),(6945,8.0,48,1,650),(6946,7.0,43,1,636),(6947,7.0,43,1,545),(6948,6.5,43,1,51),(6949,7.0,47,1,636),(6950,7.0,47,1,545),(6951,6.5,47,1,51),(6952,7.0,46,1,636),(6953,7.0,46,1,545),(6954,6.5,46,1,51),(6955,7.0,28,1,636),(6956,7.0,28,1,545),(6957,7.0,28,1,51),(6958,8.0,31,1,51),(6959,7.0,31,1,545),(6960,7.0,31,1,636),(6961,7.0,30,1,636),(6962,7.0,30,1,545),(6963,8.0,30,1,51),(6964,8.0,32,1,636),(6965,8.0,32,1,545),(6966,8.0,32,1,51),(6967,8.0,29,1,636),(6968,7.0,29,1,545),(6969,8.0,29,1,51),(6970,5.0,27,1,636),(6971,6.5,27,1,545),(6972,5.0,27,1,51),(6973,6.0,26,1,636),(6974,6.0,26,1,545),(6975,6.0,26,1,51),(6976,5.0,20,1,636),(6977,6.5,20,1,545),(6978,5.0,20,1,51),(6979,7.0,33,1,636),(6980,7.0,33,1,545),(6981,6.5,33,1,51),(6982,7.5,48,1,636),(6983,7.0,48,1,545),(6984,8.0,48,1,51),(6985,6.5,43,1,546),(6986,7.0,43,1,62),(6987,7.0,43,1,102),(6988,7.0,43,1,49),(6989,6.5,43,1,47),(6990,6.5,47,1,47),(6991,7.0,47,1,49),(6992,7.0,47,1,102),(6993,7.0,47,1,62),(6994,6.5,47,1,546),(6995,6.5,46,1,47),(6996,7.0,46,1,49),(6997,7.0,46,1,102),(6998,7.0,46,1,62),(6999,6.5,46,1,546),(7000,6.5,28,1,47),(7001,8.0,28,1,49),(7002,7.0,28,1,102),(7003,7.0,28,1,62),(7004,8.0,28,1,546),(7005,7.0,31,1,546),(7006,7.0,31,1,62),(7007,7.0,31,1,102),(7008,7.0,31,1,49),(7009,6.5,31,1,47),(7010,8.0,30,1,47),(7011,8.0,30,1,49),(7012,7.0,30,1,102),(7013,8.0,30,1,62),(7014,8.0,30,1,546),(7015,7.0,32,1,546),(7016,7.5,32,1,62),(7017,7.0,32,1,102),(7018,7.0,32,1,49),(7019,7.0,32,1,47),(7020,8.0,29,1,47),(7021,8.0,29,1,49),(7022,7.0,29,1,102),(7023,8.0,29,1,62),(7024,8.0,29,1,546),(7025,5.0,27,1,47),(7026,6.0,27,1,49),(7027,6.0,27,1,102),(7028,5.0,27,1,62),(7029,5.0,27,1,546),(7032,5.0,20,1,47),(7033,6.0,20,1,49),(7034,6.0,20,1,102),(7035,5.0,20,1,62),(7036,5.0,20,1,546),(7039,8.0,48,1,546),(7040,8.0,48,1,62),(7041,7.0,48,1,102),(7042,8.0,48,1,49),(7043,8.5,48,1,47),(7044,7.0,43,1,547),(7045,7.0,43,1,544),(7046,7.0,43,1,53),(7047,7.0,43,1,662),(7048,7.0,47,1,544),(7049,7.0,47,1,53),(7050,7.5,47,1,662),(7051,7.5,46,1,662),(7052,7.0,46,1,53),(7053,7.0,46,1,544),(7054,8.0,28,1,662),(7055,7.0,28,1,53),(7056,7.0,28,1,544),(7057,7.0,31,1,544),(7058,7.0,31,1,53),(7059,8.0,31,1,662),(7060,8.0,30,1,662),(7061,7.0,30,1,53),(7062,7.0,30,1,544),(7063,7.0,32,1,544),(7064,8.0,32,1,53),(7065,8.0,32,1,662),(7066,8.5,29,1,662),(7067,7.0,29,1,53),(7068,7.0,29,1,544),(7069,6.0,27,1,544),(7070,6.0,27,1,53),(7071,7.0,27,1,662),(7072,7.0,26,1,662),(7073,6.0,26,1,53),(7074,6.0,26,1,544),(7075,7.0,20,1,662),(7076,6.0,20,1,53),(7077,5.0,20,1,544),(7078,7.0,33,1,544),(7079,7.0,33,1,53),(7080,7.0,33,1,662),(7081,7.0,48,1,544),(7082,8.0,48,1,53),(7083,8.5,48,1,662),(7084,7.0,43,1,52),(7085,6.0,43,1,634),(7086,6.0,43,1,635),(7087,7.0,43,1,548),(7088,7.0,47,1,547),(7089,7.0,47,1,52),(7090,6.0,47,1,634),(7091,6.0,47,1,635),(7092,7.0,47,1,548),(7093,7.0,46,1,547),(7094,7.0,46,1,52),(7095,6.0,46,1,634),(7096,6.0,46,1,635),(7097,7.0,46,1,548),(7098,7.0,28,1,547),(7099,8.0,28,1,52),(7100,6.0,28,1,634),(7101,6.0,28,1,635),(7102,7.0,28,1,548),(7103,7.0,31,1,547),(7104,7.0,31,1,52),(7105,6.0,31,1,634),(7106,6.0,31,1,635),(7107,7.0,31,1,548),(7108,7.0,30,1,547),(7109,8.0,30,1,52),(7110,6.0,30,1,634),(7111,6.0,30,1,635),(7112,7.0,30,1,548),(7113,7.0,32,1,547),(7114,7.0,32,1,52),(7115,8.0,32,1,634),(7116,6.0,32,1,635),(7117,7.0,32,1,548),(7118,7.0,29,1,547),(7119,8.0,29,1,52),(7120,8.0,29,1,634),(7121,8.0,29,1,635),(7122,7.0,29,1,548),(7123,6.5,27,1,547),(7124,5.0,27,1,52),(7125,5.0,27,1,634),(7126,5.0,27,1,635),(7127,5.0,27,1,548),(7128,6.0,26,1,547),(7129,6.0,26,1,52),(7130,6.0,26,1,634),(7131,6.0,26,1,635),(7132,6.0,26,1,548),(7133,5.0,20,1,547),(7134,5.0,20,1,52),(7135,5.0,20,1,634),(7136,5.0,20,1,635),(7137,5.0,20,1,548),(7138,7.0,33,1,548),(7139,6.0,33,1,635),(7140,6.0,33,1,634),(7141,6.5,33,1,52),(7142,7.0,33,1,547),(7143,7.0,48,1,548),(7144,7.0,48,1,635),(7145,6.5,48,1,547),(7146,8.0,48,1,52),(7147,7.0,48,1,634),(7148,7.0,43,1,57),(7149,7.0,43,1,550),(7150,7.0,47,1,57),(7151,7.0,47,1,550),(7152,7.0,46,1,57),(7153,7.0,46,1,550),(7154,7.0,28,1,57),(7155,7.0,28,1,550),(7156,7.0,31,1,57),(7157,7.0,31,1,550),(7158,8.0,30,1,550),(7159,7.0,30,1,57),(7160,8.0,32,1,550),(7161,7.0,32,1,57),(7162,8.0,29,1,57),(7163,8.0,29,1,550),(7164,6.0,27,1,550),(7165,5.0,27,1,57),(7166,6.0,26,1,57),(7167,6.0,26,1,550),(7168,5.0,20,1,57),(7169,6.0,20,1,550),(7170,7.0,33,1,550),(7171,7.0,33,1,57),(7172,8.0,48,1,550),(7173,7.5,48,1,59),(7174,7.0,48,1,57),(7175,6.5,43,1,60),(7176,6.5,47,1,60),(7177,7.0,46,1,60),(7178,7.0,28,1,60),(7179,7.0,31,1,60),(7180,8.0,30,1,60),(7181,7.0,32,1,60),(7182,8.0,29,1,60),(7183,5.0,27,1,60),(7184,6.0,26,1,60),(7185,5.0,20,1,60),(7186,7.0,33,1,60),(7187,8.0,48,1,60),(7188,6.0,26,1,102),(7189,7.0,33,1,102),(7190,7.0,33,1,546),(7191,6.0,26,1,546),(7192,6.0,26,1,47),(7193,6.5,33,1,47),(7194,7.0,33,1,49),(7195,6.0,26,1,49),(7196,5.0,26,1,62),(7197,7.0,33,1,62),(7198,6.0,43,1,477),(7199,6.0,43,1,641),(7200,6.0,43,1,642),(7201,6.0,43,1,484),(7202,6.0,47,1,484),(7203,6.0,47,1,642),(7204,6.0,47,1,641),(7205,6.0,47,1,477),(7206,6.0,46,1,484),(7207,6.0,46,1,642),(7208,6.0,46,1,641),(7209,6.0,46,1,477),(7210,6.0,28,1,484),(7211,6.0,28,1,642),(7212,6.0,28,1,641),(7213,6.0,28,1,477),(7214,7.0,31,1,477),(7215,6.0,31,1,641),(7216,7.0,31,1,642),(7217,7.0,31,1,484),(7218,6.5,30,1,477),(7219,7.0,30,1,642),(7220,6.0,30,1,641),(7221,6.0,30,1,484),(7222,7.0,32,1,477),(7223,6.0,32,1,641),(7224,7.0,32,1,642),(7225,7.0,32,1,484),(7226,6.0,29,1,484),(7227,6.0,29,1,642),(7228,6.0,29,1,641),(7229,6.0,29,1,477),(7230,4.0,27,1,484),(7231,4.0,27,1,642),(7232,3.0,27,1,641),(7233,5.0,27,1,477),(7234,6.0,26,1,484),(7235,6.0,26,1,642),(7236,6.0,26,1,641),(7237,6.0,26,1,477),(7238,5.0,20,1,477),(7239,4.0,20,1,641),(7240,4.0,20,1,642),(7241,4.0,20,1,484),(7242,6.0,33,1,477),(7243,6.0,33,1,641),(7244,6.0,33,1,642),(7245,6.0,33,1,484),(7246,10.0,48,1,477),(7247,9.0,48,1,641),(7248,10.0,48,1,484),(7249,8.0,48,1,642),(7250,6.0,43,1,640),(7251,6.5,43,1,482),(7252,6.5,43,1,491),(7253,6.0,43,1,488),(7254,6.0,47,1,640),(7255,6.5,47,1,482),(7256,6.5,47,1,491),(7257,6.0,47,1,488),(7258,6.0,46,1,640),(7259,6.5,46,1,482),(7260,6.5,46,1,491),(7261,6.0,46,1,488),(7262,6.0,28,1,640),(7263,6.5,28,1,482),(7264,6.5,28,1,491),(7265,6.0,28,1,488),(7266,6.0,31,1,640),(7267,7.0,31,1,482),(7268,7.0,31,1,491),(7269,7.5,31,1,488),(7270,6.0,30,1,640),(7271,7.5,30,1,482),(7272,6.5,30,1,491),(7273,6.0,30,1,488),(7274,6.0,32,1,640),(7275,7.5,32,1,482),(7276,7.5,32,1,491),(7277,7.0,32,1,488),(7278,6.0,29,1,640),(7279,6.5,29,1,482),(7280,6.0,29,1,491),(7281,6.0,29,1,488),(7282,4.0,27,1,640),(7283,7.0,27,1,482),(7284,5.0,27,1,491),(7285,6.5,27,1,488),(7286,6.0,26,1,640),(7287,6.5,26,1,482),(7288,6.0,26,1,491),(7289,6.0,26,1,488),(7290,4.0,20,1,640),(7291,6.0,20,1,482),(7292,5.0,20,1,491),(7293,7.0,20,1,488),(7294,6.0,33,1,640),(7295,6.0,33,1,482),(7296,6.0,33,1,491),(7297,6.0,33,1,488),(7298,10.0,48,1,640),(7299,10.0,48,1,482),(7300,10.0,48,1,491),(7301,10.0,48,1,488),(7302,6.5,43,1,485),(7303,6.0,43,1,489),(7304,6.5,43,1,497),(7305,6.0,43,1,483),(7306,6.5,43,1,639),(7307,6.5,47,1,485),(7308,6.0,47,1,489),(7309,6.5,47,1,497),(7310,6.0,47,1,483),(7311,6.5,47,1,639),(7312,6.5,46,1,485),(7313,6.0,46,1,489),(7314,6.5,46,1,497),(7315,6.0,46,1,483),(7316,6.5,46,1,639),(7317,6.5,28,1,639),(7318,6.0,28,1,483),(7319,6.0,28,1,497),(7320,6.0,28,1,489),(7321,6.5,28,1,485),(7322,7.0,31,1,485),(7323,6.0,31,1,489),(7324,6.0,31,1,497),(7325,6.5,31,1,483),(7326,7.0,31,1,639),(7327,7.0,30,1,485),(7328,6.0,30,1,489),(7329,6.0,30,1,497),(7330,6.0,30,1,483),(7331,7.5,30,1,639),(7332,7.5,32,1,485),(7333,7.0,32,1,489),(7334,6.0,32,1,497),(7335,6.0,32,1,483),(7336,7.0,32,1,639),(7337,6.5,29,1,485),(7338,6.0,29,1,489),(7339,6.0,29,1,497),(7340,6.0,29,1,483),(7341,6.8,29,1,639),(7342,7.0,27,1,485),(7343,6.0,27,1,489),(7344,5.0,27,1,497),(7345,6.0,27,1,483),(7346,8.0,27,1,639),(7347,6.0,26,1,485),(7348,6.5,26,1,489),(7349,6.0,26,1,497),(7350,6.0,26,1,483),(7351,6.0,26,1,639),(7352,6.0,20,1,485),(7353,7.0,20,1,489),(7354,5.0,20,1,497),(7355,6.0,20,1,483),(7356,6.5,20,1,639),(7357,6.0,33,1,485),(7358,6.0,33,1,489),(7359,6.5,33,1,497),(7360,6.0,33,1,483),(7361,6.5,33,1,639),(7362,8.0,48,1,485),(7363,9.0,48,1,489),(7364,10.0,48,1,497),(7365,10.0,48,1,483),(7366,9.0,48,1,639),(7367,6.5,43,1,496),(7368,6.0,43,1,492),(7369,6.5,43,1,495),(7370,6.5,43,1,486),(7371,6.0,43,1,637),(7372,6.5,47,1,496),(7373,6.0,47,1,492),(7374,6.5,47,1,495),(7375,6.5,47,1,486),(7376,6.0,47,1,637),(7377,6.5,46,1,496),(7378,6.0,46,1,492),(7379,6.5,46,1,495),(7380,6.5,46,1,486),(7381,6.0,46,1,637),(7382,6.5,28,1,496),(7383,6.0,28,1,492),(7384,6.5,28,1,495),(7385,6.5,28,1,486),(7386,6.0,28,1,637),(7387,7.0,31,1,496),(7388,6.0,31,1,492),(7389,7.0,31,1,495),(7390,7.5,31,1,486),(7391,6.0,31,1,637),(7392,6.0,30,1,637),(7393,7.0,30,1,486),(7394,7.0,30,1,495),(7395,6.0,30,1,492),(7396,7.5,30,1,496),(7397,7.0,32,1,496),(7398,7.0,32,1,492),(7399,7.5,32,1,495),(7400,7.5,32,1,486),(7401,6.0,32,1,637),(7402,6.0,29,1,496),(7403,6.0,29,1,492),(7404,7.0,29,1,495),(7405,6.5,29,1,486),(7406,6.0,29,1,637),(7407,8.0,27,1,496),(7408,5.0,27,1,492),(7409,7.0,27,1,495),(7410,7.0,27,1,486),(7411,6.0,27,1,637),(7412,6.5,26,1,496),(7413,6.0,26,1,492),(7414,6.5,26,1,495),(7415,6.5,26,1,486),(7416,6.0,26,1,637),(7417,8.0,20,1,496),(7418,5.0,20,1,492),(7419,8.0,20,1,495),(7420,7.0,20,1,486),(7421,5.0,20,1,637),(7422,6.0,33,1,496),(7423,6.0,33,1,492),(7424,6.0,33,1,495),(7425,6.0,33,1,486),(7426,6.0,33,1,637),(7427,9.5,48,1,496),(7428,10.0,48,1,492),(7429,10.0,48,1,495),(7430,10.0,48,1,486),(7431,10.0,48,1,637),(7432,6.0,43,1,78),(7433,6.0,43,1,493),(7434,6.0,43,1,61),(7435,6.0,43,1,490),(7436,6.5,43,1,487),(7437,6.8,47,1,487),(7438,6.0,47,1,490),(7439,6.0,47,1,61),(7440,6.0,47,1,493),(7441,6.0,47,1,78),(7442,6.0,46,1,78),(7443,6.0,46,1,493),(7444,6.0,46,1,61),(7445,6.0,46,1,490),(7446,6.5,46,1,487),(7447,6.0,28,1,78),(7448,6.0,28,1,493),(7449,6.0,28,1,61),(7450,6.0,28,1,490),(7451,6.0,28,1,487),(7452,7.0,31,1,78),(7453,6.0,31,1,493),(7454,6.0,31,1,61),(7455,6.0,31,1,490),(7456,7.0,31,1,487),(7457,7.0,30,1,78),(7458,6.0,30,1,493),(7459,6.0,30,1,61),(7460,6.0,30,1,490),(7461,7.0,30,1,487),(7462,7.5,32,1,78),(7463,6.0,32,1,493),(7464,6.0,32,1,61),(7465,7.0,32,1,490),(7466,7.0,32,1,487),(7467,6.5,29,1,78),(7468,7.0,29,1,493),(7469,6.0,29,1,61),(7470,6.0,29,1,490),(7471,7.0,29,1,487),(7472,5.0,27,1,78),(7473,5.0,27,1,493),(7474,5.0,27,1,61),(7475,6.0,27,1,490),(7476,8.0,27,1,487),(7477,6.0,26,1,78),(7478,6.0,26,1,493),(7479,6.0,26,1,61),(7480,6.0,26,1,490),(7481,6.5,26,1,487),(7482,7.0,20,1,78),(7483,5.0,20,1,493),(7484,5.0,20,1,61),(7485,6.0,20,1,490),(7486,8.0,20,1,487),(7487,6.0,33,1,78),(7488,6.0,33,1,493),(7489,6.0,33,1,61),(7490,6.0,33,1,490),(7491,6.5,33,1,487),(7492,10.0,48,1,78),(7493,10.0,48,1,493),(7494,10.0,48,1,61),(7495,10.0,48,1,490),(7496,10.0,48,1,487),(7497,6.5,43,1,651),(7498,6.0,43,1,479),(7499,6.5,43,1,652),(7500,6.0,43,1,481),(7501,6.0,47,1,481),(7502,6.5,47,1,652),(7503,6.0,47,1,479),(7504,6.5,47,1,651),(7505,6.0,46,1,651),(7506,6.0,46,1,479),(7507,6.8,46,1,652),(7508,6.0,46,1,481),(7509,6.0,28,1,651),(7510,6.0,28,1,479),(7511,6.5,28,1,652),(7512,6.0,28,1,481),(7513,7.0,31,1,651),(7514,7.0,31,1,479),(7515,7.5,31,1,652),(7516,6.0,31,1,481),(7517,7.0,30,1,651),(7518,7.0,30,1,479),(7519,7.0,30,1,652),(7520,6.0,30,1,481),(7521,7.0,32,1,651),(7522,7.0,32,1,479),(7523,7.0,32,1,652),(7524,6.5,32,1,481),(7525,6.0,29,1,651),(7526,6.5,29,1,479),(7527,7.0,29,1,652),(7528,6.5,29,1,481),(7529,6.0,27,1,481),(7530,8.0,27,1,652),(7531,6.0,27,1,479),(7532,6.0,27,1,651),(7533,6.0,26,1,651),(7534,5.0,26,1,479),(7535,6.0,26,1,652),(7536,6.0,26,1,481),(7537,6.0,20,1,651),(7538,6.0,20,1,479),(7539,8.0,20,1,652),(7540,6.5,20,1,481),(7541,6.0,33,1,481),(7542,6.0,33,1,652),(7543,6.0,33,1,479),(7544,6.0,33,1,651),(7545,10.0,48,1,651),(7546,10.0,48,1,479),(7547,10.0,48,1,652),(7548,10.0,48,1,481),(7549,8.0,43,1,111),(7550,6.5,43,1,118),(7551,7.0,43,1,110),(7552,6.0,43,1,99),(7553,5.0,43,1,653),(7554,8.0,47,1,111),(7555,6.0,47,1,118),(7556,6.5,47,1,110),(7557,6.0,47,1,99),(7558,6.0,47,1,653),(7559,8.0,46,1,111),(7560,6.5,46,1,118),(7561,6.5,46,1,110),(7562,6.0,46,1,99),(7563,6.0,46,1,653),(7564,8.5,28,1,111),(7565,6.0,28,1,118),(7566,6.0,28,1,110),(7567,6.0,28,1,99),(7568,5.0,28,1,653),(7569,7.5,31,1,111),(7570,7.5,31,1,118),(7571,8.0,31,1,110),(7572,7.5,31,1,99),(7573,7.0,31,1,653),(7574,8.0,30,1,111),(7575,7.0,30,1,118),(7576,7.0,30,1,110),(7577,6.5,30,1,99),(7578,6.0,30,1,653),(7579,8.0,32,1,111),(7580,8.0,32,1,118),(7581,8.0,32,1,110),(7582,7.5,32,1,99),(7583,6.5,32,1,653),(7584,8.5,29,1,111),(7585,6.5,29,1,118),(7586,7.0,29,1,110),(7587,6.5,29,1,99),(7588,5.0,29,1,653),(7589,9.0,27,1,111),(7590,7.0,27,1,118),(7591,6.5,27,1,110),(7592,5.0,27,1,99),(7593,5.0,27,1,653),(7594,8.0,26,1,111),(7595,6.0,26,1,118),(7596,6.5,26,1,110),(7597,6.0,26,1,99),(7598,5.0,26,1,653),(7599,8.8,20,1,111),(7600,7.0,20,1,118),(7601,6.5,20,1,110),(7602,6.0,20,1,99),(7603,5.0,20,1,653),(7604,8.0,33,1,111),(7605,6.5,33,1,118),(7606,6.5,33,1,110),(7607,6.5,33,1,99),(7608,6.0,33,1,653),(7609,7.0,48,1,111),(7610,8.0,48,1,118),(7611,8.0,48,1,110),(7612,7.0,48,1,99),(7613,7.0,48,1,653),(7614,7.0,43,1,100),(7615,8.0,43,1,112),(7616,7.5,43,1,107),(7617,3.0,43,1,104),(7618,7.5,43,1,654),(7619,7.0,47,1,100),(7620,7.0,47,1,112),(7621,7.5,47,1,107),(7622,5.0,47,1,104),(7623,7.0,47,1,654),(7624,6.5,46,1,100),(7625,7.5,46,1,112),(7626,6.5,46,1,107),(7627,5.0,46,1,104),(7628,7.0,46,1,654),(7629,6.5,28,1,100),(7630,7.5,28,1,112),(7631,7.8,28,1,107),(7632,3.0,28,1,104),(7633,7.5,28,1,654),(7634,8.0,31,1,100),(7635,7.5,31,1,112),(7636,8.0,31,1,107),(7637,6.0,31,1,104),(7638,8.5,31,1,654),(7639,8.0,30,1,654),(7640,4.0,30,1,104),(7641,7.0,30,1,107),(7642,7.5,30,1,112),(7643,6.5,30,1,100),(7644,7.5,32,1,100),(7645,8.0,32,1,112),(7646,7.5,32,1,107),(7647,7.0,32,1,104),(7648,7.0,32,1,654),(7649,7.0,29,1,100),(7650,7.5,29,1,112),(7651,7.5,29,1,107),(7652,6.0,29,1,104),(7653,7.5,29,1,654),(7654,6.5,27,1,100),(7655,7.5,27,1,112),(7656,7.0,27,1,107),(7657,3.0,27,1,104),(7658,8.0,27,1,654),(7659,7.0,26,1,100),(7660,7.8,26,1,112),(7661,7.0,26,1,107),(7662,3.0,26,1,104),(7663,7.0,26,1,654),(7664,6.5,20,1,100),(7665,7.5,20,1,112),(7666,7.0,20,1,107),(7667,3.0,20,1,104),(7668,8.0,20,1,654),(7669,7.5,33,1,654),(7670,4.0,33,1,104),(7671,7.0,33,1,107),(7672,7.0,33,1,112),(7673,7.0,33,1,100),(7674,10.0,48,1,654),(7675,6.0,48,1,104),(7676,7.0,48,1,107),(7677,6.5,48,1,112),(7678,7.0,48,1,100),(7679,6.0,48,1,119),(7680,6.0,48,1,105),(7681,8.0,48,1,106),(7682,7.5,48,1,117),(7683,8.0,48,1,655),(7684,5.0,43,1,655),(7685,6.5,43,1,117),(7686,7.5,43,1,106),(7687,5.0,43,1,105),(7688,5.0,43,1,119),(7689,5.0,47,1,119),(7690,5.0,47,1,105),(7691,8.0,47,1,106),(7692,6.0,47,1,117),(7693,6.0,47,1,655),(7694,6.0,46,1,655),(7695,6.0,46,1,117),(7696,8.0,46,1,106),(7697,5.0,46,1,105),(7698,5.0,46,1,119),(7699,6.0,28,1,655),(7700,6.0,28,1,117),(7701,8.0,28,1,106),(7702,6.0,28,1,105),(7703,6.0,28,1,119),(7704,7.0,31,1,119),(7705,7.0,31,1,105),(7706,8.5,31,1,106),(7707,7.5,31,1,117),(7708,7.5,31,1,655),(7709,6.0,30,1,119),(7710,6.0,30,1,105),(7711,8.0,30,1,106),(7712,6.5,30,1,117),(7713,7.0,30,1,655),(7714,8.0,32,1,119),(7715,7.5,32,1,105),(7716,8.0,32,1,106),(7717,7.0,32,1,117),(7718,7.0,32,1,655),(7719,6.0,29,1,119),(7720,6.0,29,1,105),(7721,8.5,29,1,106),(7722,6.0,29,1,117),(7723,6.0,29,1,655),(7724,5.0,27,1,119),(7725,5.0,27,1,105),(7726,8.0,27,1,106),(7727,5.0,27,1,117),(7728,5.0,27,1,655),(7729,5.0,26,1,655),(7730,6.5,26,1,117),(7731,7.5,26,1,106),(7732,6.0,26,1,105),(7733,6.0,26,1,119),(7734,6.0,33,1,119),(7735,6.0,33,1,105),(7736,7.8,33,1,106),(7737,6.0,33,1,117),(7738,6.0,33,1,655),(7739,8.0,43,1,101),(7740,3.0,43,1,103),(7741,3.0,43,1,109),(7742,6.0,43,1,114),(7743,8.5,47,1,101),(7744,3.0,47,1,103),(7745,6.0,47,1,109),(7746,6.0,47,1,114),(7747,6.0,46,1,114),(7748,6.0,46,1,109),(7749,3.0,46,1,103),(7750,8.0,46,1,101),(7751,8.5,28,1,101),(7752,2.0,28,1,103),(7753,4.0,28,1,109),(7754,6.0,28,1,114),(7755,8.0,31,1,114),(7756,6.0,31,1,109),(7757,6.0,31,1,103),(7758,9.0,31,1,101),(7759,8.0,30,1,101),(7760,3.0,30,1,103),(7761,5.0,30,1,109),(7762,6.0,30,1,114),(7763,8.0,32,1,101),(7764,7.5,32,1,103),(7765,7.5,32,1,109),(7766,7.0,32,1,114),(7767,8.5,29,1,101),(7768,5.0,29,1,103),(7769,6.0,29,1,109),(7770,6.0,29,1,114),(7771,8.5,27,1,101),(7772,4.0,27,1,103),(7773,4.0,27,1,109),(7774,5.0,27,1,114),(7775,5.0,26,1,114),(7776,4.0,26,1,109),(7777,3.0,26,1,103),(7778,8.0,26,1,101),(7779,8.5,20,1,101),(7780,5.0,20,1,103),(7781,5.0,20,1,109),(7782,6.0,20,1,114),(7783,8.0,33,1,101),(7784,4.0,33,1,103),(7785,6.0,33,1,109),(7786,6.0,33,1,114),(7787,8.0,48,1,101),(7788,6.0,48,1,103),(7789,6.0,48,1,109),(7790,6.5,48,1,114),(7791,7.0,48,1,115),(7792,6.0,48,1,656),(7793,6.0,48,1,121),(7794,7.0,48,1,116),(7795,8.0,48,1,657),(7796,6.0,43,1,115),(7797,6.0,43,1,656),(7798,5.0,43,1,121),(7799,6.0,43,1,116),(7800,6.0,43,1,657),(7801,6.0,47,1,115),(7802,6.0,47,1,656),(7803,5.0,47,1,121),(7804,5.0,47,1,116),(7805,6.0,47,1,657),(7806,6.0,46,1,115),(7807,6.5,46,1,656),(7808,5.0,46,1,121),(7809,5.0,46,1,116),(7810,6.0,46,1,657),(7811,6.0,28,1,115),(7812,6.0,28,1,656),(7813,5.0,28,1,121),(7814,6.0,28,1,116),(7815,6.0,28,1,657),(7816,7.0,31,1,657),(7817,7.5,31,1,116),(7818,6.5,31,1,121),(7819,7.0,31,1,656),(7820,7.0,31,1,115),(7821,6.0,30,1,115),(7822,6.0,30,1,656),(7823,6.0,30,1,121),(7824,6.0,30,1,116),(7825,6.0,30,1,657),(7826,7.0,32,1,115),(7827,8.0,32,1,656),(7828,7.5,32,1,121),(7829,7.0,32,1,116),(7830,6.5,32,1,657),(7831,6.5,29,1,115),(7832,6.0,29,1,656),(7833,6.0,29,1,121),(7834,6.0,29,1,116),(7835,6.0,29,1,657),(7836,6.0,27,1,115),(7837,6.5,27,1,656),(7838,5.0,27,1,121),(7839,5.0,27,1,116),(7840,5.0,27,1,657),(7841,6.5,26,1,115),(7842,6.0,26,1,656),(7843,5.0,26,1,121),(7844,6.0,26,1,116),(7845,6.0,26,1,657),(7846,6.0,20,1,115),(7847,6.5,20,1,656),(7848,5.0,20,1,121),(7849,6.0,20,1,116),(7850,6.5,20,1,657),(7851,6.0,33,1,115),(7852,6.5,33,1,656),(7853,6.0,33,1,121),(7854,6.0,33,1,116),(7855,6.0,33,1,657),(7856,8.5,43,1,122),(7857,7.0,43,1,108),(7858,7.0,43,1,120),(7859,8.5,47,1,122),(7860,7.0,47,1,108),(7861,7.0,47,1,120),(7862,9.0,46,1,122),(7863,6.5,46,1,108),(7864,6.5,46,1,120),(7865,8.5,28,1,122),(7866,6.5,28,1,108),(7867,6.5,28,1,120),(7868,9.5,31,1,122),(7869,7.5,31,1,108),(7870,8.0,31,1,120),(7871,9.0,30,1,122),(7872,7.5,30,1,108),(7873,7.5,30,1,120),(7874,7.0,32,1,122),(7875,8.0,32,1,108),(7876,8.0,32,1,120),(7877,9.0,29,1,122),(7878,7.0,29,1,108),(7879,7.0,29,1,120),(7880,8.5,27,1,122),(7881,7.0,27,1,108),(7882,7.0,27,1,120),(7883,8.9,26,1,122),(7884,6.5,26,1,108),(7885,7.0,26,1,120),(7886,8.8,20,1,122),(7887,7.0,20,1,108),(7888,6.5,20,1,120),(7889,8.9,33,1,122),(7890,6.5,33,1,108),(7891,7.0,33,1,120),(7892,10.0,48,1,122),(7893,6.0,48,1,108),(7894,7.0,48,1,120),(7895,8.0,43,1,658),(7896,7.5,43,1,124),(7897,7.0,43,1,143),(7898,7.7,47,1,658),(7899,6.6,47,1,124),(7900,6.5,47,1,143),(7901,6.6,46,1,658),(7902,6.7,46,1,124),(7903,7.0,46,1,143),(7904,8.0,28,1,143),(7905,8.5,28,1,124),(7906,8.6,28,1,658),(7907,7.5,31,1,143),(7908,7.0,31,1,124),(7909,8.3,31,1,658),(7910,8.0,30,1,658),(7911,8.1,30,1,124),(7912,8.2,30,1,143),(7913,8.0,32,1,658),(7914,8.1,32,1,124),(7915,8.0,32,1,143),(7916,7.5,29,1,143),(7917,7.3,29,1,124),(7918,7.5,29,1,658),(7919,8.2,27,1,143),(7920,7.5,27,1,124),(7921,8.3,27,1,658),(7922,6.7,26,1,143),(7923,6.5,26,1,124),(7924,6.0,26,1,658),(7925,7.0,20,1,143),(7926,7.5,20,1,124),(7927,7.5,20,1,658),(7928,7.0,33,1,658),(7929,7.3,33,1,124),(7930,7.4,33,1,143),(7931,9.0,48,1,143),(7932,8.0,48,1,124),(7933,9.0,48,1,658),(7934,6.5,43,1,138),(7935,8.0,43,1,135),(7936,6.6,43,1,126),(7937,6.3,47,1,126),(7938,8.4,47,1,135),(7939,6.0,47,1,138),(7940,6.6,46,1,138),(7941,7.5,46,1,135),(7942,6.7,46,1,126),(7943,7.5,28,1,138),(7944,8.1,28,1,135),(7945,8.4,31,1,138),(7946,8.0,31,1,135),(7947,8.2,31,1,126),(7948,8.2,29,1,138),(7949,8.1,29,1,135),(7950,8.0,29,1,126),(7951,7.4,32,1,126),(7952,8.0,32,1,135),(7953,8.0,32,1,138),(7954,6.5,27,1,126),(7955,7.5,27,1,135),(7956,5.0,27,1,138),(7957,6.3,26,1,126),(7958,6.4,26,1,135),(7959,6.0,26,1,138),(7960,6.0,20,1,126),(7961,6.5,20,1,135),(7962,5.0,20,1,138),(7963,7.4,33,1,138),(7964,7.0,33,1,135),(7965,7.1,33,1,126),(7966,8.5,48,1,126),(7967,9.0,48,1,135),(7968,6.0,48,1,138),(7969,6.0,43,1,145),(7970,8.7,43,1,151),(7971,6.0,47,1,145),(7972,7.0,47,1,151),(7973,6.5,46,1,145),(7974,6.7,46,1,151),(7975,8.6,28,1,151),(7976,7.0,28,1,145),(7977,7.0,31,1,145),(7978,8.3,31,1,151),(7979,7.6,30,1,145),(7980,8.5,30,1,151),(7981,8.0,32,1,151),(7982,7.0,32,1,145),(7983,7.6,29,1,151),(7984,7.0,29,1,145),(7985,5.0,27,1,145),(7986,8.0,27,1,151),(7987,7.0,26,1,151),(7988,6.0,26,1,145),(7989,5.0,20,1,145),(7990,7.5,20,1,151),(7991,6.6,33,1,145),(7992,7.3,33,1,151),(7993,9.0,48,1,145),(7994,9.0,48,1,151),(7995,8.5,43,1,153),(7996,6.0,43,1,144),(7997,6.0,43,1,136),(7998,7.0,47,1,153),(7999,6.3,47,1,144),(8000,7.0,47,1,136),(8001,6.2,46,1,136),(8002,6.5,46,1,144),(8003,8.0,46,1,153),(8004,8.0,28,1,153),(8005,7.0,28,1,144),(8006,6.5,28,1,136),(8007,8.5,31,1,153),(8008,7.0,31,1,144),(8009,7.0,31,1,136),(8010,6.4,30,1,136),(8011,8.3,30,1,153),(8012,7.2,30,1,144),(8013,8.4,32,1,153),(8014,8.0,32,1,144),(8015,7.6,32,1,136),(8016,7.5,29,1,153),(8017,7.0,29,1,144),(8018,6.6,29,1,136),(8019,7.5,27,1,153),(8020,6.6,27,1,144),(8021,6.0,27,1,136),(8022,7.3,26,1,153),(8023,6.5,26,1,144),(8024,6.0,26,1,136),(8025,8.0,20,1,153),(8026,6.0,20,1,144),(8027,5.0,20,1,136),(8028,7.6,33,1,153),(8029,7.0,33,1,144),(8030,6.6,33,1,136),(8031,6.0,48,1,136),(8032,6.0,48,1,144),(8033,8.5,48,1,153),(8034,6.5,43,1,127),(8035,6.0,47,1,127),(8036,6.0,46,1,127),(8037,7.0,28,1,127),(8038,7.4,31,1,127),(8039,7.6,30,1,127),(8040,8.0,32,1,127),(8041,7.0,29,1,127),(8042,5.0,27,1,127),(8043,6.0,26,1,127),(8044,5.0,20,1,127),(8045,6.5,33,1,127),(8046,9.0,48,1,127),(8047,7.0,43,1,132),(8048,7.0,43,1,129),(8049,6.4,47,1,132),(8050,6.5,47,1,129),(8051,7.4,46,1,132),(8052,7.5,46,1,129),(8053,8.6,28,1,132),(8054,8.5,28,1,129),(8055,7.0,31,1,132),(8056,8.4,31,1,129),(8057,8.0,30,1,129),(8058,8.3,30,1,132),(8059,8.5,32,1,129),(8060,7.4,32,1,132),(8061,7.7,29,1,132),(8062,8.0,29,1,129),(8063,6.5,27,1,132),(8064,7.0,27,1,129),(8065,7.0,26,1,129),(8066,6.3,26,1,132),(8067,5.0,20,1,132),(8068,7.5,20,1,129),(8069,7.6,33,1,129),(8070,6.4,33,1,132),(8071,9.0,48,1,132),(8072,8.0,48,1,129),(8073,7.5,43,1,133),(8074,7.0,43,1,134),(8075,7.0,43,1,125),(8076,8.0,43,1,131),(8077,7.0,47,1,133),(8078,6.6,47,1,134),(8079,6.3,47,1,125),(8080,7.7,47,1,131),(8081,6.4,46,1,133),(8082,6.0,46,1,134),(8083,6.0,46,1,125),(8084,6.5,46,1,131),(8085,7.8,28,1,133),(8086,7.5,28,1,134),(8087,7.6,28,1,125),(8088,8.7,28,1,131),(8089,7.5,31,1,133),(8090,7.0,31,1,134),(8091,7.7,31,1,125),(8092,8.5,31,1,131),(8093,8.0,30,1,133),(8094,7.7,30,1,134),(8095,7.4,30,1,125),(8096,8.0,30,1,131),(8097,7.0,32,1,133),(8098,8.0,32,1,134),(8099,7.2,32,1,125),(8100,8.5,32,1,131),(8101,7.5,29,1,131),(8102,7.5,29,1,125),(8103,8.5,29,1,134),(8104,7.3,29,1,133),(8105,7.3,27,1,133),(8106,6.5,27,1,134),(8107,6.0,27,1,125),(8108,7.6,27,1,131),(8109,6.6,26,1,133),(8110,7.0,26,1,134),(8111,6.0,26,1,125),(8112,7.0,26,1,131),(8113,6.6,20,1,133),(8114,7.7,20,1,134),(8115,5.0,20,1,125),(8116,7.0,20,1,131),(8117,7.0,33,1,133),(8118,7.5,33,1,134),(8119,6.5,33,1,125),(8120,7.2,33,1,131),(8121,8.4,48,1,133),(8122,8.3,48,1,134),(8123,7.6,48,1,125),(8124,9.0,48,1,131),(8125,6.5,43,1,130),(8126,8.0,43,1,137),(8127,7.0,43,1,162),(8128,8.6,43,1,128),(8129,6.0,47,1,130),(8130,7.0,47,1,137),(8131,7.2,47,1,162),(8132,7.0,47,1,128),(8133,6.3,46,1,130),(8134,6.5,46,1,137),(8135,6.0,46,1,162),(8136,7.6,46,1,128),(8137,7.7,28,1,130),(8138,7.6,28,1,137),(8139,8.0,28,1,162),(8140,8.0,28,1,128),(8141,7.0,31,1,130),(8142,8.4,31,1,137),(8143,8.5,31,1,162),(8144,9.5,31,1,128),(8145,8.3,30,1,128),(8146,8.2,30,1,162),(8147,7.3,30,1,137),(8148,8.0,30,1,130),(8149,7.4,32,1,130),(8150,8.0,32,1,137),(8151,8.0,32,1,162),(8152,8.0,32,1,128),(8153,8.0,29,1,128),(8154,7.4,29,1,162),(8155,8.5,29,1,137),(8156,7.6,29,1,130),(8157,6.0,27,1,130),(8158,7.2,27,1,137),(8159,6.4,27,1,162),(8160,7.4,27,1,128),(8161,6.5,26,1,130),(8162,7.0,26,1,137),(8163,6.8,26,1,162),(8164,7.5,26,1,128),(8165,6.0,20,1,130),(8166,7.0,20,1,137),(8167,7.5,20,1,162),(8168,6.5,20,1,128),(8169,6.4,33,1,130),(8170,7.6,33,1,137),(8171,6.6,33,1,162),(8172,7.5,33,1,128),(8173,9.0,48,1,130),(8174,6.0,48,1,137),(8175,9.0,48,1,162),(8176,8.0,48,1,128),(8177,8.0,30,1,126),(8178,7.3,28,1,126),(8179,8.2,30,1,138),(8180,8.1,30,1,135),(8181,6.0,47,1,156),(8182,6.0,47,1,173),(8183,7.5,47,1,159),(8184,6.0,47,1,165),(8185,6.0,47,1,174),(8186,6.5,46,1,156),(8187,7.0,46,1,173),(8188,7.8,46,1,159),(8189,6.5,46,1,165),(8190,6.0,46,1,174),(8191,7.0,28,1,156),(8192,7.5,28,1,173),(8193,8.0,28,1,159),(8194,7.0,28,1,165),(8195,7.0,28,1,174),(8196,7.0,31,1,156),(8197,8.0,31,1,173),(8198,9.0,31,1,159),(8199,8.5,31,1,165),(8200,8.0,31,1,174),(8201,6.5,30,1,156),(8202,9.5,30,1,173),(8203,8.5,30,1,159),(8204,6.0,30,1,165),(8205,6.5,30,1,174),(8206,9.0,32,1,156),(8207,9.0,32,1,173),(8208,9.0,32,1,159),(8209,9.0,32,1,165),(8210,8.5,32,1,174),(8211,7.5,29,1,156),(8212,8.0,29,1,173),(8213,8.5,29,1,159),(8214,8.0,29,1,165),(8215,6.0,29,1,174),(8216,5.0,27,1,156),(8217,6.5,27,1,173),(8218,9.0,27,1,159),(8219,5.0,27,1,165),(8220,5.0,27,1,174),(8221,6.0,26,1,174),(8222,6.0,26,1,165),(8223,7.0,26,1,159),(8224,6.0,26,1,173),(8225,6.0,26,1,156),(8226,5.0,20,1,156),(8227,5.0,20,1,173),(8228,9.5,20,1,159),(8229,5.0,20,1,165),(8230,6.0,20,1,174),(8231,7.0,33,1,174),(8232,7.0,33,1,165),(8233,7.0,33,1,159),(8234,6.0,33,1,173),(8235,6.5,33,1,156),(8236,8.0,48,1,156),(8237,9.0,48,1,173),(8238,9.0,48,1,159),(8239,9.5,48,1,165),(8240,8.0,48,1,174),(8241,7.0,43,1,156),(8242,7.0,43,1,173),(8243,8.5,43,1,159),(8244,6.5,43,1,165),(8245,6.0,43,1,174),(8246,6.0,47,1,168),(8247,6.5,47,1,170),(8248,7.0,47,1,158),(8249,7.0,47,1,164),(8250,6.5,47,1,157),(8251,6.5,46,1,164),(8252,6.0,46,1,158),(8253,6.0,46,1,170),(8254,6.5,46,1,168),(8255,6.0,46,1,157),(8256,7.0,28,1,157),(8257,7.0,28,1,168),(8258,7.5,28,1,170),(8259,6.5,28,1,158),(8260,7.5,28,1,164),(8261,7.0,31,1,157),(8262,8.0,31,1,168),(8263,9.0,31,1,170),(8264,7.5,31,1,158),(8265,8.0,31,1,164),(8266,6.5,30,1,157),(8267,7.0,30,1,168),(8268,7.0,30,1,170),(8269,6.0,30,1,158),(8270,7.0,30,1,164),(8271,9.0,32,1,157),(8272,9.0,32,1,168),(8273,9.0,32,1,170),(8274,9.0,32,1,158),(8275,9.0,32,1,164),(8276,7.5,29,1,157),(8277,7.0,29,1,168),(8278,6.5,29,1,170),(8279,6.5,29,1,158),(8280,6.0,29,1,164),(8281,5.0,27,1,157),(8282,6.0,27,1,168),(8283,6.0,27,1,170),(8284,7.0,27,1,158),(8285,6.5,27,1,164),(8286,6.0,26,1,157),(8287,6.0,26,1,168),(8288,6.0,26,1,170),(8289,6.0,26,1,158),(8290,6.5,26,1,164),(8291,5.0,20,1,157),(8292,5.0,20,1,168),(8293,5.0,20,1,170),(8294,7.5,20,1,158),(8295,5.0,20,1,164),(8296,8.0,33,1,164),(8297,6.0,33,1,158),(8298,6.0,33,1,170),(8299,6.5,33,1,168),(8300,7.0,33,1,157),(8301,9.0,48,1,157),(8302,8.5,48,1,168),(8303,9.0,48,1,170),(8304,8.0,48,1,158),(8305,8.0,48,1,164),(8306,7.5,43,1,164),(8307,7.0,43,1,158),(8308,7.0,43,1,170),(8309,6.0,43,1,168),(8310,6.5,43,1,157),(8311,6.0,43,1,160),(8312,8.0,43,1,659),(8313,6.0,43,1,169),(8314,6.5,43,1,175),(8315,7.0,43,1,172),(8316,5.0,47,1,160),(8317,8.5,47,1,659),(8318,6.0,47,1,169),(8319,6.0,47,1,175),(8320,7.5,47,1,172),(8321,7.0,46,1,172),(8322,6.0,46,1,175),(8323,6.0,46,1,169),(8324,7.5,46,1,659),(8325,5.0,46,1,160),(8326,8.0,28,1,172),(8327,7.0,28,1,175),(8328,6.0,28,1,169),(8329,8.0,28,1,659),(8330,6.0,28,1,160),(8331,9.5,31,1,172),(8332,8.5,31,1,175),(8333,8.0,31,1,169),(8334,9.5,31,1,659),(8335,7.0,31,1,160),(8336,7.0,30,1,175),(8337,6.5,30,1,172),(8338,7.0,30,1,169),(8339,7.0,30,1,659),(8340,6.0,30,1,160),(8341,9.0,32,1,160),(8342,8.5,32,1,659),(8343,9.0,32,1,169),(8344,8.0,32,1,175),(8345,9.0,32,1,172),(8346,7.0,29,1,172),(8347,7.0,29,1,175),(8348,7.5,29,1,169),(8349,7.5,29,1,659),(8350,6.0,29,1,160),(8351,5.0,27,1,160),(8352,7.0,27,1,659),(8353,5.0,27,1,169),(8354,5.0,27,1,175),(8355,8.5,27,1,172),(8356,5.0,26,1,160),(8357,6.5,26,1,659),(8358,6.0,26,1,169),(8359,6.0,26,1,175),(8360,6.5,26,1,172),(8361,6.0,20,1,172),(8362,6.5,20,1,169),(8363,9.0,20,1,659),(8364,5.0,20,1,160),(8365,6.5,20,1,175),(8366,6.0,33,1,160),(8367,7.0,33,1,659),(8368,8.0,33,1,169),(8369,6.5,33,1,175),(8370,8.0,33,1,172),(8371,9.0,48,1,172),(8372,9.0,48,1,175),(8373,8.0,48,1,169),(8374,10.0,48,1,659),(8375,8.0,48,1,160),(8376,6.5,43,1,166),(8377,7.0,43,1,163),(8378,6.0,43,1,171),(8379,7.5,43,1,542),(8380,9.0,48,1,166),(8381,9.0,48,1,163),(8382,9.0,48,1,171),(8383,9.0,48,1,542),(8384,7.0,47,1,542),(8385,8.0,47,1,171),(8386,6.5,47,1,163),(8387,7.0,47,1,166),(8388,6.0,46,1,542),(8389,8.5,46,1,171),(8390,6.0,46,1,163),(8391,7.5,46,1,166),(8392,6.5,28,1,542),(8393,8.5,28,1,171),(8394,6.0,28,1,163),(8395,7.0,28,1,166),(8396,8.5,31,1,542),(8397,9.0,31,1,171),(8398,8.0,31,1,163),(8399,8.5,31,1,166),(8400,6.5,30,1,542),(8401,8.5,30,1,171),(8402,7.5,30,1,163),(8403,8.0,30,1,166),(8404,9.0,32,1,542),(8405,9.0,32,1,171),(8406,8.5,32,1,163),(8407,8.5,32,1,166),(8408,7.0,29,1,542),(8409,8.0,29,1,171),(8410,6.5,29,1,163),(8411,7.0,29,1,166),(8412,5.0,27,1,542),(8413,8.5,27,1,171),(8414,6.0,27,1,163),(8415,7.0,27,1,166),(8416,6.5,26,1,166),(8417,6.0,26,1,163),(8418,7.0,26,1,171),(8419,6.0,26,1,542),(8420,7.5,20,1,166),(8421,5.0,20,1,163),(8422,9.0,20,1,171),(8423,5.0,20,1,542),(8424,7.0,33,1,542),(8425,7.5,33,1,171),(8426,6.5,33,1,163),(8427,7.5,33,1,166),(8428,7.0,47,1,541),(8429,6.5,46,1,541),(8430,6.5,28,1,541),(8431,8.0,31,1,541),(8432,6.5,30,1,541),(8433,8.5,32,1,541),(8434,9.0,29,1,541),(8435,6.0,27,1,541),(8436,6.5,26,1,541),(8437,7.0,20,1,541),(8438,7.0,33,1,541),(8439,10.0,48,1,541),(8440,6.5,43,1,541),(8441,6.0,43,1,540),(8442,8.5,48,1,540),(8443,6.0,47,1,540),(8444,6.0,46,1,540),(8445,7.5,28,1,540),(8446,6.5,31,1,540),(8447,8.0,30,1,540),(8448,8.5,32,1,540),(8449,6.5,29,1,540),(8450,5.0,27,1,540),(8451,6.0,26,1,540),(8452,6.0,20,1,540),(8453,6.5,33,1,540),(8454,6.5,43,1,161),(8455,9.0,48,1,161),(8456,6.0,47,1,161),(8457,6.0,46,1,161),(8458,7.0,28,1,161),(8459,6.5,31,1,161),(8460,7.0,30,1,161),(8461,9.0,32,1,161),(8462,7.0,29,1,161),(8463,5.0,27,1,161),(8464,6.0,26,1,161),(8465,6.5,20,1,161),(8466,6.0,33,1,161),(8467,7.0,43,1,184),(8468,7.0,43,1,182),(8469,7.0,43,1,197),(8470,4.0,47,1,184),(8471,8.0,47,1,182),(8472,6.0,47,1,197),(8473,9.5,46,1,197),(8474,7.5,46,1,182),(8475,5.0,46,1,184),(8476,8.5,28,1,197),(8477,7.5,28,1,182),(8478,6.5,28,1,184),(8479,7.6,31,1,184),(8480,8.0,31,1,182),(8481,8.0,31,1,197),(8482,7.6,30,1,184),(8483,8.5,30,1,197),(8484,8.0,30,1,182),(8485,7.0,32,1,184),(8486,7.0,32,1,182),(8487,8.0,32,1,197),(8488,6.0,29,1,184),(8489,8.0,29,1,182),(8490,9.0,29,1,197),(8491,8.0,27,1,197),(8492,7.9,27,1,182),(8493,6.0,27,1,184),(8494,4.0,26,1,184),(8495,6.0,26,1,182),(8496,8.0,26,1,197),(8497,8.5,20,1,197),(8498,7.8,20,1,182),(8499,4.0,20,1,184),(8500,9.0,33,1,197),(8501,8.0,33,1,182),(8502,7.0,33,1,184),(8503,8.0,48,1,197),(8504,7.0,48,1,182),(8505,5.0,48,1,184),(8506,5.0,27,1,198),(8507,8.0,27,1,191),(8508,6.0,43,1,198),(8509,6.6,43,1,191),(8510,7.0,31,1,198),(8511,8.0,31,1,191),(8512,6.0,48,1,198),(8513,8.0,48,1,191),(8514,4.0,47,1,198),(8515,7.5,47,1,191),(8516,5.0,46,1,198),(8517,9.0,46,1,191),(8518,5.0,28,1,198),(8519,8.0,28,1,191),(8520,8.5,30,1,198),(8521,8.0,30,1,191),(8522,8.0,32,1,198),(8523,8.0,32,1,191),(8524,6.0,29,1,198),(8525,9.0,29,1,191),(8526,4.0,26,1,198),(8527,9.0,26,1,191),(8528,4.0,20,1,198),(8529,8.5,20,1,191),(8530,8.0,33,1,191),(8531,6.0,33,1,198),(8532,6.7,43,1,183),(8533,7.0,43,1,179),(8534,6.0,43,1,199),(8535,7.0,47,1,183),(8536,6.5,47,1,179),(8537,5.0,47,1,199),(8538,7.0,46,1,183),(8539,7.0,46,1,179),(8540,4.0,46,1,199),(8541,8.0,28,1,199),(8542,8.5,28,1,179),(8543,5.0,28,1,183),(8544,8.0,31,1,183),(8545,8.0,31,1,179),(8546,6.9,31,1,199),(8547,6.0,30,1,199),(8548,6.0,30,1,179),(8549,6.0,30,1,183),(8550,8.0,32,1,183),(8551,8.0,32,1,179),(8552,8.0,32,1,199),(8553,7.0,29,1,183),(8554,7.5,29,1,179),(8555,6.0,29,1,199),(8556,6.0,27,1,183),(8557,8.9,27,1,179),(8558,5.0,27,1,199),(8559,5.0,26,1,183),(8560,8.0,26,1,179),(8561,4.0,26,1,199),(8562,4.0,20,1,183),(8563,7.5,20,1,179),(8564,8.5,20,1,199),(8565,8.0,33,1,183),(8566,8.5,33,1,179),(8567,6.0,33,1,199),(8568,6.0,48,1,199),(8569,8.0,48,1,179),(8570,6.0,48,1,183),(8571,7.0,48,1,177),(8572,7.0,48,1,188),(8573,7.7,48,1,213),(8574,8.0,48,1,217),(8575,7.0,43,1,177),(8576,7.0,43,1,188),(8577,8.0,43,1,213),(8578,6.0,43,1,217),(8579,4.0,47,1,217),(8580,7.5,47,1,213),(8581,6.0,47,1,188),(8582,7.5,47,1,177),(8583,4.0,46,1,217),(8584,8.5,46,1,213),(8585,7.0,46,1,188),(8586,8.5,46,1,177),(8587,8.5,28,1,177),(8588,6.0,28,1,217),(8589,8.5,28,1,213),(8590,6.0,28,1,188),(8591,7.0,31,1,217),(8592,8.0,31,1,213),(8593,8.4,31,1,188),(8594,8.0,31,1,177),(8595,6.0,30,1,217),(8596,8.5,30,1,213),(8597,6.0,30,1,188),(8598,8.5,30,1,177),(8599,8.0,32,1,217),(8600,8.0,32,1,213),(8601,8.0,32,1,188),(8602,8.0,32,1,177),(8603,6.0,29,1,217),(8604,9.0,29,1,213),(8605,6.0,29,1,188),(8606,8.0,29,1,177),(8607,5.0,27,1,217),(8608,9.0,27,1,213),(8609,7.9,27,1,188),(8610,5.0,27,1,177),(8611,4.0,26,1,217),(8612,8.0,26,1,213),(8613,5.0,26,1,188),(8614,8.0,26,1,177),(8615,6.0,20,1,217),(8616,9.0,20,1,213),(8617,7.0,20,1,188),(8618,6.0,20,1,177),(8619,6.5,33,1,217),(8620,9.5,33,1,213),(8621,7.5,33,1,188),(8622,8.5,33,1,177),(8623,7.0,43,1,196),(8624,7.0,43,1,219),(8625,7.0,43,1,186),(8626,6.6,43,1,194),(8627,6.0,43,1,203),(8628,7.0,47,1,196),(8629,5.0,47,1,219),(8630,6.0,47,1,186),(8631,5.5,47,1,194),(8632,6.0,47,1,203),(8633,8.0,46,1,196),(8634,6.0,46,1,219),(8635,8.5,46,1,186),(8636,7.5,46,1,194),(8637,8.0,46,1,203),(8638,8.0,28,1,196),(8639,7.0,28,1,219),(8640,8.5,28,1,186),(8641,6.5,28,1,194),(8642,7.0,28,1,203),(8643,8.0,31,1,196),(8644,8.0,31,1,219),(8645,8.0,31,1,186),(8646,8.7,31,1,194),(8647,8.0,31,1,203),(8648,8.0,30,1,203),(8649,6.0,30,1,194),(8650,6.5,30,1,186),(8651,6.0,30,1,219),(8652,8.5,30,1,196),(8653,8.0,32,1,203),(8654,7.5,32,1,194),(8655,8.0,32,1,186),(8656,7.0,32,1,219),(8657,8.0,32,1,196),(8658,8.0,29,1,203),(8659,6.0,29,1,194),(8660,7.5,29,1,186),(8661,6.0,29,1,219),(8662,9.0,29,1,196),(8663,8.0,27,1,196),(8664,5.0,27,1,219),(8665,8.0,27,1,186),(8666,6.0,27,1,194),(8667,7.9,27,1,203),(8668,6.0,26,1,203),(8669,6.0,26,1,194),(8670,7.5,26,1,186),(8671,4.0,26,1,219),(8672,7.0,26,1,196),(8673,6.0,20,1,203),(8674,6.0,20,1,194),(8675,6.5,20,1,186),(8676,3.5,20,1,219),(8677,6.5,20,1,196),(8678,7.5,33,1,196),(8679,7.0,33,1,219),(8680,8.0,33,1,186),(8681,7.5,33,1,194),(8682,8.0,33,1,203),(8683,8.0,48,1,203),(8684,6.0,48,1,194),(8685,8.0,48,1,186),(8686,7.0,48,1,219),(8687,8.0,48,1,196),(8688,8.0,48,1,218),(8689,5.0,48,1,180),(8690,7.0,48,1,192),(8691,5.0,43,1,192),(8692,7.0,43,1,180),(8693,8.0,43,1,218),(8694,5.0,47,1,218),(8695,5.0,47,1,180),(8696,4.0,47,1,192),(8697,4.5,46,1,192),(8698,4.5,46,1,180),(8699,7.0,46,1,218),(8700,6.0,28,1,192),(8701,6.0,28,1,180),(8702,7.5,28,1,218),(8703,8.0,31,1,192),(8704,8.0,31,1,180),(8705,8.2,31,1,218),(8706,6.5,30,1,218),(8707,5.0,30,1,180),(8708,6.0,30,1,192),(8709,8.0,32,1,192),(8710,8.0,32,1,180),(8711,8.0,32,1,218),(8712,7.5,29,1,218),(8713,6.0,29,1,180),(8714,6.0,29,1,192),(8715,7.0,27,1,192),(8716,7.0,27,1,180),(8717,7.9,27,1,218),(8718,7.0,26,1,218),(8719,6.0,26,1,180),(8720,7.0,26,1,192),(8721,5.0,20,1,192),(8722,6.0,20,1,180),(8723,6.5,20,1,218),(8724,7.0,48,1,178),(8725,6.6,43,1,178),(8726,6.5,47,1,178),(8727,6.5,46,1,178),(8728,8.0,28,1,178),(8729,8.0,31,1,178),(8730,8.0,30,1,178),(8731,8.0,32,1,178),(8732,8.0,29,1,178),(8733,7.0,27,1,178),(8734,8.0,26,1,178),(8735,8.0,20,1,178),(8736,8.5,33,1,178),(8737,8.0,48,1,195),(8738,8.9,48,1,189),(8739,6.0,48,1,185),(8740,8.0,31,1,195),(8741,8.2,31,1,189),(8742,8.5,31,1,185),(8743,8.0,32,1,195),(8744,8.0,32,1,189),(8745,8.0,32,1,185),(8746,8.5,28,1,195),(8747,8.0,28,1,189),(8748,7.0,28,1,185),(8749,8.5,29,1,185),(8750,8.0,29,1,189),(8751,8.0,29,1,195),(8752,7.0,27,1,195),(8753,7.0,27,1,189),(8754,7.0,27,1,185),(8755,8.5,30,1,195),(8756,8.0,30,1,189),(8757,8.0,30,1,185),(8758,8.0,46,1,195),(8759,5.5,46,1,189),(8760,8.5,46,1,185),(8761,7.0,47,1,195),(8762,6.0,47,1,189),(8763,7.0,47,1,185),(8764,7.5,33,1,195),(8765,7.5,33,1,189),(8766,8.0,33,1,185),(8767,6.0,26,1,195),(8768,7.0,26,1,189),(8769,7.5,26,1,185),(8770,7.8,20,1,195),(8771,7.0,20,1,189),(8772,9.0,20,1,185),(8773,6.6,43,1,195),(8774,7.0,43,1,189),(8775,7.0,43,1,185),(8776,6.0,43,1,187),(8777,6.0,20,1,187),(8778,5.0,26,1,187),(8779,6.5,33,1,187),(8780,4.0,47,1,187),(8781,4.0,46,1,187),(8782,7.4,30,1,187),(8783,6.0,27,1,187),(8784,6.0,29,1,187),(8785,6.0,28,1,187),(8786,7.0,32,1,187),(8787,7.4,31,1,187),(8788,6.7,48,1,187),(8789,6.0,43,1,661),(8790,7.6,43,1,231),(8791,7.5,43,1,221),(8792,7.0,43,1,555),(8793,6.0,43,1,224),(8794,6.0,43,1,243),(8795,6.7,43,1,228),(8796,7.4,43,1,241),(8797,7.0,43,1,235),(8798,7.0,43,1,236),(8799,7.0,43,1,238),(8800,7.0,43,1,229),(8801,8.0,43,1,227),(8802,6.6,43,1,181),(8803,6.0,43,1,232),(8804,6.2,43,1,222),(8805,7.0,47,1,555),(8806,8.0,47,1,221),(8807,8.0,47,1,231),(8808,6.0,47,1,661),(8809,4.5,46,1,555),(8810,8.0,46,1,221),(8811,7.5,46,1,231),(8812,7.0,46,1,661),(8813,7.5,28,1,661),(8814,8.5,28,1,231),(8815,7.0,28,1,221),(8816,9.0,28,1,555),(8817,8.0,31,1,661),(8818,8.0,31,1,231),(8819,7.9,31,1,221),(8820,7.6,31,1,555),(8821,7.5,30,1,661),(8822,8.0,30,1,231),(8823,8.0,30,1,221),(8824,7.0,30,1,555),(8825,8.0,32,1,555),(8826,8.0,32,1,221),(8827,8.0,32,1,231),(8828,8.0,32,1,661),(8829,7.0,29,1,555),(8830,8.5,29,1,221),(8831,9.0,29,1,231),(8832,8.0,29,1,661),(8833,6.7,27,1,661),(8834,7.4,27,1,231),(8835,9.0,27,1,221),(8836,6.6,27,1,555),(8837,7.5,26,1,555),(8838,7.5,26,1,221),(8839,7.5,26,1,231),(8840,8.0,26,1,661),(8841,6.5,20,1,555),(8842,8.8,20,1,221),(8843,5.5,20,1,231),(8844,6.5,20,1,661),(8845,8.0,33,1,555),(8846,8.0,33,1,221),(8847,7.0,33,1,661),(8848,8.0,48,1,661),(8849,8.5,48,1,231),(8850,8.5,48,1,221),(8851,5.0,48,1,555),(8852,9.5,48,1,228),(8853,9.5,48,1,224),(8854,9.0,48,1,243),(8855,6.5,47,1,224),(8856,6.5,47,1,243),(8857,7.5,47,1,228),(8858,4.0,46,1,224),(8859,8.0,46,1,243),(8860,8.0,46,1,228),(8861,6.0,28,1,224),(8862,7.5,28,1,243),(8863,8.0,28,1,228),(8864,7.0,31,1,224),(8865,8.0,31,1,243),(8866,8.0,31,1,228),(8867,7.0,30,1,224),(8868,8.5,30,1,243),(8869,8.5,30,1,228),(8870,8.0,32,1,224),(8871,8.0,32,1,243),(8872,8.0,32,1,228),(8873,6.0,29,1,224),(8874,9.0,29,1,243),(8875,9.0,29,1,228),(8876,6.0,27,1,228),(8877,7.0,27,1,243),(8878,5.0,27,1,224),(8879,6.0,26,1,224),(8880,9.0,26,1,243),(8881,8.0,26,1,228),(8882,5.0,20,1,243),(8883,6.5,20,1,228),(8884,6.0,33,1,224),(8885,6.5,33,1,243),(8886,8.5,33,1,228),(8887,6.5,46,1,241),(8888,6.0,46,1,235),(8889,5.0,46,1,236),(8890,8.0,46,1,238),(8891,6.0,46,1,229),(8892,8.0,28,1,241),(8893,7.5,28,1,235),(8894,8.0,28,1,236),(8895,9.0,28,1,238),(8896,7.5,28,1,229),(8897,9.0,31,1,241),(8898,8.0,31,1,235),(8899,8.0,31,1,236),(8900,7.2,31,1,238),(8901,8.0,31,1,229),(8902,8.0,30,1,241),(8903,6.0,30,1,235),(8904,7.5,30,1,236),(8905,7.0,30,1,238),(8906,8.0,30,1,229),(8907,8.0,32,1,241),(8908,8.0,32,1,235),(8909,8.0,32,1,236),(8910,8.0,32,1,238),(8911,8.0,32,1,229),(8912,8.0,29,1,229),(8913,9.0,29,1,238),(8914,6.0,29,1,236),(8915,8.0,29,1,235),(8916,8.0,29,1,241),(8917,7.0,27,1,241),(8918,6.5,27,1,235),(8919,6.0,27,1,236),(8920,7.0,27,1,238),(8921,6.6,27,1,229),(8922,7.0,26,1,241),(8923,9.5,26,1,235),(8924,7.0,26,1,236),(8925,7.0,26,1,238),(8926,8.0,26,1,229),(8927,6.5,20,1,235),(8928,6.5,20,1,241),(8929,7.5,20,1,236),(8930,8.0,33,1,241),(8931,8.5,33,1,235),(8932,8.5,33,1,236),(8933,8.0,33,1,238),(8934,7.5,33,1,229),(8935,8.5,48,1,229),(8936,8.5,48,1,238),(8937,8.0,48,1,236),(8938,8.0,48,1,235),(8939,9.0,48,1,241),(8940,8.0,47,1,239),(8941,6.5,47,1,227),(8942,4.0,47,1,181),(8943,8.0,47,1,232),(8944,6.5,47,1,222),(8945,7.5,46,1,239),(8946,8.0,46,1,227),(8947,4.0,46,1,181),(8948,7.5,46,1,232),(8949,7.5,46,1,222),(8950,8.5,28,1,239),(8951,9.0,28,1,227),(8952,6.0,28,1,181),(8953,8.5,28,1,232),(8954,6.5,28,1,222),(8955,8.3,31,1,239),(8956,8.0,31,1,227),(8957,8.0,31,1,181),(8958,7.4,31,1,232),(8959,7.4,31,1,222),(8960,8.5,30,1,239),(8961,9.0,30,1,227),(8962,6.0,30,1,181),(8963,9.0,30,1,232),(8964,8.5,30,1,222),(8965,9.0,32,1,239),(8966,8.0,32,1,227),(8967,7.5,32,1,181),(8968,8.0,32,1,232),(8969,8.0,32,1,222),(8970,8.0,29,1,239),(8971,8.5,29,1,227),(8972,6.0,29,1,181),(8973,8.5,29,1,232),(8974,7.0,29,1,222),(8975,7.0,27,1,239),(8976,8.0,27,1,227),(8977,5.0,27,1,181),(8978,6.6,27,1,232),(8979,6.0,27,1,222),(8980,9.0,26,1,239),(8981,9.0,26,1,227),(8982,4.0,26,1,181),(8983,7.5,26,1,232),(8984,6.0,26,1,222),(8985,4.0,20,1,222),(8986,7.0,20,1,232),(8987,6.0,20,1,181),(8988,8.8,20,1,227),(8989,8.5,20,1,239),(8990,8.5,33,1,239),(8991,8.5,33,1,227),(8992,8.0,33,1,181),(8993,7.0,33,1,232),(8994,7.0,33,1,222),(8995,6.5,48,1,222),(8996,9.5,48,1,232),(8997,7.5,48,1,181),(8998,9.0,48,1,227),(8999,9.0,48,1,239),(9000,8.0,43,1,239),(9001,7.2,43,1,242),(9002,7.0,43,1,230),(9003,7.0,43,1,225),(9004,7.0,43,1,220),(9005,7.0,43,1,237),(9006,7.0,47,1,242),(9007,6.0,47,1,237),(9008,6.5,47,1,220),(9009,6.5,47,1,225),(9010,4.0,47,1,230),(9011,4.5,46,1,242),(9012,7.0,46,1,237),(9013,6.5,46,1,220),(9014,8.0,46,1,225),(9015,4.0,46,1,230),(9016,6.0,28,1,230),(9017,8.0,28,1,225),(9018,7.5,28,1,220),(9019,6.5,28,1,237),(9020,6.0,28,1,242),(9021,8.0,31,1,242),(9022,8.0,31,1,237),(9023,8.0,31,1,220),(9024,7.9,31,1,225),(9025,8.0,31,1,230),(9026,7.0,30,1,242),(9027,8.0,30,1,237),(9028,6.0,30,1,220),(9029,8.0,30,1,225),(9030,6.0,30,1,230),(9031,7.5,32,1,242),(9032,8.0,32,1,237),(9033,8.0,32,1,220),(9034,7.5,32,1,225),(9035,8.0,32,1,230),(9036,6.0,29,1,242),(9037,8.0,29,1,237),(9038,8.0,29,1,220),(9039,8.0,29,1,225),(9040,6.5,29,1,230),(9041,6.9,27,1,242),(9042,5.0,27,1,237),(9043,6.0,27,1,220),(9044,7.0,27,1,225),(9045,6.5,27,1,230),(9046,9.0,26,1,242),(9047,9.5,26,1,237),(9048,8.0,26,1,220),(9049,8.0,26,1,225),(9050,4.0,26,1,230),(9051,4.0,20,1,230),(9052,7.0,20,1,225),(9053,4.0,20,1,220),(9054,6.0,20,1,237),(9055,8.0,20,1,242),(9056,8.0,33,1,230),(9057,7.5,33,1,225),(9058,7.0,33,1,220),(9059,8.5,33,1,237),(9060,7.5,33,1,242),(9061,8.0,48,1,230),(9062,8.5,48,1,225),(9063,8.0,48,1,220),(9064,9.0,48,1,237),(9065,5.0,48,1,242),(9066,7.0,43,1,233),(9067,7.0,43,1,240),(9068,8.0,47,1,240),(9069,6.5,47,1,233),(9070,9.0,46,1,233),(9071,8.0,46,1,240),(9072,7.5,28,1,240),(9073,8.0,28,1,233),(9074,8.0,31,1,233),(9075,8.1,31,1,240),(9076,8.0,30,1,233),(9077,7.5,30,1,240),(9078,8.0,32,1,233),(9079,8.0,32,1,240),(9080,9.0,29,1,233),(9081,9.0,29,1,240),(9082,8.0,27,1,233),(9083,7.0,27,1,240),(9084,9.5,26,1,233),(9085,9.0,26,1,240),(9086,7.0,20,1,233),(9087,8.2,20,1,240),(9088,8.5,33,1,233),(9089,8.0,33,1,240),(9090,8.0,48,1,233),(9091,8.0,48,1,240),(9092,7.0,43,1,252),(9093,6.0,43,1,554),(9094,8.0,43,1,250),(9095,6.0,43,1,278),(9096,7.5,47,1,278),(9097,8.5,47,1,250),(9098,5.0,47,1,554),(9099,7.0,47,1,252),(9100,6.0,46,1,252),(9101,6.0,46,1,554),(9102,7.5,46,1,250),(9103,8.0,46,1,278),(9104,8.0,28,1,278),(9105,8.5,28,1,250),(9106,6.0,28,1,554),(9107,7.5,28,1,252),(9108,8.2,31,1,252),(9109,8.0,31,1,554),(9110,8.2,31,1,250),(9111,7.0,31,1,278),(9112,9.0,30,1,278),(9113,8.0,30,1,250),(9114,6.0,30,1,554),(9115,8.0,30,1,252),(9116,7.5,32,1,278),(9117,8.0,32,1,250),(9118,7.0,32,1,554),(9119,8.5,32,1,252),(9120,7.5,29,1,252),(9121,8.5,29,1,250),(9122,8.0,29,1,278),(9123,7.0,27,1,252),(9124,5.0,27,1,554),(9125,6.0,27,1,250),(9126,6.0,27,1,278),(9127,7.5,26,1,278),(9128,6.0,26,1,250),(9129,5.0,26,1,554),(9130,7.5,26,1,252),(9131,7.6,20,1,252),(9132,5.0,20,1,554),(9133,7.0,20,1,250),(9134,4.5,20,1,278),(9135,7.5,33,1,252),(9136,7.5,33,1,554),(9137,8.0,33,1,250),(9138,8.0,33,1,278),(9139,9.0,48,1,278),(9140,7.0,48,1,250),(9141,8.5,48,1,554),(9142,7.5,48,1,252),(9143,7.5,48,1,254),(9144,8.5,48,1,246),(9145,7.2,43,1,254),(9146,7.0,43,1,246),(9147,8.0,47,1,254),(9148,9.5,47,1,246),(9149,7.0,46,1,254),(9150,8.0,46,1,246),(9151,8.0,28,1,254),(9152,9.5,28,1,246),(9153,8.0,31,1,246),(9154,8.4,31,1,254),(9155,9.0,30,1,246),(9156,9.0,30,1,254),(9157,8.5,32,1,254),(9158,8.5,32,1,246),(9159,8.0,29,1,254),(9160,9.0,29,1,246),(9161,6.5,27,1,254),(9162,8.0,27,1,246),(9163,6.5,26,1,254),(9164,8.0,26,1,246),(9165,6.5,20,1,254),(9166,8.5,20,1,246),(9167,6.5,33,1,254),(9168,8.5,33,1,246),(9169,7.0,43,1,245),(9170,5.0,43,1,255),(9171,7.2,43,1,262),(9172,6.0,43,1,270),(9173,8.0,47,1,245),(9174,6.0,47,1,255),(9175,6.0,47,1,262),(9176,6.5,47,1,270),(9177,5.0,46,1,270),(9178,6.0,46,1,262),(9179,6.5,46,1,255),(9180,6.0,46,1,245),(9181,8.5,28,1,270),(9182,8.5,28,1,262),(9183,7.5,28,1,255),(9184,7.5,28,1,245),(9185,7.4,31,1,270),(9186,8.2,31,1,262),(9187,7.9,31,1,255),(9188,8.0,31,1,245),(9189,6.0,30,1,245),(9190,6.0,30,1,255),(9191,8.0,30,1,262),(9192,6.0,30,1,270),(9193,7.5,32,1,245),(9194,8.0,32,1,255),(9195,8.5,32,1,262),(9196,7.5,32,1,270),(9197,7.5,29,1,270),(9198,7.5,29,1,262),(9199,7.2,29,1,255),(9200,6.0,29,1,245),(9201,8.0,27,1,245),(9202,6.0,27,1,255),(9203,8.0,27,1,262),(9204,5.0,27,1,270),(9205,7.0,26,1,245),(9206,6.5,26,1,255),(9207,7.5,26,1,262),(9208,6.0,26,1,270),(9209,8.7,20,1,245),(9210,4.5,20,1,255),(9211,7.8,20,1,262),(9212,4.5,20,1,270),(9213,8.0,33,1,245),(9214,7.0,33,1,255),(9215,6.5,33,1,262),(9216,7.5,33,1,270),(9217,8.0,48,1,245),(9218,8.5,48,1,255),(9219,8.0,48,1,262),(9220,8.0,48,1,270),(9221,9.0,43,1,261),(9222,7.0,43,1,251),(9223,9.0,47,1,261),(9224,6.5,47,1,251),(9225,9.0,46,1,261),(9226,7.0,46,1,251),(9227,8.5,28,1,251),(9228,9.0,28,1,261),(9229,9.0,31,1,261),(9230,8.0,31,1,251),(9231,9.0,30,1,261),(9232,7.0,30,1,251),(9233,8.5,32,1,261),(9234,8.5,32,1,251),(9235,9.0,29,1,251),(9236,9.5,29,1,261),(9237,8.5,27,1,261),(9238,6.0,27,1,251),(9239,8.5,26,1,261),(9240,6.5,26,1,251),(9241,8.5,20,1,261),(9242,6.5,20,1,251),(9243,9.0,33,1,261),(9244,8.5,33,1,251),(9245,8.0,48,1,251),(9246,8.0,48,1,261),(9247,6.0,43,1,258),(9248,6.0,43,1,257),(9249,6.4,43,1,260),(9250,9.0,47,1,260),(9251,7.0,47,1,257),(9252,7.0,47,1,258),(9253,7.0,46,1,258),(9254,5.0,46,1,257),(9255,5.0,46,1,260),(9256,7.5,28,1,258),(9257,7.0,28,1,257),(9258,8.0,28,1,260),(9259,8.0,31,1,258),(9260,8.0,31,1,257),(9261,8.0,31,1,260),(9262,6.0,30,1,258),(9263,7.5,30,1,257),(9264,6.0,30,1,260),(9265,8.5,32,1,258),(9266,8.0,32,1,257),(9267,8.0,32,1,260),(9268,6.5,29,1,258),(9269,7.0,29,1,257),(9270,6.5,29,1,260),(9271,6.5,27,1,258),(9272,6.5,27,1,257),(9273,6.5,27,1,260),(9274,6.0,26,1,258),(9275,6.0,26,1,257),(9276,7.0,26,1,260),(9277,6.5,20,1,258),(9278,8.0,20,1,257),(9279,6.0,20,1,260),(9280,8.0,33,1,258),(9281,7.5,33,1,257),(9282,7.0,33,1,260),(9283,7.0,48,1,258),(9284,7.0,48,1,257),(9285,8.0,48,1,260),(9286,8.8,43,1,264),(9287,5.0,43,1,248),(9288,9.0,43,1,256),(9289,6.0,43,1,263),(9290,6.5,47,1,264),(9291,7.0,47,1,248),(9292,9.5,47,1,256),(9293,7.0,47,1,263),(9294,8.0,46,1,264),(9295,8.0,46,1,248),(9296,9.5,46,1,256),(9297,6.5,46,1,263),(9298,8.5,28,1,264),(9299,9.5,28,1,248),(9300,9.5,28,1,256),(9301,6.0,28,1,263),(9302,7.0,31,1,263),(9303,9.4,31,1,256),(9304,8.0,31,1,248),(9305,9.4,31,1,264),(9306,9.0,30,1,264),(9307,9.0,30,1,248),(9308,9.0,30,1,256),(9309,8.0,30,1,263),(9310,8.0,32,1,263),(9311,8.5,32,1,256),(9312,8.0,32,1,248),(9313,8.5,32,1,264),(9314,8.0,29,1,264),(9315,8.5,29,1,248),(9316,9.5,29,1,256),(9317,6.0,29,1,263),(9318,5.0,27,1,263),(9319,9.0,27,1,256),(9320,6.0,27,1,248),(9321,8.0,27,1,264),(9322,6.5,26,1,263),(9323,9.5,26,1,256),(9324,6.0,26,1,248),(9325,8.0,26,1,264),(9326,5.0,20,1,263),(9327,9.2,20,1,256),(9328,6.0,20,1,248),(9329,9.0,20,1,264),(9330,8.6,33,1,264),(9331,9.0,33,1,248),(9332,9.5,33,1,256),(9333,7.5,33,1,263),(9334,8.0,48,1,263),(9335,9.0,48,1,256),(9336,8.0,48,1,248),(9337,8.0,48,1,264),(9338,6.0,43,1,553),(9339,7.2,43,1,259),(9340,7.7,43,1,253),(9341,8.5,47,1,253),(9342,9.0,47,1,259),(9343,6.0,47,1,553),(9344,9.5,46,1,253),(9345,8.5,46,1,259),(9346,6.5,46,1,553),(9347,8.5,28,1,553),(9348,9.5,28,1,259),(9349,9.5,28,1,253),(9350,7.0,31,1,553),(9351,8.0,31,1,259),(9352,8.0,31,1,253),(9353,9.0,30,1,253),(9354,8.9,30,1,259),(9355,6.5,30,1,553),(9356,7.5,32,1,553),(9357,8.5,32,1,259),(9358,8.5,32,1,253),(9359,7.5,29,1,253),(9360,7.5,29,1,259),(9361,6.5,29,1,553),(9362,7.5,27,1,253),(9363,8.0,27,1,259),(9364,5.0,27,1,553),(9365,7.0,26,1,253),(9366,9.2,26,1,259),(9367,6.0,26,1,553),(9368,8.0,20,1,253),(9369,8.6,20,1,259),(9370,7.0,20,1,553),(9371,7.0,33,1,553),(9372,8.6,33,1,259),(9373,9.0,33,1,253),(9374,7.5,48,1,553),(9375,8.0,48,1,259),(9376,8.0,48,1,253),(9377,7.4,43,1,280),(9378,7.0,47,1,280),(9379,6.0,46,1,280),(9380,7.0,28,1,280),(9381,8.5,31,1,280),(9382,6.0,30,1,280),(9383,8.0,32,1,280),(9384,6.0,29,1,280),(9385,6.0,27,1,280),(9386,5.0,26,1,280),(9387,6.5,20,1,280),(9388,7.5,33,1,280),(9389,8.0,48,1,280),(9390,6.0,43,1,296),(9391,8.0,43,1,291),(9392,6.6,43,1,287),(9393,6.2,43,1,295),(9394,7.0,43,1,293),(9395,6.0,47,1,296),(9396,7.0,47,1,291),(9397,6.5,47,1,287),(9398,6.0,47,1,295),(9399,7.5,47,1,293),(9400,5.0,46,1,296),(9401,8.5,46,1,291),(9402,6.0,46,1,287),(9403,7.0,46,1,295),(9404,7.0,46,1,293),(9405,8.5,28,1,296),(9406,10.0,28,1,291),(9407,7.0,28,1,287),(9408,6.0,28,1,295),(9409,8.5,28,1,293),(9410,9.0,31,1,296),(9411,8.5,31,1,291),(9412,8.0,31,1,287),(9413,6.0,31,1,295),(9414,8.8,31,1,293),(9415,8.0,30,1,296),(9416,8.5,30,1,291),(9417,5.0,30,1,287),(9418,6.0,30,1,295),(9419,8.5,30,1,293),(9420,8.0,32,1,296),(9421,8.0,32,1,291),(9422,8.0,32,1,287),(9423,7.5,32,1,295),(9424,7.5,32,1,293),(9425,8.0,29,1,296),(9426,9.0,29,1,291),(9427,7.5,29,1,287),(9428,6.5,29,1,295),(9429,8.0,29,1,293),(9430,5.0,27,1,296),(9431,8.0,27,1,291),(9432,6.5,27,1,287),(9433,6.0,27,1,295),(9434,6.5,27,1,293),(9435,5.0,26,1,296),(9436,7.0,26,1,291),(9437,5.0,26,1,287),(9438,5.0,26,1,295),(9439,5.0,26,1,293),(9440,4.0,20,1,296),(9441,7.5,20,1,291),(9442,7.8,20,1,287),(9443,6.5,20,1,295),(9444,6.5,20,1,293),(9445,7.5,33,1,296),(9446,8.0,33,1,291),(9447,7.0,33,1,287),(9448,7.5,33,1,295),(9449,8.0,33,1,293),(9450,7.5,48,1,296),(9451,8.2,48,1,291),(9452,5.0,48,1,287),(9453,8.0,48,1,295),(9454,7.0,48,1,293),(9455,7.2,43,1,290),(9456,8.0,43,1,279),(9457,7.0,43,1,249),(9458,7.0,47,1,290),(9459,7.5,47,1,279),(9460,6.5,47,1,249),(9461,9.0,46,1,290),(9462,9.0,46,1,279),(9463,6.0,46,1,249),(9464,10.0,28,1,290),(9465,9.5,28,1,279),(9466,7.0,28,1,249),(9467,9.0,31,1,290),(9468,8.5,31,1,279),(9469,8.0,31,1,249),(9470,8.5,30,1,290),(9471,8.5,30,1,279),(9472,6.0,30,1,249),(9473,8.0,32,1,290),(9474,8.0,32,1,279),(9475,7.5,32,1,249),(9476,9.0,29,1,290),(9477,8.5,29,1,279),(9478,7.0,29,1,249),(9479,5.0,27,1,249),(9480,7.0,27,1,279),(9481,8.0,27,1,290),(9482,6.0,26,1,249),(9483,6.5,26,1,279),(9484,8.0,26,1,290),(9485,8.0,20,1,249),(9486,7.5,20,1,279),(9487,7.0,20,1,290),(9488,8.0,33,1,290),(9489,8.0,33,1,279),(9490,7.5,33,1,249),(9491,8.5,48,1,290),(9492,8.5,48,1,279),(9493,7.0,48,1,249),(9494,7.0,43,1,286),(9495,6.0,43,1,281),(9496,7.0,43,1,277),(9497,8.0,43,1,294),(9498,5.0,43,1,289),(9499,5.5,47,1,286),(9500,4.5,47,1,281),(9501,7.5,47,1,277),(9502,6.5,47,1,294),(9503,6.0,47,1,289),(9504,5.0,46,1,286),(9505,6.0,46,1,281),(9506,6.0,46,1,277),(9507,8.0,46,1,294),(9508,6.0,46,1,289),(9509,6.5,28,1,286),(9510,9.0,28,1,281),(9511,8.5,28,1,277),(9512,9.0,28,1,294),(9513,9.0,28,1,289),(9514,6.0,31,1,286),(9515,6.5,31,1,281),(9516,7.5,31,1,277),(9517,8.0,31,1,294),(9518,7.0,31,1,289),(9519,6.5,30,1,286),(9520,6.5,30,1,281),(9521,8.5,30,1,277),(9522,8.0,30,1,294),(9523,6.0,30,1,289),(9524,8.0,27,1,286),(9525,8.0,27,1,281),(9526,8.0,27,1,277),(9527,8.0,27,1,294),(9528,8.0,27,1,289),(9529,6.5,29,1,286),(9530,7.0,29,1,281),(9531,8.0,29,1,277),(9532,9.0,29,1,294),(9533,7.5,29,1,289),(9534,4.0,26,1,286),(9535,4.0,26,1,281),(9536,8.0,26,1,277),(9537,7.0,26,1,294),(9538,5.0,26,1,289),(9539,6.0,20,1,286),(9540,4.0,20,1,281),(9541,7.5,20,1,277),(9542,7.6,20,1,294),(9543,4.0,20,1,289),(9544,7.5,33,1,286),(9545,7.0,33,1,281),(9546,7.5,33,1,277),(9547,8.5,33,1,294),(9548,6.5,33,1,289),(9549,5.0,48,1,286),(9550,6.0,48,1,281),(9551,8.5,48,1,277),(9552,9.0,48,1,294),(9553,8.5,48,1,289),(9554,7.0,43,1,285),(9555,7.4,43,1,282),(9556,9.0,43,1,292),(9557,9.0,43,1,288),(9558,8.4,43,1,283),(9559,8.5,47,1,283),(9560,8.5,47,1,288),(9561,7.0,47,1,292),(9562,7.0,47,1,282),(9563,6.5,47,1,285),(9564,9.5,46,1,285),(9565,7.5,46,1,282),(9566,8.0,46,1,292),(9567,8.0,46,1,288),(9568,8.5,46,1,283),(9569,9.0,28,1,285),(9570,8.0,28,1,282),(9571,8.5,28,1,292),(9572,8.5,28,1,288),(9573,6.5,28,1,283),(9574,7.5,31,1,285),(9575,8.0,31,1,282),(9576,8.0,31,1,292),(9577,8.0,31,1,288),(9578,7.5,31,1,283),(9579,8.0,30,1,283),(9580,8.0,30,1,288),(9581,7.0,30,1,292),(9582,8.0,30,1,282),(9583,8.0,30,1,285),(9584,8.0,32,1,285),(9585,8.0,32,1,282),(9586,8.0,32,1,292),(9587,8.0,32,1,288),(9588,7.5,32,1,283),(9589,9.0,29,1,285),(9590,8.0,29,1,282),(9591,8.0,29,1,292),(9592,8.0,29,1,288),(9593,7.5,29,1,283),(9594,6.0,27,1,283),(9595,7.0,27,1,288),(9596,7.0,27,1,292),(9597,6.0,27,1,282),(9598,7.0,27,1,285),(9599,6.0,26,1,283),(9600,7.0,26,1,288),(9601,6.5,26,1,292),(9602,5.0,26,1,282),(9603,8.0,26,1,285),(9604,8.0,20,1,285),(9605,7.2,20,1,282),(9606,7.8,20,1,292),(9607,8.0,20,1,288),(9608,4.5,20,1,283),(9609,8.5,33,1,285),(9610,7.5,33,1,282),(9611,8.0,33,1,292),(9612,7.5,33,1,288),(9613,8.0,48,1,285),(9614,6.0,48,1,282),(9615,8.5,48,1,292),(9616,5.0,48,1,288),(9617,7.0,48,1,283),(9618,8.0,34,2,314),(9619,6.0,34,2,310),(9620,6.0,34,2,312),(9621,7.0,34,2,305),(9622,6.0,34,2,308),(9623,5.0,34,2,320),(9624,8.5,34,2,315),(9625,6.5,34,2,307),(9626,7.0,34,2,328),(9627,6.5,34,2,505),(9628,5.0,34,2,319),(9629,5.0,34,2,311),(9630,8.5,34,2,313),(9631,9.0,34,2,506),(9632,7.0,34,2,324),(9633,7.0,34,2,504),(9634,6.0,34,2,507),(9635,7.0,34,2,375),(9636,6.0,34,2,298),(9637,6.0,34,2,508),(9638,6.5,34,2,299),(9639,7.0,34,2,303),(9640,5.0,34,2,334),(9641,8.0,34,2,341),(9642,7.0,34,2,302),(9643,7.5,34,2,306),(9644,8.0,34,2,318),(9645,8.5,34,2,325),(9646,8.0,34,2,331),(9647,5.0,34,2,300),(9648,7.5,34,2,330),(9650,8.0,34,2,382),(9651,8.0,34,2,370),(9652,6.5,34,2,384),(9653,7.0,34,2,374),(9654,7.0,34,2,379),(9655,7.0,34,2,510),(9656,8.5,34,2,380),(9657,6.0,34,2,368),(9658,7.5,34,2,383),(9659,9.0,34,2,381),(9660,6.0,34,2,364),(9661,8.0,34,2,372),(9662,8.5,34,2,373),(9663,7.0,34,2,377),(9664,7.0,34,2,385),(9665,7.0,34,2,378),(9666,7.0,34,2,371),(9667,7.0,34,2,376),(9668,8.0,34,2,369),(9669,7.5,34,2,367),(9670,7.0,34,2,365),(9671,7.0,34,2,511),(9672,5.0,35,2,379),(9673,8.0,35,2,374),(9674,6.5,35,2,384),(9675,6.0,35,2,370),(9676,9.0,35,2,382),(9677,10.0,35,2,381),(9678,7.5,35,2,383),(9679,5.0,35,2,368),(9680,8.5,35,2,380),(9681,5.0,35,2,510),(9682,6.0,35,2,385),(9683,7.5,35,2,377),(9684,9.0,35,2,373),(9685,8.0,35,2,372),(9686,5.0,35,2,364),(9687,8.0,35,2,378),(9688,6.0,35,2,371),(9689,6.0,35,2,376),(9690,8.0,35,2,369),(9691,9.0,35,2,367),(9692,9.0,35,2,365),(9693,6.0,35,2,511),(9694,7.5,35,2,304),(9695,8.0,35,2,403),(9696,8.0,35,2,401),(9697,6.0,35,2,392),(9698,8.0,35,2,390),(9699,7.5,35,2,513),(9700,7.5,35,2,395),(9701,7.0,35,2,389),(9702,6.0,35,2,387),(9703,6.0,35,2,393),(9704,7.5,35,2,402),(9705,7.0,35,2,398),(9706,8.0,35,2,400),(9707,8.0,35,2,514),(9708,7.2,35,2,386),(9709,7.0,35,2,397),(9710,7.0,35,2,396),(9711,7.0,35,2,388),(9712,8.0,35,2,391),(9713,7.5,35,2,399),(9714,7.2,34,2,304),(9715,7.5,34,2,403),(9716,8.0,34,2,401),(9717,7.7,34,2,392),(9718,5.0,34,2,390),(9719,7.0,34,2,387),(9720,7.0,34,2,389),(9721,8.0,34,2,395),(9722,7.0,34,2,513),(9723,6.0,34,2,393),(9724,7.5,34,2,402),(9725,7.0,34,2,398),(9726,7.0,34,2,400),(9727,8.0,34,2,514),(9728,8.0,34,2,386),(9729,7.0,34,2,397),(9730,7.0,34,2,396),(9731,7.0,34,2,388),(9732,8.0,34,2,391),(9733,8.0,34,2,399),(9734,9.0,34,2,420),(9735,9.0,34,2,410),(9736,6.0,34,2,421),(9737,6.0,34,2,423),(9738,6.0,34,2,515),(9739,7.0,34,2,426),(9740,9.0,34,2,413),(9741,5.5,34,2,516),(9742,8.5,34,2,427),(9743,6.0,34,2,406),(9744,9.0,34,2,417),(9745,8.0,34,2,411),(9746,8.0,34,2,425),(9747,8.0,34,2,404),(9748,7.0,34,2,419),(9749,5.0,34,2,414),(9750,9.0,34,2,422),(9751,5.0,34,2,412),(9752,7.0,34,2,517),(9753,7.0,34,2,418),(9754,9.0,34,2,416),(9755,9.0,34,2,405),(9756,5.0,34,2,518),(9757,5.5,34,2,424),(9758,8.0,34,2,407),(9759,6.0,34,2,409),(9760,6.0,34,2,519),(9761,8.0,35,2,420),(9762,8.0,35,2,410),(9763,6.0,35,2,421),(9764,5.5,35,2,423),(9765,6.0,35,2,515),(9766,6.0,35,2,426),(9767,6.0,35,2,413),(9768,5.0,35,2,516),(9769,5.0,35,2,427),(9770,8.5,35,2,406),(9771,7.0,35,2,417),(9772,5.0,35,2,411),(9773,7.0,35,2,425),(9774,7.0,35,2,404),(9775,5.0,35,2,419),(9776,6.0,35,2,414),(9777,7.0,35,2,422),(9778,6.0,35,2,412),(9779,5.0,35,2,517),(9780,5.0,35,2,418),(9781,7.5,35,2,416),(9782,7.8,35,2,405),(9783,6.0,35,2,518),(9784,5.0,35,2,424),(9785,7.0,35,2,407),(9786,7.8,35,2,409),(9787,6.0,35,2,519),(9788,8.0,35,2,451),(9789,7.0,35,2,430),(9790,8.5,35,2,520),(9791,8.0,35,2,444),(9792,9.0,35,2,431),(9793,8.0,35,2,439),(9794,9.0,35,2,447),(9795,7.0,35,2,442),(9796,8.5,35,2,446),(9797,8.0,35,2,454),(9798,9.0,35,2,429),(9799,7.0,35,2,521),(9800,7.0,35,2,438),(9801,7.5,35,2,432),(9802,8.0,35,2,434),(9803,8.0,35,2,443),(9804,8.0,35,2,435),(9805,9.0,35,2,449),(9806,7.5,35,2,450),(9807,9.0,35,2,433),(9808,7.5,35,2,453),(9809,8.0,35,2,436),(9810,8.0,35,2,452),(9811,7.5,35,2,440),(9812,8.0,35,2,441),(9813,8.0,35,2,448),(9814,7.0,35,2,437),(9815,7.0,35,2,428),(9816,7.5,35,2,445),(9817,7.5,35,2,455),(9818,7.0,34,2,451),(9819,6.0,34,2,430),(9820,8.5,34,2,520),(9821,7.0,34,2,444),(9822,7.0,34,2,431),(9823,7.0,34,2,439),(9824,6.0,34,2,447),(9825,6.5,34,2,442),(9826,7.2,34,2,446),(9827,7.5,34,2,454),(9828,7.2,34,2,429),(9829,6.0,34,2,521),(9830,6.5,34,2,438),(9831,4.0,34,2,432),(9832,6.0,34,2,434),(9833,8.0,34,2,443),(9834,6.0,34,2,435),(9835,6.0,34,2,449),(9836,5.0,34,2,450),(9837,7.0,34,2,433),(9838,6.7,34,2,453),(9839,6.5,34,2,436),(9840,4.0,34,2,452),(9841,5.0,34,2,440),(9842,7.5,34,2,441),(9843,6.0,34,2,455),(9844,7.2,34,2,445),(9845,6.0,34,2,428),(9846,5.0,34,2,437),(9847,7.0,34,2,448),(9848,8.0,34,2,463),(9849,8.0,34,2,462),(9850,6.0,34,2,459),(9851,8.0,34,2,456),(9852,8.0,34,2,466),(9853,8.0,34,2,457),(9854,8.0,34,2,465),(9855,8.0,34,2,458),(9856,8.0,34,2,522),(9857,7.0,34,2,464),(9858,7.0,34,2,460),(9859,8.0,35,2,463),(9860,7.5,35,2,462),(9861,8.0,35,2,459),(9862,8.0,35,2,456),(9863,7.7,35,2,466),(9864,7.0,35,2,460),(9865,8.0,35,2,457),(9866,8.0,35,2,465),(9867,7.9,35,2,458),(9868,7.0,35,2,522),(9869,7.0,35,2,464),(9870,7.0,35,2,467),(9871,7.0,35,2,470),(9872,7.0,35,2,474),(9873,7.0,35,2,476),(9874,7.0,35,2,472),(9875,7.0,35,2,473),(9876,7.0,35,2,475),(9877,7.0,35,2,469),(9878,7.0,35,2,468),(9879,8.0,34,2,472),(9880,8.0,34,2,476),(9881,8.0,34,2,474),(9882,8.0,34,2,470),(9883,8.0,34,2,467),(9884,8.0,34,2,473),(9885,8.0,34,2,475),(9886,8.0,34,2,469),(9887,8.0,34,2,468),(9888,7.0,34,2,344),(9889,7.0,34,2,347),(9890,7.0,34,2,350),(9891,6.5,34,2,509),(9892,7.5,34,2,352),(9893,7.0,34,2,336),(9894,8.0,34,2,317),(9895,7.0,34,2,361),(9896,7.0,34,2,343),(9897,7.0,34,2,359),(9898,8.0,34,2,345),(9899,7.0,34,2,360),(9900,8.0,34,2,356),(9901,7.0,34,2,358),(9902,7.0,34,2,348),(9903,7.0,34,2,340),(9904,6.0,34,2,354),(9905,7.0,34,2,363),(9906,8.0,34,2,335),(9907,7.0,34,2,353),(9908,7.0,34,2,355),(9909,8.0,34,2,346),(9910,7.0,34,2,337),(9911,8.0,34,2,338),(9912,8.0,34,2,339),(9913,6.0,34,2,349),(9914,7.0,34,2,342),(9915,7.0,34,2,316),(9916,7.0,36,2,305),(9917,6.5,36,2,312),(9918,8.6,36,2,314),(9919,6.8,36,2,308),(9920,6.0,36,2,320),(9921,6.6,36,2,330),(9922,6.0,36,2,315),(9923,6.0,36,2,307),(9924,8.7,36,2,328),(9925,5.3,36,2,319),(9926,7.3,36,2,311),(9927,7.4,36,2,313),(9928,8.0,36,2,505),(9929,7.6,36,2,506),(9930,8.6,36,2,324),(9931,5.0,36,2,504),(9932,6.7,36,2,507),(9933,7.6,36,2,375),(9934,6.4,36,2,298),(9935,7.0,36,2,508),(9936,7.6,36,2,303),(9937,7.5,36,2,299),(9938,7.6,36,2,334),(9939,7.6,36,2,341),(9940,6.5,36,2,302),(9941,6.0,36,2,306),(9942,7.7,36,2,318),(9943,8.4,36,2,325),(9944,7.3,36,2,331),(9945,7.0,36,2,300),(9946,8.6,35,2,314),(9947,6.5,35,2,310),(9948,6.3,35,2,312),(9949,6.0,35,2,305),(9950,6.0,29,2,305),(9951,7.0,29,2,312),(9952,7.5,29,2,310),(9953,8.7,29,2,314),(9954,5.5,35,2,320),(9955,6.8,35,2,308),(9956,7.6,29,2,308),(9957,5.0,29,2,320),(9958,6.2,29,2,330),(9959,7.3,29,2,315),(9960,6.0,29,2,307),(9961,7.8,29,2,328),(9962,6.0,35,2,330),(9963,6.8,35,2,315),(9964,7.4,35,2,307),(9965,7.0,35,2,328),(9966,6.0,35,2,319),(9967,7.0,35,2,311),(9968,6.5,35,2,313),(9969,7.5,35,2,505),(9970,6.3,29,2,319),(9971,8.0,29,2,311),(9972,8.5,29,2,313),(9973,8.4,29,2,505),(9974,7.6,29,2,506),(9975,6.7,29,2,324),(9976,6.0,29,2,504),(9977,7.5,35,2,506),(9978,7.0,35,2,324),(9979,5.0,35,2,504),(9980,6.8,35,2,507),(9981,8.0,35,2,375),(9982,6.5,35,2,298),(9983,6.0,35,2,508),(9984,7.0,29,2,507),(9985,8.0,29,2,375),(9986,6.0,29,2,298),(9987,6.5,29,2,508),(9988,6.5,29,2,303),(9989,6.0,29,2,299),(9990,8.0,29,2,334),(9991,7.0,29,2,341),(9992,6.5,29,2,302),(9993,7.0,35,2,303),(9994,6.0,35,2,299),(9995,7.0,35,2,334),(9996,6.0,35,2,341),(9997,6.0,35,2,302),(9998,6.0,35,2,331),(9999,7.0,35,2,325),(10000,6.0,35,2,318),(10001,6.4,35,2,306),(10002,6.0,29,2,331),(10003,7.0,29,2,325),(10004,6.5,29,2,318),(10005,6.0,29,2,306),(10006,7.0,29,2,300),(10007,6.0,35,2,300),(10008,5.0,35,2,344),(10009,5.0,35,2,347),(10010,5.0,35,2,350),(10011,5.0,35,2,509),(10012,6.4,36,2,509),(10013,7.0,36,2,350),(10014,5.0,36,2,347),(10015,8.2,36,2,344),(10016,7.0,29,2,350),(10017,6.0,29,2,347),(10018,7.4,29,2,344),(10019,6.2,29,2,509),(10020,8.7,29,2,352),(10021,5.6,29,2,336),(10022,7.6,29,2,317),(10023,7.8,29,2,361),(10024,6.0,29,2,343),(10025,7.3,35,2,352),(10026,5.0,35,2,336),(10027,6.0,35,2,317),(10028,6.0,35,2,361),(10029,5.0,35,2,343),(10030,7.0,36,2,352),(10031,5.0,36,2,336),(10032,6.3,36,2,317),(10033,8.4,36,2,361),(10034,6.6,36,2,343),(10035,6.0,36,2,359),(10036,6.0,36,2,345),(10037,5.4,36,2,360),(10038,8.3,36,2,356),(10039,8.0,36,2,358),(10040,5.0,35,2,359),(10041,5.0,35,2,345),(10042,5.0,35,2,360),(10043,6.0,35,2,356),(10044,6.0,35,2,358),(10045,8.6,29,2,358),(10046,8.2,29,2,356),(10047,6.0,29,2,360),(10048,6.0,29,2,345),(10049,6.0,29,2,359),(10050,6.0,29,2,354),(10051,6.4,29,2,340),(10052,6.8,29,2,348),(10053,5.0,35,2,348),(10054,5.0,35,2,340),(10055,5.0,35,2,354),(10056,6.0,36,2,354),(10057,7.4,36,2,340),(10058,8.0,36,2,348),(10059,6.5,36,2,363),(10060,7.0,36,2,335),(10061,8.3,36,2,353),(10062,6.4,36,2,355),(10063,5.0,36,2,346),(10064,5.0,35,2,363),(10065,5.0,35,2,335),(10066,6.0,35,2,353),(10067,7.0,35,2,355),(10068,5.0,35,2,346),(10069,6.0,29,2,363),(10070,7.2,29,2,335),(10071,7.4,29,2,353),(10072,6.6,29,2,355),(10073,6.1,29,2,346),(10074,6.0,29,2,342),(10075,6.0,29,2,349),(10076,7.4,29,2,339),(10077,7.0,29,2,338),(10078,7.3,29,2,337),(10079,5.0,35,2,337),(10080,5.0,35,2,338),(10081,5.0,35,2,339),(10082,6.5,35,2,349),(10083,5.0,35,2,342),(10084,7.0,36,2,337),(10085,7.0,36,2,338),(10086,6.0,36,2,339),(10087,5.0,36,2,349),(10088,7.1,36,2,342),(10089,8.0,36,2,316),(10090,5.0,35,2,316),(10091,7.6,29,2,316),(10092,9.5,36,2,382),(10093,9.3,36,2,370),(10094,6.5,36,2,384),(10095,7.2,36,2,374),(10096,7.2,36,2,379),(10097,6.6,29,2,379),(10098,6.0,29,2,374),(10099,7.2,29,2,384),(10100,9.6,29,2,370),(10101,9.5,29,2,382),(10102,9.0,29,2,510),(10103,8.7,29,2,380),(10104,8.0,29,2,368),(10105,8.2,29,2,383),(10106,9.5,29,2,381),(10107,8.8,36,2,510),(10108,9.5,36,2,380),(10109,6.0,36,2,368),(10110,9.0,36,2,383),(10111,9.6,36,2,381),(10112,8.6,36,2,385),(10113,7.0,36,2,377),(10114,9.5,36,2,373),(10115,8.2,36,2,372),(10116,9.0,36,2,364),(10117,7.5,29,2,364),(10118,8.0,29,2,372),(10119,9.4,29,2,373),(10120,6.5,29,2,377),(10121,7.0,29,2,385),(10122,7.4,29,2,378),(10123,7.2,29,2,371),(10124,8.3,29,2,376),(10125,6.7,29,2,369),(10126,7.2,36,2,378),(10127,7.0,36,2,371),(10128,7.6,36,2,376),(10129,6.0,36,2,369),(10130,5.0,36,2,512),(10131,7.0,29,2,512),(10132,9.5,29,2,365),(10133,7.7,29,2,511),(10134,8.8,29,2,367),(10135,9.5,36,2,365),(10136,8.5,36,2,511),(10137,6.0,36,2,367),(10138,8.5,36,2,390),(10139,1.0,36,2,392),(10140,7.6,36,2,401),(10141,7.8,36,2,403),(10142,7.0,36,2,304),(10143,8.6,29,2,304),(10144,6.7,29,2,403),(10145,8.6,29,2,401),(10146,6.0,29,2,392),(10147,8.4,29,2,390),(10148,7.0,29,2,513),(10149,8.0,29,2,395),(10150,8.0,29,2,389),(10151,7.8,29,2,387),(10152,8.0,36,2,513),(10154,7.8,36,2,389),(10155,8.6,36,2,387),(10156,8.5,36,2,514),(10157,8.8,36,2,400),(10158,7.0,36,2,398),(10159,8.0,36,2,402),(10160,6.6,36,2,393),(10161,7.5,29,2,514),(10162,8.3,29,2,400),(10163,6.8,29,2,398),(10164,8.2,29,2,402),(10165,7.2,29,2,393),(10166,7.0,29,2,388),(10167,7.5,29,2,396),(10168,6.0,29,2,397),(10169,6.0,29,2,386),(10170,7.8,29,2,391),(10171,6.0,29,2,399),(10172,6.8,36,2,399),(10173,9.0,36,2,391),(10174,7.6,36,2,423),(10175,7.8,36,2,421),(10176,7.6,36,2,410),(10177,8.5,36,2,420),(10178,6.8,29,2,423),(10179,8.2,29,2,421),(10180,7.0,29,2,410),(10181,8.0,29,2,420),(10182,7.7,29,2,516),(10183,7.5,29,2,413),(10184,7.0,29,2,426),(10185,6.0,29,2,515),(10187,7.0,36,2,413),(10188,7.4,36,2,426),(10189,7.0,36,2,515),(10190,7.3,36,2,427),(10191,6.0,36,2,406),(10192,7.5,36,2,417),(10193,7.0,36,2,411),(10194,8.2,36,2,425),(10195,7.0,29,2,425),(10196,6.8,29,2,411),(10197,7.0,29,2,417),(10198,7.0,29,2,406),(10199,7.8,29,2,427),(10200,8.0,29,2,404),(10201,7.0,29,2,419),(10202,6.7,29,2,414),(10203,7.5,29,2,422),(10204,6.7,29,2,412),(10205,6.5,36,2,412),(10206,7.4,36,2,422),(10207,7.0,36,2,414),(10208,6.5,36,2,419),(10209,8.0,36,2,404),(10210,6.8,36,2,517),(10211,6.0,36,2,418),(10212,7.0,36,2,416),(10213,7.5,36,2,405),(10214,6.0,36,2,518),(10215,6.0,29,2,518),(10216,7.0,29,2,405),(10217,7.5,29,2,416),(10218,6.6,29,2,418),(10219,7.8,29,2,517),(10220,6.0,29,2,424),(10221,7.0,29,2,407),(10222,7.0,29,2,409),(10223,7.0,29,2,519),(10224,6.6,36,2,424),(10225,6.8,36,2,407),(10226,6.7,36,2,409),(10227,6.5,36,2,519),(10228,8.4,36,2,451),(10229,7.5,36,2,430),(10230,8.0,36,2,520),(10231,8.5,36,2,444),(10232,9.0,36,2,431),(10233,9.0,29,2,431),(10234,9.2,29,2,444),(10235,9.0,29,2,520),(10236,8.6,29,2,430),(10237,7.0,29,2,451),(10238,9.4,29,2,439),(10239,9.0,29,2,447),(10240,8.4,29,2,442),(10241,8.0,29,2,446),(10242,9.0,29,2,454),(10243,9.2,36,2,439),(10244,9.3,36,2,447),(10245,7.6,36,2,442),(10246,6.5,36,2,446),(10247,7.0,36,2,454),(10248,8.7,29,2,434),(10249,7.0,29,2,432),(10250,9.0,29,2,438),(10251,8.9,29,2,521),(10252,7.5,29,2,429),(10253,7.0,36,2,429),(10254,9.0,36,2,521),(10255,7.0,36,2,438),(10256,5.4,36,2,432),(10257,8.4,36,2,434),(10258,7.7,36,2,433),(10259,7.0,36,2,450),(10260,8.3,36,2,449),(10261,5.0,36,2,435),(10262,8.5,36,2,443),(10263,9.6,29,2,443),(10264,7.0,29,2,435),(10265,8.8,29,2,449),(10266,8.4,29,2,450),(10267,7.0,29,2,433),(10268,8.9,29,2,441),(10269,9.0,29,2,440),(10270,9.6,29,2,452),(10271,8.5,29,2,436),(10272,7.5,29,2,453),(10273,8.8,36,2,441),(10274,7.9,36,2,440),(10275,8.0,36,2,452),(10276,9.0,36,2,436),(10277,6.9,36,2,453),(10278,8.0,36,2,448),(10279,8.0,29,2,448),(10280,6.7,36,2,437),(10281,9.0,36,2,428),(10282,7.0,36,2,445),(10283,7.0,36,2,455),(10284,6.5,29,2,455),(10285,8.8,29,2,445),(10286,8.0,29,2,428),(10287,7.5,29,2,437),(10288,9.0,29,2,463),(10289,9.2,29,2,462),(10290,6.8,29,2,459),(10291,9.5,29,2,456),(10292,9.4,29,2,466),(10293,9.0,36,2,463),(10294,8.2,36,2,462),(10295,9.0,36,2,459),(10296,8.0,36,2,456),(10297,8.9,36,2,466),(10298,9.0,36,2,458),(10299,9.0,36,2,465),(10300,9.4,36,2,457),(10301,8.0,36,2,460),(10302,9.0,29,2,458),(10303,9.5,29,2,465),(10304,6.0,29,2,457),(10305,6.0,29,2,460),(10306,8.0,29,2,522),(10307,6.0,29,2,464),(10308,9.0,36,2,522),(10309,5.0,36,2,464),(10310,9.5,36,2,467),(10311,9.0,36,2,470),(10312,9.0,36,2,474),(10313,6.0,36,2,476),(10314,9.0,36,2,472),(10315,7.5,29,2,467),(10316,7.2,29,2,470),(10317,9.0,29,2,474),(10318,7.2,29,2,476),(10319,7.4,29,2,472),(10320,7.5,29,2,473),(10321,8.0,29,2,475),(10322,9.0,29,2,469),(10323,7.8,29,2,468),(10324,9.0,36,2,468),(10325,9.0,36,2,469),(10326,9.2,36,2,475),(10327,9.0,36,2,473),(10328,7.0,36,2,310),(10329,7.0,28,2,313),(10330,6.0,28,2,303),(10331,6.0,39,2,303),(10332,7.0,31,2,303),(10333,8.0,20,2,303),(10334,8.0,27,2,303),(10335,8.5,43,2,303),(10336,5.0,47,2,303),(10337,6.0,46,2,303),(10338,5.0,46,2,512),(10339,4.0,47,2,512),(10340,7.3,30,2,303),(10341,8.5,32,2,303),(10342,6.0,34,2,512),(10343,8.1,30,1,474),(10344,9.2,32,1,474),(10345,8.3,25,1,474),(10346,6.6,26,2,468),(10347,7.5,33,2,468),(10348,6.0,27,1,446),(10349,7.3,30,1,433),(10350,6.0,36,2,516),(10351,8.9,36,2,395),(10352,6.0,36,2,388),(10353,8.6,36,2,397),(10354,8.0,36,2,396),(10355,8.0,36,2,386),(10356,6.2,32,1,343),(10357,5.0,47,1,345),(10358,6.0,46,1,345),(10359,7.5,33,2,338),(10360,7.0,33,2,337),(10361,7.5,33,2,339),(10362,6.5,33,2,349),(10363,7.0,33,2,342),(10364,6.5,20,1,119),(10365,5.0,20,1,105),(10366,8.0,20,1,106),(10367,6.0,20,1,655),(10368,5.0,20,1,117),(10369,6.0,47,1,229),(10370,8.0,47,1,238),(10371,5.0,47,1,236),(10372,7.0,47,1,241),(10373,5.5,47,1,235),(10374,6.0,29,1,554),(10375,8.0,32,1,286),(10376,8.0,32,1,281),(10377,8.0,32,1,289),(10378,8.0,32,1,294),(10379,7.5,33,1,283),(10380,8.0,32,1,277),(10381,7.0,43,2,51),(10382,7.0,47,2,51),(10383,7.0,46,2,51),(10384,6.0,31,2,51),(10385,7.0,30,2,51),(10386,7.0,32,2,51),(10387,7.0,29,2,51),(10388,5.0,27,2,51),(10389,6.0,26,2,51),(10390,5.0,20,2,51),(10391,6.0,33,2,51),(10392,7.0,48,2,51),(10393,7.0,28,2,51),(10394,7.0,43,2,545),(10395,7.0,47,2,545),(10396,7.0,46,2,545),(10397,7.0,28,2,545),(10398,7.0,31,2,545),(10399,7.0,30,2,545),(10400,7.5,32,2,545),(10401,7.0,29,2,545),(10402,6.0,27,2,545),(10403,6.0,26,2,545),(10404,6.0,20,2,545),(10405,7.0,33,2,545),(10406,7.0,48,2,545),(10407,6.5,43,2,636),(10408,7.0,47,2,636),(10409,7.0,46,2,636),(10410,7.5,28,2,636),(10411,7.5,31,2,636),(10412,7.5,30,2,636),(10413,7.5,32,2,636),(10414,7.0,29,2,636),(10415,5.0,27,2,636),(10416,6.0,26,2,636),(10417,5.0,20,2,636),(10418,7.0,33,2,636),(10419,7.0,48,2,636),(10420,7.0,43,2,102),(10421,7.0,47,2,102),(10422,7.0,46,2,102),(10423,7.5,28,2,102),(10424,7.5,31,2,102),(10425,8.0,30,2,102),(10426,8.0,32,2,102),(10427,7.5,29,2,102),(10428,7.0,27,2,102),(10429,7.0,20,2,102),(10430,8.0,48,2,102),(10431,6.0,26,2,102),(10432,7.0,33,2,102),(10433,7.0,43,2,62),(10434,7.0,47,2,62),(10435,7.0,46,2,62),(10436,8.0,28,2,62),(10437,7.0,31,2,62),(10438,8.0,30,2,62),(10439,7.0,32,2,62),(10440,8.0,29,2,62),(10441,6.5,27,2,62),(10442,6.0,26,2,62),(10443,6.5,20,2,62),(10444,7.0,33,2,62),(10445,8.0,48,2,62),(10446,6.5,43,2,47),(10447,6.5,47,2,47),(10448,7.0,46,2,47),(10449,8.0,28,2,47),(10450,7.0,31,2,47),(10451,8.0,30,2,47),(10452,7.0,32,2,47),(10453,8.0,29,2,47),(10454,6.0,27,2,47),(10455,6.0,26,2,47),(10456,5.0,20,2,47),(10457,7.0,33,2,47),(10458,8.0,48,2,47),(10459,7.0,43,2,49),(10460,7.0,47,2,49),(10461,7.0,46,2,49),(10462,7.0,28,2,49),(10463,7.0,31,2,49),(10464,8.0,30,2,49),(10465,7.5,32,2,49),(10466,8.0,29,2,49),(10467,7.0,27,2,49),(10468,7.0,26,2,49),(10469,7.0,20,2,49),(10470,7.0,33,2,49),(10471,8.0,48,2,49),(10472,6.5,43,2,546),(10473,6.5,47,2,546),(10474,7.0,46,2,546),(10475,8.0,28,2,546),(10476,7.0,31,2,546),(10477,8.0,30,2,546),(10478,7.0,32,2,546),(10479,8.0,29,2,546),(10480,5.0,27,2,546),(10481,5.0,26,2,546),(10482,6.0,20,2,546),(10483,6.5,33,2,546),(10484,8.0,48,2,546),(10485,8.0,43,2,662),(10486,8.0,47,2,662),(10487,8.0,46,2,662),(10488,8.0,28,2,662),(10489,8.0,31,2,662),(10490,8.5,30,2,662),(10491,8.0,32,2,662),(10492,8.5,29,2,662),(10493,8.0,27,2,662),(10494,8.0,26,2,662),(10495,8.5,20,2,662),(10496,8.0,33,2,662),(10497,8.5,48,2,662),(10498,7.0,43,2,53),(10499,6.5,47,2,53),(10500,7.0,46,2,53),(10501,7.0,28,2,53),(10502,7.5,31,2,53),(10503,7.0,30,2,53),(10504,7.5,32,2,53),(10505,8.0,29,2,53),(10506,6.0,27,2,53),(10507,6.0,26,2,53),(10508,6.0,20,2,53),(10509,7.0,33,2,53),(10510,8.0,48,2,53),(10511,7.0,43,2,544),(10512,7.0,47,2,544),(10513,7.0,46,2,544),(10514,7.0,28,2,544),(10515,7.0,31,2,544),(10516,7.0,30,2,544),(10517,7.0,32,2,544),(10518,7.0,29,2,544),(10519,7.0,27,2,544),(10520,6.0,26,2,544),(10521,6.5,20,2,544),(10522,7.0,33,2,544),(10523,7.0,48,2,544),(10524,7.0,43,2,56),(10525,7.0,47,2,56),(10526,7.0,46,2,56),(10527,7.0,28,2,56),(10528,7.0,31,2,56),(10529,7.0,30,2,56),(10530,7.0,32,2,56),(10531,7.0,29,2,56),(10532,5.0,27,2,56),(10533,6.0,26,2,56),(10534,5.0,20,2,56),(10535,7.0,33,2,56),(10536,7.0,48,2,56),(10537,7.0,43,2,547),(10538,6.5,47,2,547),(10539,7.0,46,2,547),(10540,7.0,28,2,547),(10541,7.0,31,2,547),(10542,7.0,30,2,547),(10543,7.0,32,2,547),(10544,7.0,29,2,547),(10545,6.0,27,2,547),(10546,6.0,26,2,547),(10547,6.0,20,2,547),(10548,7.0,33,2,547),(10549,7.0,48,2,547),(10550,7.0,43,2,52),(10551,7.0,47,2,52),(10552,7.0,46,2,52),(10553,7.0,28,2,52),(10554,7.0,31,2,52),(10555,7.0,30,2,52),(10556,7.0,32,2,52),(10557,7.0,29,2,52),(10558,6.5,27,2,52),(10559,6.0,26,2,52),(10560,5.0,20,2,52),(10561,7.0,33,2,52),(10562,8.0,48,2,52),(10563,5.0,43,2,635),(10564,5.0,47,2,635),(10565,5.0,46,2,635),(10566,5.0,28,2,635),(10567,5.0,31,2,635),(10568,5.0,30,2,635),(10569,5.0,32,2,635),(10570,5.0,29,2,635),(10571,5.0,27,2,635),(10572,5.0,26,2,635),(10573,5.0,20,2,635),(10574,5.0,33,2,635),(10575,5.0,48,2,635),(10576,5.0,43,2,634),(10577,5.0,47,2,634),(10578,5.0,46,2,634),(10579,5.0,28,2,634),(10580,5.0,31,2,634),(10581,5.0,30,2,634),(10582,5.0,32,2,634),(10583,5.0,29,2,634),(10584,5.0,27,2,634),(10585,5.0,26,2,634),(10586,5.0,20,2,634),(10587,5.0,33,2,634),(10588,5.0,48,2,634),(10589,7.0,43,2,548),(10590,7.0,47,2,548),(10591,7.0,46,2,548),(10592,7.0,28,2,548),(10593,7.0,31,2,548),(10594,7.0,30,2,548),(10595,7.0,32,2,548),(10596,7.0,29,2,548),(10597,5.0,27,2,548),(10598,6.0,26,2,548),(10599,6.0,20,2,548),(10600,7.0,33,2,548),(10601,7.0,48,2,548),(10602,7.0,43,2,57),(10603,7.0,47,2,57),(10604,7.0,46,2,57),(10605,7.0,28,2,57),(10606,7.0,31,2,57),(10607,7.0,30,2,57),(10608,7.0,32,2,57),(10609,7.0,29,2,57),(10610,6.5,27,2,57),(10611,6.0,26,2,57),(10612,6.5,20,2,57),(10613,7.0,33,2,57),(10614,7.0,48,2,57),(10615,5.0,43,2,48),(10616,5.0,47,2,48),(10617,5.0,46,2,48),(10618,5.0,28,2,48),(10619,5.0,31,2,48),(10620,5.0,30,2,48),(10621,5.0,32,2,48),(10622,5.0,29,2,48),(10623,5.0,27,2,48),(10624,5.0,26,2,48),(10625,5.0,20,2,48),(10626,5.0,33,2,48),(10627,5.0,48,2,48),(10628,7.0,43,2,59),(10629,7.0,47,2,59),(10630,7.0,46,2,59),(10631,7.0,28,2,59),(10632,7.0,31,2,59),(10633,7.0,30,2,59),(10634,7.0,32,2,59),(10635,7.0,29,2,59),(10636,6.0,27,2,59),(10637,6.0,26,2,59),(10638,6.0,20,2,59),(10639,7.0,33,2,59),(10640,7.0,48,2,59),(10641,6.0,43,2,549),(10642,6.5,47,2,549),(10643,6.0,46,2,549),(10644,6.5,28,2,549),(10645,6.0,31,2,549),(10646,7.0,30,2,549),(10647,7.0,32,2,549),(10648,7.0,29,2,549),(10649,5.0,27,2,549),(10650,5.0,26,2,549),(10651,6.0,20,2,549),(10652,7.0,33,2,549),(10653,7.0,48,2,549),(10654,6.5,43,2,550),(10655,7.0,47,2,550),(10656,7.0,46,2,550),(10657,7.0,28,2,550),(10658,6.5,31,2,550),(10659,7.0,30,2,550),(10660,7.0,32,2,550),(10661,7.0,29,2,550),(10662,5.0,27,2,550),(10663,6.0,26,2,550),(10664,5.0,20,2,550),(10665,7.0,33,2,550),(10666,7.0,48,2,550),(10667,6.5,43,2,551),(10668,6.0,47,2,551),(10669,6.5,46,2,551),(10670,7.0,28,2,551),(10671,6.5,31,2,551),(10672,7.0,30,2,551),(10673,7.0,32,2,551),(10674,7.0,29,2,551),(10675,6.0,27,2,551),(10676,6.0,26,2,551),(10677,6.0,20,2,551),(10678,7.0,33,2,551),(10679,7.0,48,2,551),(10680,6.5,43,2,60),(10681,7.0,47,2,60),(10682,6.5,46,2,60),(10683,7.0,28,2,60),(10684,6.0,31,2,60),(10685,7.0,30,2,60),(10686,7.0,32,2,60),(10687,7.0,29,2,60),(10688,5.0,27,2,60),(10689,5.0,26,2,60),(10690,5.0,20,2,60),(10691,7.0,33,2,60),(10692,7.0,48,2,60),(10693,6.0,43,2,477),(10694,7.0,28,2,477),(10695,6.0,46,2,477),(10696,6.0,47,2,477),(10697,7.0,31,2,477),(10698,7.0,30,2,477),(10699,8.0,32,2,477),(10700,6.0,29,2,477),(10701,5.0,27,2,477),(10702,6.0,26,2,477),(10703,5.0,20,2,477),(10704,6.0,33,2,477),(10705,9.0,48,2,477),(10706,6.0,43,2,642),(10707,6.0,28,2,642),(10708,6.0,46,2,642),(10709,6.0,47,2,642),(10710,8.0,32,2,642),(10711,7.0,31,2,642),(10712,7.0,30,2,642),(10713,5.0,27,2,642),(10714,6.0,26,2,642),(10715,5.0,20,2,642),(10716,6.0,29,2,642),(10717,6.0,33,2,642),(10718,9.0,48,2,642),(10719,6.0,43,2,641),(10720,6.0,28,2,641),(10721,6.0,46,2,641),(10722,6.0,47,2,641),(10723,7.0,32,2,641),(10724,6.0,31,2,641),(10725,6.0,30,2,641),(10726,5.0,27,2,641),(10727,6.0,26,2,641),(10728,5.0,20,2,641),(10729,6.0,29,2,641),(10730,6.0,33,2,641),(10731,10.0,48,2,641),(10732,6.0,43,2,484),(10733,6.0,28,2,484),(10734,6.0,46,2,484),(10735,6.0,47,2,484),(10736,7.0,32,2,484),(10737,8.0,31,2,484),(10738,7.0,30,2,484),(10739,5.0,27,2,484),(10740,6.0,26,2,484),(10741,5.0,20,2,484),(10742,6.0,29,2,484),(10743,6.0,33,2,484),(10744,10.0,48,2,484),(10745,6.0,43,2,640),(10746,6.0,28,2,640),(10747,6.0,47,2,640),(10748,6.0,46,2,640),(10749,7.0,32,2,640),(10750,6.0,31,2,640),(10751,6.0,30,2,640),(10752,5.0,27,2,640),(10753,6.0,26,2,640),(10754,5.0,20,2,640),(10755,6.0,29,2,640),(10756,6.0,33,2,640),(10757,10.0,48,2,640),(10758,6.0,43,2,491),(10759,6.0,28,2,491),(10760,6.0,46,2,491),(10761,6.0,47,2,491),(10762,7.0,32,2,491),(10763,6.5,31,2,491),(10764,7.0,30,2,491),(10765,5.0,27,2,491),(10766,6.0,26,2,491),(10767,5.0,20,2,491),(10768,5.0,29,2,491),(10769,6.0,33,2,491),(10770,10.0,48,2,491),(10771,6.0,43,2,488),(10772,6.5,28,2,488),(10773,6.5,46,2,488),(10774,6.0,47,2,488),(10775,7.5,32,2,488),(10776,7.0,31,2,488),(10777,7.0,30,2,488),(10778,7.5,27,2,488),(10779,6.5,26,2,488),(10780,6.0,20,2,488),(10781,6.5,29,2,488),(10782,6.0,33,2,488),(10783,10.0,48,2,488),(10784,7.0,43,2,482),(10785,7.0,47,2,482),(10786,7.0,46,2,482),(10787,7.0,28,2,482),(10788,7.5,31,2,482),(10789,8.0,30,2,482),(10790,8.0,32,2,482),(10791,6.5,29,2,482),(10792,7.0,27,2,482),(10793,6.5,26,2,482),(10794,7.0,20,2,482),(10795,6.5,33,2,482),(10796,10.0,48,2,482),(10797,7.5,43,2,485),(10798,7.5,47,2,485),(10799,7.0,46,2,485),(10800,7.0,28,2,485),(10801,7.5,31,2,485),(10802,7.8,30,2,485),(10803,8.0,32,2,485),(10804,6.5,29,2,485),(10805,7.0,27,2,485),(10806,6.5,26,2,485),(10807,6.8,20,2,485),(10808,6.5,33,2,485),(10809,10.0,48,2,485),(10810,6.5,43,2,489),(10811,6.5,47,2,489),(10812,6.5,46,2,489),(10813,6.5,28,2,489),(10814,6.5,31,2,489),(10815,6.8,30,2,489),(10816,7.5,32,2,489),(10817,6.5,29,2,489),(10818,6.5,27,2,489),(10819,6.0,26,2,489),(10820,6.5,20,2,489),(10821,6.0,33,2,489),(10822,10.0,48,2,489),(10823,6.0,43,2,497),(10824,6.0,46,2,497),(10825,6.0,47,2,497),(10826,7.0,28,2,497),(10827,7.5,31,2,497),(10828,8.0,30,2,497),(10829,8.0,32,2,497),(10830,7.0,29,2,497),(10831,7.0,27,2,497),(10832,6.5,26,2,497),(10833,7.0,20,2,497),(10834,7.0,33,2,497),(10835,9.0,48,2,497),(10836,6.5,43,2,483),(10837,6.5,46,2,483),(10838,6.5,47,2,483),(10839,6.0,28,2,483),(10840,6.5,31,2,483),(10841,6.5,30,2,483),(10842,7.0,32,2,483),(10843,6.0,29,2,483),(10844,6.0,26,2,483),(10845,6.0,27,2,483),(10846,5.0,20,2,483),(10847,6.0,33,2,483),(10848,10.0,48,2,483),(10849,7.0,43,2,639),(10850,7.0,46,2,639),(10851,7.0,47,2,639),(10852,8.0,31,2,639),(10853,6.8,28,2,639),(10854,7.0,30,2,639),(10855,8.0,32,2,639),(10856,7.0,29,2,639),(10857,7.5,27,2,639),(10858,6.8,26,2,639),(10859,7.0,20,2,639),(10860,7.0,33,2,639),(10861,10.0,48,2,639),(10862,7.5,43,2,496),(10863,7.5,47,2,496),(10864,7.0,46,2,496),(10865,7.0,28,2,496),(10866,7.0,31,2,496),(10867,7.0,30,2,496),(10868,7.0,32,2,496),(10869,7.0,29,2,496),(10870,7.5,27,2,496),(10871,7.0,26,2,496),(10872,7.0,20,2,496),(10873,7.0,33,2,496),(10874,10.0,48,2,496),(10875,6.5,43,2,492),(10876,6.0,47,2,492),(10877,6.5,46,2,492),(10878,6.5,28,2,492),(10879,6.5,31,2,492),(10880,7.0,30,2,492),(10881,7.0,32,2,492),(10882,6.0,29,2,492),(10883,5.0,27,2,492),(10884,6.8,26,2,492),(10885,5.0,20,2,492),(10886,6.0,33,2,492),(10887,10.0,48,2,492),(10888,7.0,43,2,495),(10889,7.0,46,2,495),(10890,7.0,47,2,495),(10891,7.5,28,2,495),(10892,8.0,31,2,495),(10893,8.0,30,2,495),(10894,7.5,32,2,495),(10895,6.5,29,2,495),(10896,6.8,27,2,495),(10897,6.5,26,2,495),(10898,7.5,20,2,495),(10899,6.5,33,2,495),(10900,9.0,48,2,495),(10901,7.5,43,2,486),(10902,7.0,46,2,486),(10903,7.0,47,2,486),(10904,7.0,28,2,486),(10905,7.5,31,2,486),(10906,7.0,30,2,486),(10907,7.0,32,2,486),(10908,6.5,29,2,486),(10909,7.5,27,2,486),(10910,6.5,26,2,486),(10911,7.0,20,2,486),(10912,6.5,33,2,486),(10913,10.0,48,2,486),(10914,6.5,43,2,637),(10915,6.0,47,2,637),(10916,6.0,46,2,637),(10917,6.0,28,2,637),(10918,6.0,31,2,637),(10919,6.0,30,2,637),(10920,6.5,32,2,637),(10921,6.0,29,2,637),(10922,5.0,27,2,637),(10923,6.5,26,2,637),(10924,6.5,20,2,637),(10925,6.0,33,2,637),(10926,10.0,48,2,637),(10927,7.0,43,2,78),(10928,7.0,28,2,78),(10929,7.0,46,2,78),(10930,7.0,47,2,78),(10931,7.0,31,2,78),(10932,7.0,30,2,78),(10933,8.0,32,2,78),(10934,6.5,29,2,78),(10935,6.8,27,2,78),(10936,6.5,26,2,78),(10937,7.0,20,2,78),(10938,6.5,33,2,78),(10939,10.0,48,2,78),(10940,6.5,43,2,493),(10941,6.0,47,2,493),(10942,6.0,46,2,493),(10943,6.0,28,2,493),(10944,6.0,31,2,493),(10945,6.5,30,2,493),(10946,7.0,32,2,493),(10947,6.0,29,2,493),(10948,5.0,27,2,493),(10949,6.0,26,2,493),(10950,5.0,20,2,493),(10951,6.0,33,2,493),(10952,10.0,48,2,493),(10953,6.0,43,2,61),(10954,6.0,46,2,61),(10955,6.0,47,2,61),(10956,6.0,28,2,61),(10957,6.0,31,2,61),(10958,7.0,30,2,61),(10959,6.0,32,2,61),(10960,6.0,29,2,61),(10961,6.5,27,2,61),(10962,6.0,26,2,61),(10963,5.0,20,2,61),(10964,6.0,33,2,61),(10965,9.0,48,2,61),(10966,6.5,43,2,490),(10967,6.0,47,2,490),(10968,6.0,46,2,490),(10969,6.0,28,2,490),(10970,6.0,31,2,490),(10971,6.0,30,2,490),(10972,7.0,32,2,490),(10973,6.0,29,2,490),(10974,6.0,27,2,490),(10975,5.0,20,2,490),(10976,6.0,33,2,490),(10977,10.0,48,2,490),(10978,6.0,26,2,490),(10979,7.5,43,2,487),(10980,7.5,28,2,487),(10981,7.5,46,2,487),(10982,7.5,47,2,487),(10983,7.5,31,2,487),(10984,8.0,30,2,487),(10985,7.5,32,2,487),(10986,7.0,29,2,487),(10987,8.0,27,2,487),(10988,7.0,26,2,487),(10989,8.0,20,2,487),(10990,6.5,33,2,487),(10991,10.0,48,2,487),(10992,6.0,43,2,479),(10993,6.5,46,2,479),(10994,7.0,28,2,479),(10995,7.0,31,2,479),(10996,7.0,30,2,479),(10997,6.5,32,2,479),(10998,6.5,29,2,479),(10999,5.0,27,2,479),(11000,6.0,26,2,479),(11001,5.0,20,2,479),(11002,6.0,33,2,479),(11003,10.0,48,2,479),(11004,7.0,43,2,652),(11005,7.0,46,2,652),(11006,7.0,47,2,652),(11007,7.5,28,2,652),(11008,7.5,31,2,652),(11009,7.8,30,2,652),(11010,7.0,32,2,652),(11011,7.0,29,2,652),(11012,8.0,27,2,652),(11013,7.5,26,2,652),(11014,8.0,20,2,652),(11015,6.5,33,2,652),(11016,10.0,48,2,652),(11017,6.5,43,2,481),(11018,6.0,47,2,481),(11019,6.5,46,2,481),(11020,6.5,28,2,481),(11021,6.0,31,2,481),(11022,6.5,30,2,481),(11023,7.0,32,2,481),(11024,6.0,29,2,481),(11025,5.0,27,2,481),(11026,6.0,26,2,481),(11027,5.0,20,2,481),(11028,6.0,33,2,481),(11029,10.0,48,2,481),(11030,6.0,46,2,651),(11031,6.5,28,2,651),(11032,7.0,31,2,651),(11033,7.0,32,2,651),(11034,6.8,29,2,651),(11035,5.0,27,2,651),(11036,6.0,26,2,651),(11037,5.0,20,2,651),(11038,7.0,33,2,651),(11039,10.0,48,2,651),(11040,6.5,43,2,651),(11041,6.5,47,2,651),(11042,6.8,30,2,651),(11043,6.3,43,2,658),(11044,7.0,47,2,658),(11045,10.0,46,2,658),(11046,8.5,28,2,658),(11047,7.5,31,2,658),(11048,8.0,30,2,658),(11049,8.5,32,2,658),(11050,8.0,29,2,658),(11051,8.7,27,2,658),(11052,7.4,26,2,658),(11053,8.5,20,2,658),(11054,8.0,33,2,658),(11055,9.0,48,2,658),(11056,6.6,43,2,162),(11057,7.0,47,2,162),(11058,8.0,46,2,162),(11059,8.0,28,2,162),(11060,8.0,31,2,162),(11061,8.5,30,2,162),(11062,7.5,32,2,162),(11063,7.8,29,2,162),(11064,7.2,27,2,162),(11065,6.0,26,2,162),(11066,7.0,20,2,162),(11067,7.5,33,2,162),(11068,9.0,48,2,162),(11069,4.0,46,2,184),(11070,5.0,47,2,184),(11071,6.0,29,2,184),(11072,5.0,30,2,184),(11073,4.0,28,2,184),(11074,8.0,46,2,182),(11075,8.0,47,2,182),(11076,8.0,29,2,182),(11077,8.0,30,2,182),(11078,8.5,28,2,182),(11079,9.0,46,2,191),(11080,8.5,47,2,191),(11081,8.0,29,2,191),(11082,8.5,30,2,191),(11083,8.0,28,2,191),(11084,8.0,46,2,197),(11085,8.5,47,2,197),(11086,8.0,29,2,197),(11087,9.0,30,2,197),(11088,9.0,28,2,197),(11089,4.0,46,2,198),(11090,5.0,47,2,198),(11091,6.0,29,2,198),(11092,5.0,30,2,198),(11093,5.0,28,2,198),(11094,7.5,46,2,199),(11095,7.5,47,2,199),(11096,8.0,29,2,199),(11097,6.0,30,2,199),(11098,6.5,28,2,199),(11099,6.0,46,2,179),(11100,5.5,47,2,179),(11101,7.5,29,2,179),(11102,8.5,30,2,179),(11103,8.0,28,2,179),(11104,6.5,46,2,183),(11105,4.0,47,2,183),(11106,8.5,29,2,183),(11107,5.0,30,2,183),(11108,5.0,28,2,183),(11109,8.0,46,2,213),(11110,7.5,47,2,213),(11111,9.0,29,2,213),(11112,9.0,30,2,213),(11113,9.0,28,2,213),(11114,7.0,46,2,177),(11115,8.0,47,2,177),(11116,8.0,29,2,177),(11117,7.0,30,2,177),(11118,6.0,28,2,177),(11119,7.5,46,2,188),(11120,7.5,47,2,188),(11121,8.0,29,2,188),(11122,5.0,30,2,188),(11123,8.0,28,2,188),(11124,6.5,46,2,217),(11125,5.0,47,2,217),(11126,6.0,29,2,217),(11127,5.0,30,2,217),(11128,6.0,28,2,217),(11129,8.0,46,2,196),(11130,8.0,47,2,196),(11131,9.0,29,2,196),(11132,9.0,30,2,196),(11133,9.0,28,2,196),(11134,6.0,46,2,219),(11135,7.5,47,2,219),(11136,6.0,29,2,219),(11137,5.0,30,2,219),(11138,4.0,28,2,219),(11139,7.0,46,2,194),(11140,6.0,47,2,194),(11141,6.0,29,2,194),(11142,8.5,30,2,194),(11143,8.5,28,2,194),(11144,7.5,46,2,186),(11145,6.5,47,2,186),(11146,6.5,29,2,186),(11147,6.0,30,2,186),(11148,8.0,28,2,186),(11149,7.5,46,2,203),(11150,6.5,47,2,203),(11151,8.5,29,2,203),(11152,9.0,30,2,203),(11153,8.0,28,2,203),(11154,8.0,46,2,192),(11155,4.5,47,2,192),(11156,7.5,29,2,192),(11157,6.0,30,2,192),(11158,7.0,28,2,192),(11159,6.0,46,2,180),(11160,5.0,47,2,180),(11161,6.0,29,2,180),(11162,5.0,30,2,180),(11163,6.0,28,2,180),(11164,6.0,46,2,218),(11165,8.5,47,2,218),(11166,8.0,29,2,218),(11167,6.0,30,2,218),(11168,7.5,28,2,218),(11169,6.0,46,2,195),(11170,6.0,47,2,195),(11171,7.0,29,2,195),(11172,7.0,30,2,195),(11173,7.0,28,2,195),(11174,7.0,46,2,189),(11175,6.0,47,2,189),(11176,8.0,29,2,189),(11177,7.0,30,2,189),(11178,7.5,28,2,189),(11179,5.5,46,2,187),(11180,4.0,47,2,187),(11181,7.5,29,2,187),(11182,5.0,30,2,187),(11183,5.0,28,2,187),(11184,7.0,46,2,185),(11185,7.5,47,2,185),(11186,8.0,29,2,185),(11187,8.0,30,2,185),(11188,8.0,28,2,185),(11189,8.3,46,2,555),(11190,7.1,47,2,555),(11191,6.0,29,2,555),(11192,7.0,30,2,555),(11193,8.0,28,2,555),(11194,7.5,26,2,555),(11195,7.5,48,2,555),(11196,7.5,46,2,221),(11197,7.0,47,2,221),(11198,8.0,29,2,221),(11199,8.0,30,2,221),(11200,8.5,28,2,221),(11201,8.0,26,2,221),(11202,8.5,48,2,221),(11203,8.0,46,2,231),(11204,7.0,47,2,231),(11205,8.0,29,2,231),(11206,8.0,30,2,231),(11207,8.5,28,2,231),(11208,8.5,26,2,231),(11209,8.0,48,2,231),(11210,6.5,46,2,661),(11211,7.7,47,2,661),(11212,8.0,29,2,661),(11213,7.5,30,2,661),(11214,7.0,28,2,661),(11215,8.0,26,2,661),(11216,8.0,48,2,661),(11217,7.9,46,2,228),(11218,7.4,47,2,228),(11219,9.0,29,2,228),(11220,9.0,30,2,228),(11221,8.5,28,2,228),(11222,8.5,26,2,228),(11223,9.5,48,2,228),(11224,6.0,46,2,243),(11225,7.7,47,2,243),(11226,6.5,29,2,243),(11227,8.0,30,2,243),(11228,9.0,28,2,243),(11229,8.0,26,2,243),(11230,9.0,48,2,243),(11231,6.0,46,2,224),(11232,6.6,47,2,224),(11233,8.0,29,2,224),(11234,7.5,30,2,224),(11235,6.5,28,2,224),(11236,7.0,26,2,224),(11237,9.0,48,2,224),(11238,5.0,46,2,229),(11239,4.5,47,2,229),(11240,6.0,29,2,229),(11241,8.0,30,2,229),(11242,5.0,28,2,229),(11243,8.0,26,2,229),(11244,8.0,48,2,229),(11245,7.0,46,2,238),(11246,6.3,47,2,238),(11247,8.0,29,2,238),(11248,8.0,30,2,238),(11249,6.0,28,2,238),(11250,8.0,26,2,238),(11251,8.5,48,2,238),(11252,6.4,46,2,236),(11253,6.0,47,2,236),(11254,6.0,29,2,236),(11255,7.5,30,2,236),(11256,5.0,28,2,236),(11257,6.0,26,2,236),(11258,7.5,48,2,236),(11259,9.0,46,2,241),(11260,7.8,47,2,241),(11261,9.0,29,2,241),(11262,8.0,30,2,241),(11263,9.0,28,2,241),(11264,8.0,26,2,241),(11265,9.0,48,2,241),(11266,6.0,46,2,235),(11267,4.0,47,2,235),(11268,6.5,29,2,235),(11269,7.5,30,2,235),(11270,6.0,28,2,235),(11271,5.0,26,2,235),(11272,7.5,48,2,235),(11273,6.0,46,2,222),(11274,6.0,47,2,222),(11275,7.0,29,2,222),(11276,7.0,30,2,222),(11277,7.0,28,2,222),(11278,7.5,26,2,222),(11279,6.0,48,2,222),(11280,7.6,46,2,232),(11281,8.0,47,2,232),(11282,8.5,29,2,232),(11283,7.0,30,2,232),(11284,9.5,28,2,232),(11285,8.0,26,2,232),(11286,9.0,48,2,232),(11287,4.0,46,2,181),(11288,6.0,47,2,181),(11289,6.3,29,2,181),(11290,8.0,30,2,181),(11291,6.0,28,2,181),(11292,5.0,26,2,181),(11293,8.0,48,2,181),(11294,7.3,46,2,227),(11295,8.0,47,2,227),(11296,8.5,29,2,227),(11297,8.0,30,2,227),(11298,9.0,28,2,227),(11299,8.5,26,2,227),(11300,9.0,48,2,227),(11301,8.0,46,2,239),(11302,7.0,47,2,239),(11303,8.5,29,2,239),(11304,8.0,30,2,239),(11305,9.0,28,2,239),(11306,9.0,26,2,239),(11307,9.0,48,2,239),(11308,5.5,46,2,230),(11309,4.5,47,2,230),(11310,6.0,29,2,230),(11311,6.0,30,2,230),(11312,5.0,28,2,230),(11313,6.0,26,2,230),(11314,7.0,48,2,230),(11315,7.9,46,2,225),(11316,6.5,47,2,225),(11317,7.5,29,2,225),(11318,8.0,30,2,225),(11319,8.0,28,2,225),(11320,5.0,26,2,225),(11321,8.0,48,2,225),(11322,5.5,46,2,220),(11323,4.0,47,2,220),(11324,7.0,29,2,220),(11325,7.0,30,2,220),(11326,7.5,28,2,220),(11327,4.0,26,2,220),(11328,8.5,48,2,220),(11329,8.5,46,2,237),(11330,7.0,47,2,237),(11331,8.0,29,2,237),(11332,8.0,30,2,237),(11333,8.0,28,2,237),(11334,8.0,26,2,237),(11335,8.5,48,2,237),(11336,7.5,46,2,233),(11337,7.5,47,2,233),(11338,9.0,29,2,233),(11339,7.5,30,2,233),(11340,8.0,28,2,233),(11341,8.0,26,2,233),(11342,7.5,48,2,233),(11343,7.3,46,2,242),(11344,5.0,47,2,242),(11345,6.0,29,2,242),(11346,6.5,30,2,242),(11347,6.0,28,2,242),(11348,5.0,26,2,242),(11349,6.0,48,2,242),(11350,8.5,46,2,240),(11351,7.5,47,2,240),(11352,8.0,29,2,240),(11353,7.5,30,2,240),(11354,7.5,28,2,240),(11355,8.0,26,2,240),(11356,8.0,48,2,240),(11357,6.0,33,2,263),(11358,4.0,20,2,263),(11359,6.5,33,2,278),(11360,4.0,20,2,278),(11361,7.6,46,2,250),(11362,4.5,46,2,554),(11363,7.0,46,2,252),(11364,8.2,47,2,250),(11365,4.0,47,2,554),(11366,5.7,47,2,252),(11367,9.1,29,2,250),(11368,6.0,29,2,554),(11369,6.0,29,2,252),(11370,8.3,30,2,250),(11371,5.0,30,2,554),(11372,6.0,30,2,252),(11373,9.5,28,2,250),(11374,6.0,28,2,554),(11375,7.0,28,2,252),(11376,8.0,46,2,278),(11377,7.3,47,2,278),(11378,7.5,29,2,278),(11379,9.0,30,2,278),(11380,9.5,28,2,278),(11381,7.4,46,2,254),(11382,5.3,46,2,249),(11383,8.3,46,2,246),(11384,5.9,47,2,254),(11385,6.4,47,2,249),(11386,8.4,47,2,246),(11387,6.0,29,2,254),(11388,6.0,29,2,249),(11389,8.6,29,2,246),(11390,6.0,30,2,254),(11391,5.0,30,2,249),(11392,6.0,30,2,246),(11393,6.0,28,2,254),(11394,6.0,28,2,249),(11395,9.5,28,2,246),(11396,6.3,46,2,255),(11397,5.0,47,2,255),(11398,9.6,29,2,255),(11399,6.0,30,2,255),(11400,9.0,28,2,255),(11401,4.3,46,2,270),(11402,4.0,47,2,270),(11403,6.0,29,2,270),(11404,6.0,30,2,270),(11405,6.0,28,2,270),(11406,7.5,46,2,262),(11407,5.0,47,2,262),(11408,7.3,29,2,262),(11409,6.0,30,2,262),(11410,6.0,28,2,262),(11411,6.1,46,2,245),(11412,5.7,47,2,245),(11413,6.0,29,2,245),(11414,6.0,30,2,245),(11415,6.0,28,2,245),(11416,8.9,46,2,261),(11417,9.0,47,2,261),(11418,9.4,29,2,261),(11419,9.3,30,2,261),(11420,9.0,28,2,261),(11421,8.4,46,2,251),(11422,5.1,47,2,251),(11423,6.0,29,2,251),(11424,7.5,30,2,251),(11425,6.0,28,2,251),(11426,7.3,46,2,260),(11427,7.4,47,2,260),(11428,7.3,30,2,260),(11429,7.0,28,2,260),(11430,6.7,29,2,260),(11431,7.0,46,2,257),(11432,6.5,47,2,257),(11433,6.0,29,2,257),(11434,6.5,30,2,257),(11435,6.0,28,2,257),(11436,8.5,46,2,258),(11437,5.0,47,2,258),(11438,6.0,29,2,258),(11439,7.3,30,2,258),(11440,6.0,28,2,258),(11441,7.0,46,2,263),(11442,7.5,47,2,263),(11443,6.0,29,2,263),(11444,6.0,30,2,263),(11445,8.0,28,2,263),(11446,9.6,46,2,256),(11447,9.3,47,2,256),(11448,10.0,29,2,256),(11449,9.5,30,2,256),(11450,10.0,28,2,256),(11451,6.0,46,2,248),(11452,6.7,47,2,248),(11453,7.8,29,2,248),(11454,8.3,30,2,248),(11455,9.0,28,2,248),(11456,8.3,46,2,264),(11457,8.3,47,2,264),(11458,9.8,29,2,264),(11459,6.0,30,2,264),(11460,7.0,28,2,264),(11461,8.8,46,2,259),(11462,8.4,46,2,253),(11463,8.5,47,2,253),(11464,8.6,47,2,259),(11465,8.5,29,2,259),(11466,9.6,29,2,253),(11467,9.3,30,2,259),(11468,8.8,30,2,253),(11469,9.3,28,2,253),(11470,9.3,28,2,259),(11471,7.0,47,2,156),(11472,10.0,46,2,156),(11473,7.5,28,2,156),(11474,8.5,31,2,156),(11475,7.5,30,2,156),(11476,9.5,32,2,156),(11477,8.0,29,2,156),(11478,6.5,27,2,156),(11479,6.0,26,2,156),(11480,6.0,20,2,156),(11481,7.0,33,2,156),(11482,9.0,48,2,156),(11483,7.5,43,2,156),(11484,8.0,47,2,173),(11485,10.0,46,2,173),(11486,8.0,28,2,173),(11487,9.0,31,2,173),(11488,8.0,30,2,173),(11489,9.5,32,2,173),(11490,8.0,29,2,173),(11491,7.5,27,2,173),(11492,7.0,26,2,173),(11493,7.0,20,2,173),(11494,7.0,33,2,173),(11495,9.5,48,2,173),(11496,8.0,43,2,173),(11497,8.5,47,2,159),(11498,10.0,46,2,159),(11499,8.5,28,2,159),(11500,9.0,31,2,159),(11501,8.5,30,2,159),(11502,9.5,32,2,159),(11503,8.5,29,2,159),(11504,9.5,27,2,159),(11505,7.5,26,2,159),(11506,9.5,20,2,159),(11507,7.0,33,2,159),(11508,9.0,48,2,159),(11509,8.5,43,2,159),(11510,6.5,47,2,165),(11511,6.0,47,2,174),(11512,9.0,46,2,165),(11513,9.0,46,2,174),(11514,7.0,28,2,165),(11515,6.5,28,2,174),(11516,8.0,31,2,165),(11517,9.5,31,2,174),(11518,8.5,30,2,165),(11519,8.0,30,2,174),(11520,9.5,32,2,165),(11521,9.0,32,2,174),(11522,8.5,29,2,165),(11523,7.0,29,2,174),(11524,6.0,27,2,165),(11525,5.0,27,2,174),(11526,6.0,26,2,165),(11527,6.0,26,2,174),(11528,6.0,20,2,165),(11529,6.0,20,2,174),(11530,7.0,33,2,165),(11531,7.0,33,2,174),(11532,10.0,48,2,165),(11533,8.5,48,2,174),(11534,10.0,43,2,165),(11535,9.0,43,2,174),(11536,7.0,47,2,157),(11537,8.5,46,2,157),(11538,7.0,28,2,157),(11539,7.0,31,2,157),(11540,8.5,30,2,157),(11541,9.0,32,2,157),(11542,8.5,29,2,157),(11543,6.0,27,2,157),(11544,6.0,26,2,157),(11545,5.0,20,2,157),(11546,7.0,33,2,157),(11547,10.0,48,2,157),(11548,9.0,43,2,157),(11549,7.0,47,2,168),(11550,7.0,47,2,170),(11551,7.5,46,2,168),(11552,8.5,46,2,170),(11553,7.0,28,2,168),(11554,8.5,28,2,170),(11555,7.5,31,2,168),(11556,9.0,31,2,170),(11557,8.0,30,2,168),(11558,8.0,30,2,170),(11559,9.5,32,2,168),(11560,9.0,32,2,170),(11561,7.5,29,2,168),(11562,8.5,29,2,170),(11563,6.0,27,2,168),(11564,6.5,27,2,170),(11565,6.0,26,2,168),(11566,6.5,26,2,170),(11567,6.5,20,2,168),(11568,7.0,20,2,170),(11569,7.0,33,2,168),(11570,7.0,33,2,170),(11571,9.0,48,2,168),(11572,9.5,48,2,170),(11573,6.5,43,2,168),(11574,6.5,43,2,170),(11575,6.5,47,2,158),(11576,6.0,46,2,158),(11577,8.5,28,2,158),(11578,8.5,31,2,158),(11579,7.0,30,2,158),(11580,8.0,32,2,158),(11581,7.5,29,2,158),(11582,7.5,27,2,158),(11583,6.5,26,2,158),(11584,7.5,20,2,158),(11585,8.0,33,2,158),(11586,9.0,48,2,158),(11587,7.0,43,2,158),(11588,8.5,47,2,164),(11589,10.0,46,2,164),(11590,8.0,28,2,164),(11591,9.0,31,2,164),(11592,7.5,30,2,164),(11593,9.5,32,2,164),(11594,7.0,29,2,164),(11595,7.5,27,2,164),(11596,7.0,26,2,164),(11597,7.0,20,2,164),(11598,7.0,33,2,164),(11599,8.5,48,2,164),(11600,8.0,43,2,164),(11601,9.5,47,2,172),(11602,10.0,46,2,172),(11603,8.5,28,2,172),(11604,9.5,31,2,172),(11605,8.0,30,2,172),(11606,9.5,32,2,172),(11607,9.0,29,2,172),(11608,10.0,27,2,172),(11609,8.0,26,2,172),(11610,6.5,20,2,172),(11611,9.0,33,2,172),(11612,9.0,48,2,172),(11613,9.5,43,2,172),(11614,6.0,47,2,175),(11615,9.0,46,2,175),(11616,8.0,28,2,175),(11617,7.5,31,2,175),(11618,8.0,30,2,175),(11619,8.5,32,2,175),(11620,8.5,29,2,175),(11621,6.0,27,2,175),(11622,6.0,26,2,175),(11623,5.0,20,2,175),(11624,7.0,33,2,175),(11625,9.5,48,2,175),(11626,6.5,43,2,175),(11627,8.0,47,2,169),(11628,9.5,46,2,169),(11629,8.0,28,2,169),(11630,8.0,31,2,169),(11631,7.5,30,2,169),(11632,9.0,32,2,169),(11633,7.0,29,2,169),(11634,5.0,27,2,169),(11635,6.0,26,2,169),(11636,7.0,20,2,169),(11637,7.0,33,2,169),(11638,8.0,48,2,169),(11639,9.0,43,2,169),(11640,9.5,47,2,659),(11641,10.0,46,2,659),(11642,8.0,28,2,659),(11643,9.0,31,2,659),(11644,8.5,30,2,659),(11645,9.0,32,2,659),(11646,8.0,29,2,659),(11647,9.5,27,2,659),(11648,8.5,26,2,659),(11649,9.0,20,2,659),(11650,7.5,33,2,659),(11651,10.0,48,2,659),(11652,9.0,43,2,659),(11653,5.0,47,2,160),(11654,5.0,46,2,160),(11655,6.0,28,2,160),(11656,7.5,31,2,160),(11657,6.0,30,2,160),(11658,9.0,32,2,160),(11659,6.5,29,2,160),(11660,5.0,27,2,160),(11661,5.0,26,2,160),(11662,5.0,20,2,160),(11663,6.0,33,2,160),(11664,8.0,48,2,160),(11665,5.0,43,2,160),(11666,8.0,47,2,166),(11667,8.5,46,2,166),(11668,8.5,28,2,166),(11669,9.0,31,2,166),(11670,8.5,30,2,166),(11671,9.5,32,2,166),(11672,8.5,29,2,166),(11673,7.0,27,2,166),(11674,6.5,26,2,166),(11675,8.0,20,2,166),(11676,9.5,33,2,166),(11677,9.0,48,2,166),(11678,7.5,43,2,166),(11679,6.0,47,2,163),(11680,9.0,46,2,163),(11681,7.0,28,2,163),(11682,8.0,31,2,163),(11683,7.0,30,2,163),(11684,8.5,32,2,163),(11685,7.0,29,2,163),(11686,5.0,27,2,163),(11687,6.0,26,2,163),(11688,5.0,20,2,163),(11689,6.0,33,2,163),(11690,9.0,48,2,163),(11691,6.0,43,2,163),(11692,8.5,47,2,171),(11693,5.0,46,2,171),(11694,9.0,28,2,171),(11695,9.5,31,2,171),(11696,9.0,30,2,171),(11697,9.5,32,2,171),(11698,8.5,29,2,171),(11699,8.5,27,2,171),(11700,7.5,26,2,171),(11701,9.5,20,2,171),(11702,8.0,33,2,171),(11703,9.5,48,2,171),(11704,8.0,43,2,171),(11705,7.5,47,2,542),(11706,8.0,46,2,542),(11707,8.0,28,2,542),(11708,9.0,31,2,542),(11709,8.5,30,2,542),(11710,9.5,32,2,542),(11711,8.0,29,2,542),(11712,6.0,27,2,542),(11713,6.0,26,2,542),(11714,6.0,20,2,542),(11715,7.0,33,2,542),(11716,9.5,48,2,542),(11717,7.5,43,2,542),(11718,7.5,47,2,541),(11719,9.0,46,2,541),(11720,7.5,28,2,541),(11721,9.0,31,2,541),(11722,8.0,30,2,541),(11723,8.5,32,2,541),(11724,8.5,29,2,541),(11725,6.0,27,2,541),(11726,6.0,26,2,541),(11727,9.5,20,2,541),(11728,7.0,33,2,541),(11729,10.0,48,2,541),(11730,6.5,43,2,541),(11731,8.0,47,2,161),(11732,9.0,46,2,161),(11733,7.0,28,2,161),(11734,8.5,31,2,161),(11735,7.5,30,2,161),(11736,9.0,32,2,161),(11737,8.5,29,2,161),(11738,6.0,27,2,161),(11739,6.0,26,2,161),(11740,8.5,20,2,161),(11741,7.0,33,2,161),(11742,9.0,48,2,161),(11743,6.5,43,2,161),(11744,6.4,46,2,296),(11745,6.9,46,2,291),(11746,7.4,46,2,287),(11747,6.0,46,2,295),(11748,6.8,47,2,296),(11749,6.0,47,2,291),(11750,7.9,47,2,287),(11751,6.2,47,2,295),(11752,8.5,29,2,296),(11753,8.0,29,2,291),(11754,6.0,29,2,287),(11755,6.0,29,2,295),(11756,8.5,30,2,296),(11757,7.9,30,2,291),(11758,6.0,30,2,287),(11759,5.0,30,2,295),(11760,9.5,28,2,296),(11761,8.0,28,2,291),(11762,6.0,28,2,287),(11763,5.0,28,2,295),(11764,4.0,46,2,280),(11765,7.9,46,2,293),(11766,6.0,47,2,280),(11767,7.4,47,2,293),(11768,6.0,29,2,280),(11769,6.0,29,2,293),(11770,6.6,30,2,280),(11771,6.2,30,2,293),(11772,9.2,28,2,280),(11773,7.3,28,2,293),(11774,8.8,46,2,290),(11775,7.4,47,2,290),(11776,9.0,29,2,290),(11777,8.5,30,2,290),(11778,9.0,28,2,290),(11779,9.0,46,2,279),(11780,7.7,47,2,279),(11781,9.0,29,2,279),(11782,7.3,30,2,279),(11783,9.2,28,2,279),(11784,4.4,46,2,286),(11785,4.6,47,2,286),(11786,6.0,29,2,286),(11787,6.0,30,2,286),(11788,5.0,28,2,286),(11789,5.5,46,2,281),(11790,5.1,47,2,281),(11791,6.0,29,2,281),(11792,6.0,30,2,281),(11793,9.0,28,2,281),(11794,7.4,46,2,277),(11795,7.3,47,2,277),(11796,6.0,29,2,277),(11797,7.9,30,2,277),(11798,9.0,28,2,277),(11799,8.5,46,2,294),(11800,8.3,47,2,294),(11801,9.0,29,2,294),(11802,7.0,30,2,294),(11803,9.2,28,2,294),(11804,6.0,46,2,289),(11805,4.5,47,2,289),(11806,6.0,29,2,289),(11807,7.0,30,2,289),(11808,9.0,28,2,289),(11809,8.1,46,2,285),(11810,7.4,47,2,285),(11811,9.0,29,2,285),(11812,7.9,30,2,285),(11813,9.0,28,2,285),(11814,8.0,46,2,282),(11815,7.1,47,2,282),(11816,6.0,29,2,282),(11817,8.1,30,2,282),(11818,8.2,28,2,282),(11819,7.6,46,2,292),(11820,7.9,47,2,292),(11821,6.0,29,2,292),(11822,7.0,30,2,292),(11823,9.2,28,2,292),(11824,8.5,46,2,288),(11825,7.7,47,2,288),(11826,8.5,29,2,288),(11827,7.5,30,2,288),(11828,8.5,28,2,288),(11829,7.5,20,2,248),(11830,4.0,20,2,554),(11831,6.0,33,2,554),(11832,5.0,43,2,554),(11833,7.0,31,2,554),(11834,8.0,32,2,554),(11835,4.0,27,2,554),(11836,4.0,26,2,554),(11837,8.0,48,2,554),(11838,6.1,26,2,277),(11839,6.9,27,2,277),(11840,9.0,32,2,277),(11841,7.7,43,2,277),(11842,8.0,31,2,277),(11843,7.5,20,2,277),(11844,8.5,48,2,277),(11845,8.0,33,2,277),(11846,7.5,46,2,283),(11847,8.5,28,2,283),(11848,8.3,47,2,283),(11849,8.5,30,2,283),(11850,9.0,29,2,283),(11851,6.0,43,1,552),(11852,8.0,47,1,552),(11853,9.5,46,1,552),(11854,8.0,28,1,552),(11855,8.8,31,1,552),(11856,8.0,30,1,552),(11857,8.0,32,1,552),(11858,7.5,29,1,552),(11859,6.5,27,1,552),(11860,6.0,26,1,552),(11861,8.0,20,1,552),(11862,8.0,33,1,552),(11863,9.0,48,1,552),(11864,7.5,26,2,552),(11865,7.1,27,2,552),(11866,9.0,32,2,552),(11867,8.5,31,2,552),(11868,9.0,20,2,552),(11869,9.2,33,2,552),(11870,8.0,48,2,552),(11871,5.0,43,2,552),(11872,6.4,46,2,552),(11873,7.2,47,2,552),(11874,8.5,29,2,552),(11875,7.8,30,2,552),(11876,6.7,28,2,552),(11877,7.0,43,2,181),(11878,6.9,27,2,181),(11879,9.0,31,2,181),(11880,9.0,20,2,181),(11881,9.0,33,2,181),(11882,8.5,32,2,181),(11883,4.0,20,2,224),(11884,6.0,20,2,229),(11885,9.0,20,2,238),(11886,8.5,20,2,555),(11887,9.0,32,2,555),(11888,7.8,27,2,555),(11889,7.7,43,2,555),(11890,8.0,31,2,555),(11891,8.5,32,2,661),(11892,7.5,33,2,661),(11893,7.5,20,2,661),(11894,6.7,27,2,661),(11895,9.0,31,2,661),(11896,7.0,43,2,661),(11897,6.0,47,2,540),(11898,5.0,46,2,540),(11899,7.0,28,2,540),(11900,8.0,31,2,540),(11901,7.0,30,2,540),(11902,8.0,32,2,540),(11903,6.5,29,2,540),(11904,6.5,27,2,540),(11905,5.0,26,2,540),(11906,5.0,20,2,540),(11907,6.5,33,2,540),(11908,8.5,48,2,540),(11909,6.0,43,2,540),(11910,9.0,33,2,180),(11911,8.5,32,2,182),(11912,8.0,33,2,192),(11913,8.0,32,2,198),(11914,5.0,26,2,198),(11915,7.5,33,2,198),(11916,7.0,31,2,198),(11917,5.0,27,2,198),(11918,7.0,48,2,198),(11919,8.0,33,2,218),(11920,5.0,43,2,198),(11921,6.0,43,2,653),(11922,6.0,47,2,653),(11923,6.0,46,2,653),(11924,6.0,28,2,653),(11925,7.0,31,2,653),(11926,6.0,30,2,653),(11927,7.5,32,2,653),(11928,6.0,29,2,653),(11929,5.0,27,2,653),(11930,5.0,26,2,653),(11931,5.0,20,2,653),(11932,6.0,33,2,653),(11933,7.0,48,2,653),(11934,8.0,43,2,654),(11935,7.5,47,2,654),(11936,7.5,46,2,654),(11937,7.0,28,2,654),(11938,8.5,31,2,654),(11939,8.0,30,2,654),(11940,7.0,32,2,654),(11941,7.5,29,2,654),(11942,8.0,27,2,654),(11943,8.0,26,2,654),(11944,8.0,20,2,654),(11945,7.5,33,2,654),(11946,10.0,48,2,654),(11947,6.0,43,2,655),(11948,6.0,47,2,655),(11949,6.0,46,2,655),(11950,6.0,28,2,655),(11951,7.0,31,2,655),(11952,6.0,30,2,655),(11953,7.0,32,2,655),(11954,6.0,29,2,655),(11955,5.0,27,2,655),(11956,5.0,26,2,655),(11957,5.0,20,2,655),(11958,6.0,33,2,655),(11959,8.0,48,2,655),(11960,8.5,43,2,101),(11961,8.0,47,2,101),(11962,8.0,46,2,101),(11963,8.0,28,2,101),(11964,8.5,31,2,101),(11965,8.0,30,2,101),(11966,8.5,32,2,101),(11967,8.0,29,2,101),(11968,8.5,27,2,101),(11969,8.0,26,2,101),(11970,8.0,20,2,101),(11971,8.0,33,2,101),(11972,8.0,48,2,101),(11973,6.0,43,2,115),(11974,6.0,47,2,115),(11975,6.0,46,2,115),(11976,6.0,28,2,115),(11977,7.0,31,2,115),(11978,6.0,30,2,115),(11979,7.0,32,2,115),(11980,6.0,29,2,115),(11981,6.0,27,2,115),(11982,6.0,26,2,115),(11983,6.5,20,2,115),(11984,6.0,33,2,115),(11985,7.0,48,2,115),(11986,6.5,43,2,656),(11987,6.0,47,2,656),(11988,6.0,46,2,656),(11989,6.5,28,2,656),(11990,7.0,31,2,656),(11991,8.0,32,2,656),(11992,6.5,29,2,656),(11993,7.0,27,2,656),(11994,6.5,26,2,656),(11995,7.5,20,2,656),(11996,6.0,33,2,656),(11997,6.0,48,2,656),(11998,6.0,43,2,657),(11999,6.0,47,2,657),(12000,6.0,46,2,657),(12001,6.0,28,2,657),(12002,7.0,31,2,657),(12003,6.0,30,2,657),(12004,6.0,32,2,657),(12005,6.0,29,2,657),(12006,6.0,27,2,657),(12007,6.0,26,2,657),(12008,6.0,20,2,657),(12009,6.0,33,2,657),(12010,8.5,48,2,657),(12011,6.5,31,2,109),(12012,6.0,30,2,656),(12013,6.0,47,2,479),(12014,9.0,33,2,555),(12015,7.2,43,2,249),(12016,3.0,43,1,679),(12017,5.0,47,1,679),(12018,5.0,46,1,679),(12019,3.0,28,1,679),(12020,6.0,31,1,679),(12021,4.0,30,1,679),(12022,7.0,32,1,679),(12023,5.0,29,1,679),(12024,3.0,27,1,679),(12025,3.0,26,1,679),(12026,3.0,20,1,679),(12027,4.0,33,1,679),(12028,6.0,48,1,679),(12029,3.0,43,2,679),(12030,3.0,47,2,679),(12031,3.0,46,2,679),(12032,3.0,28,2,679),(12033,6.0,31,2,679),(12034,3.0,30,2,679),(12035,7.0,32,2,679),(12036,3.0,29,2,679),(12037,3.0,27,2,679),(12038,3.0,26,2,679),(12039,3.0,20,2,679),(12040,3.0,33,2,679),(12041,6.0,48,2,679),(12042,8.0,43,2,680),(12043,8.0,47,2,680),(12044,7.5,46,2,680),(12045,8.0,28,2,680),(12046,7.5,31,2,680),(12047,7.5,30,2,680),(12048,8.5,32,2,680),(12049,7.5,29,2,680),(12050,8.0,27,2,680),(12051,8.0,26,2,680),(12052,8.0,20,2,680),(12053,7.5,33,2,680),(12054,7.0,48,2,680),(12055,7.5,43,1,680),(12056,8.0,47,1,680),(12057,8.5,46,1,680),(12058,7.8,28,1,680),(12059,8.0,31,1,680),(12060,8.0,30,1,680),(12061,8.0,32,1,680),(12062,8.5,29,1,680),(12063,8.0,27,1,680),(12064,8.0,26,1,680),(12065,8.0,20,1,680),(12066,7.5,33,1,680),(12067,7.0,48,1,680),(12068,6.0,43,1,674),(12069,6.0,47,1,674),(12070,6.0,46,1,674),(12071,6.0,28,1,674),(12072,7.0,31,1,674),(12073,6.5,30,1,674),(12074,6.0,32,1,674),(12075,6.0,29,1,674),(12076,3.0,27,1,674),(12077,6.0,26,1,674),(12078,4.0,20,1,674),(12079,6.0,33,1,674),(12080,8.0,48,1,674),(12081,6.0,43,2,674),(12082,6.0,47,2,674),(12083,6.0,46,2,674),(12084,6.0,28,2,674),(12085,6.0,30,2,674),(12086,7.0,32,2,674),(12087,6.0,29,2,674),(12088,5.0,27,2,674),(12089,6.0,26,2,674),(12090,5.0,20,2,674),(12091,6.0,33,2,674),(12092,8.0,48,2,674),(12093,4.0,32,2,681),(12094,4.0,27,2,681),(12095,4.0,26,2,681),(12096,6.0,48,2,681),(12097,4.0,20,2,681),(12098,4.0,33,2,681),(12099,5.0,43,2,681),(12100,6.0,31,2,681),(12101,5.0,46,2,681),(12102,4.0,47,2,681),(12103,5.0,29,2,681),(12104,6.0,30,2,681),(12105,5.0,28,2,681),(12106,6.0,31,2,674),(12107,5.0,26,2,553),(12108,5.6,27,2,553),(12109,8.0,32,2,553),(12110,8.0,31,2,553),(12111,4.5,20,2,553),(12112,6.2,33,2,553),(12113,8.0,48,2,553),(12114,5.0,43,2,553),(12115,8.1,46,2,553),(12116,7.5,47,2,553),(12117,9.0,29,2,553),(12118,8.1,30,2,553),(12119,6.5,28,2,553),(12120,7.0,31,2,249),(12121,5.0,47,2,362),(12122,6.3,46,2,362);
/*!40000 ALTER TABLE `notas` ENABLE KEYS */;
UNLOCK TABLES;

--
-- Table structure for table `notasprescolar`
--

DROP TABLE IF EXISTS `notasprescolar`;
/*!40101 SET @saved_cs_client     = @@character_set_client */;
 SET character_set_client = utf8mb4 ;
CREATE TABLE `notasprescolar` (
  `idnotasPrescolar` int(11) NOT NULL AUTO_INCREMENT,
  `nota` varchar(2) DEFAULT NULL,
  `area` int(11) DEFAULT NULL,
  `grupo_estudiante` int(11) DEFAULT NULL,
  `periodo` int(11) DEFAULT NULL,
  PRIMARY KEY (`idnotasPrescolar`),
  KEY `area_idx` (`area`),
  KEY `periodo_idx` (`periodo`),
  KEY `estudiante_idx` (`grupo_estudiante`),
  CONSTRAINT `area` FOREIGN KEY (`area`) REFERENCES `areaprescolar` (`idareaprescolar`),
  CONSTRAINT `estudiante` FOREIGN KEY (`grupo_estudiante`) REFERENCES `grupos_estudiantes` (`idgrupos_estudiantes`),
  CONSTRAINT `periodo` FOREIGN KEY (`periodo`) REFERENCES `periodo` (`idperiodo`)
) ENGINE=InnoDB AUTO_INCREMENT=1091 DEFAULT CHARSET=utf8;
/*!40101 SET character_set_client = @saved_cs_client */;

--
-- Dumping data for table `notasprescolar`
--

LOCK TABLES `notasprescolar` WRITE;
/*!40000 ALTER TABLE `notasprescolar` DISABLE KEYS */;
INSERT INTO `notasprescolar` VALUES (70,'B',1,1,1),(71,'S',2,1,1),(72,'S',4,1,1),(73,'S',3,1,1),(74,'S',5,1,1),(75,'S',6,1,1),(76,'S',7,1,1),(77,'S',7,9,1),(78,'S',6,9,1),(79,'S',5,9,1),(80,'S',4,9,1),(81,'S',3,9,1),(82,'S',2,9,1),(83,'B',1,9,1),(84,'B',1,17,1),(85,'S',2,17,1),(86,'S',3,17,1),(87,'S',4,17,1),(88,'B',5,17,1),(89,'S',6,17,1),(90,'S',7,17,1),(91,'S',7,19,1),(92,'S',6,19,1),(93,'B',5,19,1),(94,'S',4,19,1),(95,'S',3,19,1),(96,'S',2,19,1),(97,'B',1,19,1),(98,'B',1,3,1),(99,'S',2,3,1),(100,'S',3,3,1),(101,'S',4,3,1),(102,'B',5,3,1),(103,'S',6,3,1),(104,'S',7,3,1),(105,'S',7,7,1),(106,'S',6,7,1),(107,'S',5,7,1),(108,'S',4,7,1),(109,'S',3,7,1),(110,'S',2,7,1),(111,'B',1,7,1),(112,'S',1,20,1),(113,'S',2,20,1),(114,'S',3,20,1),(115,'S',4,20,1),(116,'S',5,20,1),(117,'S',6,20,1),(118,'S',7,20,1),(119,'S',7,4,1),(120,'S',6,4,1),(121,'S',5,4,1),(122,'S',4,4,1),(123,'S',3,4,1),(124,'S',2,4,1),(125,'B',1,4,1),(126,'B',1,10,1),(127,'S',2,10,1),(128,'S',3,10,1),(129,'S',4,10,1),(130,'B',5,10,1),(131,'S',6,10,1),(132,'S',7,10,1),(133,'S',7,16,1),(134,'B',6,16,1),(135,'B',5,16,1),(136,'S',4,16,1),(137,'S',3,16,1),(138,'S',2,16,1),(139,'B',1,16,1),(140,'B',1,15,1),(141,'S',2,15,1),(142,'S',3,15,1),(143,'S',4,15,1),(144,'B',5,15,1),(145,'S',6,15,1),(146,'S',7,15,1),(147,'S',7,8,1),(148,'S',6,8,1),(149,'B',5,8,1),(150,'S',4,8,1),(151,'S',3,8,1),(152,'S',2,8,1),(153,'B',1,8,1),(154,'S',1,13,1),(155,'S',2,13,1),(156,'S',3,13,1),(157,'S',4,13,1),(158,'B',5,13,1),(159,'S',6,13,1),(160,'S',7,13,1),(161,'S',7,21,1),(162,'S',6,21,1),(163,'S',5,21,1),(164,'S',4,21,1),(165,'S',3,21,1),(166,'S',2,21,1),(167,'B',1,21,1),(168,'B',1,12,1),(169,'S',2,12,1),(170,'S',3,12,1),(171,'S',4,12,1),(172,'B',5,12,1),(173,'S',6,12,1),(174,'S',7,12,1),(175,'S',7,6,1),(176,'S',6,6,1),(177,'S',5,6,1),(178,'S',4,6,1),(179,'S',3,6,1),(180,'S',2,6,1),(181,'S',1,6,1),(182,'S',1,5,1),(183,'S',2,5,1),(184,'S',3,5,1),(185,'S',4,5,1),(186,'S',5,5,1),(187,'S',6,5,1),(188,'S',7,5,1),(189,'A',1,35,1),(190,'A',2,35,1),(191,'S',3,35,1),(192,'A',4,35,1),(193,'A',5,35,1),(194,'E',6,35,1),(195,'E',7,35,1),(196,'A',1,40,1),(197,'A',2,40,1),(198,'S',3,40,1),(199,'A',4,40,1),(200,'A',5,40,1),(201,'S',6,40,1),(202,'S',7,40,1),(203,'A',1,24,1),(204,'A',2,24,1),(205,'S',3,24,1),(206,'A',4,24,1),(207,'A',5,24,1),(208,'S',6,24,1),(209,'E',7,24,1),(210,'A',1,38,1),(211,'A',2,38,1),(212,'S',3,38,1),(213,'A',4,38,1),(214,'A',5,38,1),(215,'E',6,38,1),(216,'E',7,38,1),(217,'A',1,23,1),(218,'A',2,23,1),(219,'S',3,23,1),(220,'A',4,23,1),(221,'A',5,23,1),(222,'E',6,23,1),(223,'E',7,23,1),(224,'A',1,34,1),(225,'A',2,34,1),(226,'S',3,34,1),(227,'A',4,34,1),(228,'A',5,34,1),(229,'E',6,34,1),(230,'E',7,34,1),(231,'A',1,25,1),(232,'A',2,25,1),(233,'A',3,25,1),(234,'A',4,25,1),(235,'A',5,25,1),(236,'A',6,25,1),(237,'E',7,25,1),(238,'A',1,36,1),(239,'A',2,36,1),(240,'S',3,36,1),(241,'A',4,36,1),(242,'A',5,36,1),(243,'S',6,36,1),(244,'E',7,36,1),(245,'S',1,26,1),(246,'S',2,26,1),(247,'S',3,26,1),(248,'S',4,26,1),(249,'S',5,26,1),(250,'E',6,26,1),(251,'E',7,26,1),(252,'E',7,33,1),(253,'E',6,33,1),(254,'S',5,33,1),(255,'S',4,33,1),(256,'S',3,33,1),(257,'S',2,33,1),(258,'S',1,33,1),(259,'A',1,41,1),(260,'A',2,41,1),(261,'A',3,41,1),(262,'A',4,41,1),(263,'A',5,41,1),(264,'E',6,41,1),(265,'E',7,41,1),(266,'A',1,42,1),(267,'A',2,42,1),(268,'A',3,42,1),(269,'A',4,42,1),(270,'A',5,42,1),(271,'E',6,42,1),(272,'E',7,42,1),(273,'A',1,31,1),(274,'A',2,31,1),(275,'A',3,31,1),(276,'S',4,31,1),(277,'S',5,31,1),(278,'E',6,31,1),(279,'E',7,31,1),(280,'A',1,30,1),(281,'A',2,30,1),(282,'S',3,30,1),(283,'S',4,30,1),(284,'S',5,30,1),(285,'E',6,30,1),(286,'E',7,30,1),(287,'A',1,39,1),(288,'A',2,39,1),(289,'A',3,39,1),(290,'A',4,39,1),(291,'A',5,39,1),(292,'S',6,39,1),(293,'S',7,39,1),(294,'S',1,43,1),(295,'S',2,43,1),(296,'S',3,43,1),(297,'S',4,43,1),(298,'S',5,43,1),(299,'E',6,43,1),(300,'E',7,43,1),(301,'A',1,28,1),(302,'A',2,28,1),(303,'A',3,28,1),(304,'A',4,28,1),(305,'A',5,28,1),(306,'S',6,28,1),(307,'S',7,28,1),(308,'A',1,27,1),(309,'A',2,27,1),(310,'A',3,27,1),(311,'A',4,27,1),(312,'A',5,27,1),(313,'S',6,27,1),(314,'E',7,27,1),(315,'A',1,22,1),(316,'A',2,22,1),(317,'A',3,22,1),(318,'A',4,22,1),(319,'A',5,22,1),(320,'S',6,22,1),(321,'E',7,22,1),(322,'A',1,44,1),(323,'S',2,44,1),(324,'S',3,44,1),(325,'S',4,44,1),(326,'A',5,44,1),(327,'E',6,44,1),(328,'E',7,44,1),(490,'B',1,527,1),(491,'S',2,527,1),(492,'S',3,527,1),(493,'S',4,527,1),(494,'S',5,527,1),(495,'S',6,527,1),(496,'S',7,527,1),(497,'B',1,528,1),(498,'B',2,528,1),(499,'S',3,528,1),(500,'S',4,528,1),(501,'S',5,528,1),(502,'S',6,528,1),(503,'S',7,528,1),(504,'B',1,526,1),(505,'S',2,526,1),(506,'S',3,526,1),(507,'S',4,526,1),(508,'S',5,526,1),(509,'S',6,526,1),(510,'S',7,526,1),(511,'B',1,529,1),(512,'B',2,529,1),(513,'B',3,529,1),(514,'S',4,529,1),(515,'B',5,529,1),(516,'S',6,529,1),(517,'S',7,529,1),(518,'S',1,478,1),(519,'S',2,478,1),(520,'S',3,478,1),(521,'S',4,478,1),(522,'S',5,478,1),(523,'S',6,478,1),(524,'S',7,478,1),(525,'S',1,622,1),(526,'S',2,622,1),(527,'S',3,622,1),(528,'S',4,622,1),(529,'B',5,622,1),(530,'S',6,622,1),(531,'S',7,622,1),(532,'B',1,532,1),(533,'B',2,532,1),(534,'B',3,532,1),(535,'B',4,532,1),(536,'S',5,532,1),(537,'S',6,532,1),(538,'S',7,532,1),(539,'B',1,29,1),(540,'B',2,29,1),(541,'S',3,29,1),(542,'S',4,29,1),(543,'S',5,29,1),(544,'S',6,29,1),(545,'S',7,29,1),(546,'S',1,32,1),(547,'S',2,32,1),(548,'S',3,32,1),(549,'S',4,32,1),(550,'S',5,32,1),(551,'S',6,32,1),(552,'S',7,32,1),(553,'B',1,37,1),(554,'B',2,37,1),(555,'S',3,37,1),(556,'S',4,37,1),(557,'S',5,37,1),(558,'S',6,37,1),(559,'S',7,37,1),(560,'A',1,617,1),(561,'A',2,617,1),(562,'A',3,617,1),(563,'B',4,617,1),(564,'A',5,617,1),(565,'A',6,617,1),(566,'S',7,617,1),(567,'A',1,538,1),(568,'A',2,538,1),(569,'A',3,538,1),(570,'A',4,538,1),(571,'A',5,538,1),(572,'A',6,538,1),(573,'E',7,538,1),(574,'A',1,536,1),(575,'A',2,536,1),(576,'A',3,536,1),(577,'A',4,536,1),(578,'A',5,536,1),(579,'S',6,536,1),(580,'E',7,536,1),(581,'A',1,535,1),(582,'A',2,535,1),(583,'A',3,535,1),(584,'A',4,535,1),(585,'A',5,535,1),(586,'E',6,535,1),(587,'E',7,535,1),(588,'A',1,18,1),(589,'A',2,18,1),(590,'S',3,18,1),(591,'A',4,18,1),(592,'A',5,18,1),(593,'E',6,18,1),(594,'E',7,18,1),(595,'A',1,628,1),(596,'A',2,628,1),(597,'A',3,628,1),(598,'A',4,628,1),(599,'A',5,628,1),(600,'E',6,628,1),(601,'E',7,628,1),(602,'A',2,46,1),(603,'A',1,46,1),(604,'A',3,46,1),(605,'A',4,46,1),(606,'A',5,46,1),(607,'E',6,46,1),(608,'E',7,46,1),(609,'A',1,537,1),(610,'A',2,537,1),(611,'A',3,537,1),(612,'A',4,537,1),(613,'A',5,537,1),(614,'S',6,537,1),(615,'E',7,537,1),(616,'A',1,50,1),(617,'A',2,50,1),(618,'A',3,50,1),(619,'A',4,50,1),(620,'A',5,50,1),(621,'E',6,50,1),(622,'E',7,50,1),(623,'A',1,534,1),(624,'A',2,534,1),(625,'A',3,534,1),(626,'A',4,534,1),(627,'A',5,534,1),(628,'S',6,534,1),(629,'E',7,534,1),(630,'A',1,54,1),(631,'A',2,54,1),(632,'S',3,54,1),(633,'A',4,54,1),(634,'A',5,54,1),(635,'E',6,54,1),(636,'E',7,54,1),(637,'A',1,35,2),(638,'S',1,40,2),(639,'S',1,38,2),(640,'A',1,18,2),(641,'A',1,628,2),(642,'A',2,628,2),(643,'A',2,18,2),(644,'S',2,38,2),(645,'S',2,40,2),(646,'S',2,35,2),(647,'S',3,628,2),(648,'S',3,18,2),(649,'S',3,38,2),(650,'S',3,40,2),(651,'S',3,35,2),(652,'A',4,628,2),(653,'A',4,18,2),(654,'A',4,38,2),(655,'S',4,40,2),(656,'A',4,35,2),(657,'A',5,628,2),(658,'A',5,18,2),(659,'A',5,38,2),(660,'S',5,40,2),(661,'A',5,35,2),(662,'S',6,628,2),(663,'S',6,18,2),(664,'S',6,38,2),(665,'A',6,40,2),(666,'S',6,35,2),(667,'E',7,628,2),(668,'E',7,18,2),(669,'E',7,38,2),(670,'S',7,40,2),(671,'E',7,35,2),(672,'S',1,46,2),(673,'S',1,34,2),(674,'A',1,23,2),(675,'S',1,24,2),(676,'S',2,46,2),(677,'S',2,34,2),(678,'A',2,23,2),(679,'S',2,24,2),(680,'S',3,46,2),(681,'S',3,34,2),(682,'S',3,23,2),(683,'S',3,24,2),(684,'S',4,46,2),(685,'S',4,34,2),(686,'A',4,23,2),(687,'S',4,24,2),(688,'S',5,46,2),(689,'S',5,34,2),(690,'A',5,23,2),(691,'S',5,24,2),(692,'E',6,46,2),(693,'E',6,34,2),(694,'S',6,23,2),(695,'S',6,24,2),(696,'E',7,46,2),(697,'E',7,34,2),(698,'E',7,23,2),(699,'E',7,24,2),(700,'A',1,25,2),(701,'S',1,36,2),(702,'S',1,534,2),(703,'S',1,26,2),(704,'S',2,26,2),(705,'S',2,534,2),(706,'S',2,36,2),(707,'A',2,25,2),(708,'A',3,25,2),(709,'S',3,36,2),(710,'S',3,534,2),(711,'S',3,26,2),(712,'S',4,26,2),(713,'S',4,534,2),(714,'S',4,36,2),(715,'A',4,25,2),(716,'S',5,26,2),(717,'S',5,534,2),(718,'S',5,36,2),(719,'A',5,25,2),(720,'E',6,26,2),(721,'E',6,534,2),(722,'E',6,36,2),(723,'S',6,25,2),(724,'E',7,25,2),(725,'E',7,36,2),(726,'E',7,534,2),(727,'E',7,26,2),(728,'S',1,30,2),(729,'S',1,42,2),(730,'S',1,31,2),(731,'S',1,41,2),(732,'S',1,33,2),(733,'S',2,30,2),(734,'S',2,42,2),(735,'S',2,31,2),(736,'A',2,41,2),(737,'S',2,33,2),(738,'S',3,33,2),(739,'S',3,41,2),(740,'S',3,31,2),(741,'S',3,30,2),(742,'S',3,42,2),(743,'S',4,33,2),(744,'S',4,41,2),(745,'S',4,31,2),(746,'S',4,42,2),(747,'S',4,30,2),(748,'S',5,30,2),(749,'S',5,42,2),(750,'S',5,31,2),(751,'A',5,41,2),(752,'S',5,33,2),(753,'E',6,30,2),(754,'S',6,42,2),(755,'E',6,31,2),(756,'E',6,41,2),(757,'E',6,33,2),(758,'E',7,30,2),(759,'E',7,42,2),(760,'E',7,31,2),(761,'E',7,41,2),(762,'E',7,33,2),(763,'A',1,28,2),(764,'S',1,43,2),(765,'A',1,39,2),(766,'A',2,28,2),(767,'S',2,43,2),(768,'A',2,39,2),(769,'S',3,28,2),(770,'S',3,43,2),(771,'A',3,39,2),(772,'A',4,28,2),(773,'S',4,43,2),(774,'A',4,39,2),(775,'A',5,28,2),(776,'S',5,43,2),(777,'A',5,39,2),(778,'S',6,28,2),(779,'E',6,43,2),(780,'S',6,39,2),(781,'E',7,28,2),(782,'E',7,43,2),(783,'E',7,39,2),(784,'A',1,538,2),(785,'S',1,54,2),(786,'A',1,27,2),(787,'S',1,536,2),(788,'A',1,537,2),(789,'A',2,537,2),(790,'S',2,536,2),(791,'A',2,27,2),(792,'S',2,54,2),(793,'A',2,538,2),(794,'A',3,537,2),(795,'A',3,536,2),(796,'A',3,27,2),(797,'S',3,54,2),(798,'A',3,538,2),(799,'A',4,537,2),(800,'S',4,536,2),(801,'A',4,27,2),(802,'S',4,54,2),(803,'A',4,538,2),(804,'A',5,538,2),(805,'S',5,54,2),(806,'A',5,27,2),(807,'S',5,536,2),(808,'A',5,537,2),(809,'E',6,537,2),(810,'E',6,536,2),(811,'S',6,27,2),(812,'E',6,54,2),(813,'E',6,538,2),(814,'E',7,537,2),(815,'E',7,536,2),(816,'S',7,27,2),(817,'E',7,54,2),(818,'E',7,538,2),(819,'S',1,44,2),(820,'S',1,22,2),(821,'S',1,535,2),(822,'S',2,44,2),(823,'S',2,22,2),(824,'S',2,535,2),(825,'A',3,44,2),(826,'A',3,22,2),(827,'A',3,535,2),(828,'S',5,44,2),(829,'S',5,22,2),(830,'S',5,535,2),(831,'E',6,44,2),(832,'E',6,22,2),(833,'E',6,535,2),(834,'E',7,44,2),(835,'E',7,22,2),(836,'E',7,535,2),(837,'S',4,44,2),(838,'S',4,22,2),(839,'A',1,526,2),(840,'A',1,1,2),(841,'E',1,9,2),(842,'S',1,17,2),(843,'A',1,3,2),(844,'S',2,3,2),(845,'S',2,17,2),(846,'E',2,9,2),(847,'S',2,1,2),(848,'B',2,526,2),(849,'S',3,3,2),(850,'S',3,17,2),(851,'E',3,9,2),(852,'S',3,1,2),(853,'E',3,526,2),(854,'S',4,526,2),(855,'S',4,1,2),(856,'E',4,9,2),(857,'S',4,17,2),(858,'S',4,3,2),(859,'S',5,526,2),(860,'S',5,1,2),(861,'A',5,9,2),(862,'S',5,17,2),(863,'A',5,3,2),(864,'E',6,526,2),(865,'E',6,1,2),(866,'E',6,9,2),(867,'E',6,17,2),(868,'S',6,3,2),(869,'E',7,3,2),(870,'E',7,17,2),(871,'E',7,9,2),(872,'E',7,1,2),(873,'E',7,526,2),(874,'A',1,19,2),(875,'A',1,527,2),(876,'A',1,7,2),(877,'S',2,7,2),(878,'S',2,527,2),(879,'S',2,19,2),(880,'S',3,7,2),(881,'S',3,527,2),(882,'S',3,19,2),(883,'S',4,19,2),(884,'S',4,527,2),(885,'S',4,7,2),(886,'A',5,19,2),(887,'S',5,527,2),(888,'A',5,7,2),(889,'E',6,7,2),(890,'E',6,527,2),(891,'S',6,19,2),(892,'E',7,7,2),(893,'E',7,527,2),(894,'E',7,19,2),(895,'A',1,29,2),(896,'S',1,37,2),(897,'S',1,20,2),(898,'S',1,494,2),(899,'A',1,524,2),(900,'S',2,524,2),(901,'S',2,494,2),(902,'S',2,20,2),(903,'S',2,37,2),(904,'A',2,29,2),(905,'S',3,29,2),(906,'S',3,37,2),(907,'S',3,20,2),(908,'S',3,494,2),(909,'S',3,524,2),(910,'S',4,524,2),(911,'S',4,494,2),(912,'S',4,20,2),(913,'S',4,37,2),(914,'S',4,29,2),(915,'A',5,524,2),(916,'E',5,494,2),(917,'S',5,20,2),(918,'S',5,37,2),(919,'E',5,29,2),(920,'E',6,524,2),(921,'E',6,494,2),(922,'E',6,20,2),(923,'E',6,37,2),(924,'E',6,29,2),(925,'E',7,524,2),(926,'E',7,494,2),(927,'E',7,20,2),(928,'E',7,37,2),(929,'E',7,29,2),(930,'A',1,525,2),(931,'A',1,529,2),(932,'A',1,528,2),(933,'S',2,528,2),(934,'S',2,529,2),(935,'S',2,525,2),(936,'S',3,525,2),(937,'S',3,529,2),(938,'S',3,528,2),(939,'S',4,525,2),(940,'S',4,529,2),(941,'S',4,528,2),(942,'S',5,528,2),(943,'S',5,529,2),(944,'S',5,525,2),(945,'E',6,528,2),(946,'E',6,529,2),(947,'E',6,525,2),(948,'E',7,525,2),(949,'E',7,529,2),(950,'E',7,528,2),(951,'A',1,523,2),(952,'A',2,523,2),(953,'S',3,523,2),(954,'S',4,523,2),(955,'A',5,523,2),(956,'E',6,523,2),(957,'E',7,523,2),(958,'A',1,8,2),(959,'A',1,16,2),(960,'S',1,10,2),(961,'A',1,4,2),(962,'S',2,8,2),(963,'S',2,16,2),(964,'S',2,10,2),(965,'S',2,4,2),(966,'S',3,8,2),(967,'S',3,16,2),(968,'S',3,10,2),(969,'S',3,4,2),(970,'S',4,8,2),(971,'S',4,16,2),(972,'S',4,10,2),(973,'S',4,4,2),(974,'S',5,8,2),(975,'A',5,16,2),(976,'E',5,10,2),(977,'E',5,4,2),(978,'E',6,4,2),(979,'E',6,10,2),(980,'E',6,16,2),(981,'E',6,8,2),(982,'E',7,8,2),(983,'E',7,16,2),(984,'E',7,10,2),(985,'E',7,4,2),(986,'E',1,478,2),(987,'A',1,21,2),(988,'S',1,13,2),(989,'A',1,15,2),(990,'E',2,478,2),(991,'S',2,21,2),(992,'S',2,13,2),(993,'S',2,15,2),(994,'E',3,478,2),(995,'S',3,21,2),(996,'S',3,13,2),(997,'S',3,15,2),(998,'E',4,478,2),(999,'S',4,21,2),(1000,'S',4,13,2),(1001,'S',4,15,2),(1002,'E',5,478,2),(1003,'S',5,21,2),(1004,'S',5,13,2),(1005,'S',5,15,2),(1006,'E',6,478,2),(1007,'E',6,21,2),(1008,'E',6,13,2),(1009,'E',6,15,2),(1010,'E',7,478,2),(1011,'E',7,21,2),(1012,'E',7,13,2),(1013,'E',7,15,2),(1014,'A',1,531,2),(1015,'S',1,32,2),(1016,'A',1,530,2),(1017,'A',1,12,2),(1018,'A',1,622,2),(1019,'S',2,531,2),(1020,'S',2,32,2),(1021,'S',2,530,2),(1022,'S',2,12,2),(1023,'S',2,622,2),(1024,'S',3,531,2),(1025,'S',3,32,2),(1026,'S',3,530,2),(1027,'S',3,12,2),(1028,'S',3,622,2),(1029,'S',4,531,2),(1030,'S',4,32,2),(1031,'S',4,530,2),(1032,'S',4,12,2),(1033,'S',4,622,2),(1034,'E',5,531,2),(1035,'S',5,32,2),(1036,'A',5,530,2),(1037,'S',5,12,2),(1038,'A',5,622,2),(1039,'S',6,531,2),(1040,'E',6,32,2),(1041,'E',6,530,2),(1042,'E',6,622,2),(1043,'E',6,12,2),(1044,'S',7,531,2),(1045,'E',7,32,2),(1046,'E',7,530,2),(1047,'E',7,12,2),(1048,'E',7,622,2),(1049,'A',1,5,2),(1050,'S',1,6,2),(1051,'A',1,532,2),(1052,'A',2,532,2),(1053,'S',2,6,2),(1054,'A',2,5,2),(1055,'S',3,5,2),(1056,'S',3,6,2),(1057,'S',3,532,2),(1058,'S',4,5,2),(1059,'S',4,6,2),(1060,'S',4,532,2),(1061,'E',5,5,2),(1062,'E',5,6,2),(1063,'S',5,532,2),(1064,'E',6,5,2),(1065,'E',6,6,2),(1066,'E',6,532,2),(1067,'E',7,5,2),(1068,'E',7,6,2),(1069,'E',7,532,2),(1070,'S',1,494,1),(1071,'S',2,494,1),(1072,'S',3,494,1),(1073,'S',4,494,1),(1074,'S',5,494,1),(1075,'S',6,494,1),(1076,'S',7,494,1),(1077,'B',1,530,1),(1078,'S',2,530,1),(1079,'S',3,530,1),(1080,'S',4,530,1),(1081,'S',5,530,1),(1082,'S',6,530,1),(1083,'S',7,530,1),(1084,'S',1,531,1),(1085,'S',2,531,1),(1086,'A',3,531,1),(1087,'S',4,531,1),(1088,'B',5,531,1),(1089,'B',6,531,1),(1090,'B',7,531,1);
/*!40000 ALTER TABLE `notasprescolar` ENABLE KEYS */;
UNLOCK TABLES;

--
-- Table structure for table `perfil`
--

DROP TABLE IF EXISTS `perfil`;
/*!40101 SET @saved_cs_client     = @@character_set_client */;
 SET character_set_client = utf8mb4 ;
CREATE TABLE `perfil` (
  `idperfil` int(11) NOT NULL AUTO_INCREMENT,
  `nombre_colegio` varchar(150) NOT NULL,
  `direccion` varchar(255) NOT NULL,
  `municipio` varchar(100) NOT NULL,
  `departamento` varchar(100) NOT NULL,
  `logo_url` varchar(255) NOT NULL,
  PRIMARY KEY (`idperfil`)
) ENGINE=InnoDB AUTO_INCREMENT=2 DEFAULT CHARSET=latin1;
/*!40101 SET character_set_client = @saved_cs_client */;

--
-- Dumping data for table `perfil`
--

LOCK TABLES `perfil` WRITE;
/*!40000 ALTER TABLE `perfil` DISABLE KEYS */;
INSERT INTO `perfil` VALUES (1,'INSTITUCION EDUCATIVA TECNICA AGROPECUARIA RURAL DE CONEJO','Conejo','Fonseca','La Guajira','img/IETAGRU.jpg');
/*!40000 ALTER TABLE `perfil` ENABLE KEYS */;
UNLOCK TABLES;

--
-- Table structure for table `periodo`
--

DROP TABLE IF EXISTS `periodo`;
/*!40101 SET @saved_cs_client     = @@character_set_client */;
 SET character_set_client = utf8mb4 ;
CREATE TABLE `periodo` (
  `idperiodo` int(11) NOT NULL AUTO_INCREMENT,
  `periodo` int(11) DEFAULT NULL,
  `calificable` tinyint(4) DEFAULT NULL,
  `modificable` tinyint(4) DEFAULT NULL,
  PRIMARY KEY (`idperiodo`)
) ENGINE=InnoDB AUTO_INCREMENT=6 DEFAULT CHARSET=utf8;
/*!40101 SET character_set_client = @saved_cs_client */;

--
-- Dumping data for table `periodo`
--

LOCK TABLES `periodo` WRITE;
/*!40000 ALTER TABLE `periodo` DISABLE KEYS */;
INSERT INTO `periodo` VALUES (1,1,0,0),(2,2,0,0),(3,3,0,0),(4,4,0,0),(5,5,0,0);
/*!40000 ALTER TABLE `periodo` ENABLE KEYS */;
UNLOCK TABLES;

--
-- Table structure for table `tipovinculacion`
--

DROP TABLE IF EXISTS `tipovinculacion`;
/*!40101 SET @saved_cs_client     = @@character_set_client */;
 SET character_set_client = utf8mb4 ;
CREATE TABLE `tipovinculacion` (
  `idtipoVinculacion` int(11) NOT NULL AUTO_INCREMENT,
  `nombre` varchar(255) DEFAULT NULL,
  PRIMARY KEY (`idtipoVinculacion`)
) ENGINE=InnoDB AUTO_INCREMENT=4 DEFAULT CHARSET=utf8;
/*!40101 SET character_set_client = @saved_cs_client */;

--
-- Dumping data for table `tipovinculacion`
--

LOCK TABLES `tipovinculacion` WRITE;
/*!40000 ALTER TABLE `tipovinculacion` DISABLE KEYS */;
INSERT INTO `tipovinculacion` VALUES (1,'Propiedad'),(2,'Provisional'),(3,'Sistema general de Participacion');
/*!40000 ALTER TABLE `tipovinculacion` ENABLE KEYS */;
UNLOCK TABLES;

--
-- Table structure for table `tmp`
--

DROP TABLE IF EXISTS `tmp`;
/*!40101 SET @saved_cs_client     = @@character_set_client */;
 SET character_set_client = utf8mb4 ;
CREATE TABLE `tmp` (
  `id_tmp` int(11) NOT NULL AUTO_INCREMENT,
  `definitiva` decimal(10,1) DEFAULT NULL,
  `periodo` int(11) DEFAULT NULL,
  `asignaturas` int(11) DEFAULT NULL,
  `session_id` varchar(100) CHARACTER SET utf8 COLLATE utf8_unicode_ci NOT NULL,
  `notaprescolar` varchar(45) CHARACTER SET utf8 COLLATE utf8_unicode_ci DEFAULT NULL,
  `areaprescolar` varchar(45) CHARACTER SET utf8 COLLATE utf8_unicode_ci DEFAULT NULL,
  `estudiante_grupo` int(11) DEFAULT NULL,
  PRIMARY KEY (`id_tmp`)
) ENGINE=InnoDB AUTO_INCREMENT=12210 DEFAULT CHARSET=utf8 COLLATE=utf8_unicode_ci;
/*!40101 SET character_set_client = @saved_cs_client */;

--
-- Dumping data for table `tmp`
--

LOCK TABLES `tmp` WRITE;
/*!40000 ALTER TABLE `tmp` DISABLE KEYS */;
/*!40000 ALTER TABLE `tmp` ENABLE KEYS */;
UNLOCK TABLES;
/*!40103 SET TIME_ZONE=@OLD_TIME_ZONE */;

/*!40101 SET SQL_MODE=@OLD_SQL_MODE */;
/*!40014 SET FOREIGN_KEY_CHECKS=@OLD_FOREIGN_KEY_CHECKS */;
/*!40014 SET UNIQUE_CHECKS=@OLD_UNIQUE_CHECKS */;
/*!40101 SET CHARACTER_SET_CLIENT=@OLD_CHARACTER_SET_CLIENT */;
/*!40101 SET CHARACTER_SET_RESULTS=@OLD_CHARACTER_SET_RESULTS */;
/*!40101 SET COLLATION_CONNECTION=@OLD_COLLATION_CONNECTION */;
/*!40111 SET SQL_NOTES=@OLD_SQL_NOTES */;

-- Dump completed on 2019-09-25 21:19:06
